{"type": "FeatureCollection", "features": [{"type": "Feature", "properties": {"name": "Central to Dulwich Hill", "ref": "L1", "mode": "light_rail", "network": "Sydney Light Rail", "from": "Central", "to": "Dulwich Hill"}, "geometry": {"type": "MultiLineString", "coordinates": [[[151.2064437, -33.8822228], [151.2063328, -33.8821649]], [[151.2063328, -33.8821649], [151.2063066, -33.8821439], [151.2062888, -33.8821241], [151.2062734, -33.882096], [151.2062646, -33.882062], [151.2062622, -33.8820184]], [[151.2062622, -33.8820184], [151.2062713, -33.8819683], [151.2062864, -33.8819366], [151.206305, -33.8819076]], [[151.206305, -33.8819076], [151.2069911, -33.8810347]], [[151.2069911, -33.8810347], [151.207065, -33.8809323], [151.2071131, -33.880762], [151.2071464, -33.8806355], [151.2072172, -33.8803762]], [[151.2072172, -33.8803762], [151.2072206, -33.8803488], [151.2072219, -33.8803229], [151.2072198, -33.8803066], [151.2072171, -33.8802886], [151.2072126, -33.8802727], [151.2072078, -33.8802592]], [[151.2072078, -33.8802592], [151.2071947, -33.8802342], [151.2071841, -33.8802181], [151.2071753, -33.8802065], [151.2071657, -33.880195], [151.2071512, -33.8801812], [151.2071376, -33.8801695], [151.2071229, -33.8801586], [151.2071064, -33.8801479], [151.2070868, -33.8801382]], [[151.2070868, -33.8801382], [151.2070769, -33.8801332], [151.2070547, -33.8801247], [151.2070212, -33.8801148], [151.2068985, -33.8800872], [151.2068042, -33.8800683]], [[151.2068042, -33.8800683], [151.2067875, -33.8800644], [151.2064674, -33.8800008], [151.2061113, -33.8799323], [151.2059297, -33.879895]], [[151.2059297, -33.879895], [151.2059077, -33.8798905], [151.2058941, -33.8798876], [151.2058445, -33.8798772], [151.2057719, -33.8798589], [151.2057078, -33.8798415], [151.2056727, -33.8798304], [151.2056094, -33.8798094], [151.2054859, -33.8797613], [151.2054564, -33.8797506], [151.2054424, -33.879746]], [[151.2054424, -33.879746], [151.2054231, -33.8797388], [151.2053542, -33.8797159], [151.2053075, -33.8796989], [151.2052677, -33.8796861], [151.2052135, -33.8796702]], [[151.2052135, -33.8796702], [151.205174, -33.8796592], [151.2051425, -33.8796511], [151.2050914, -33.8796389], [151.2050027, -33.8796209], [151.204964, -33.8796134], [151.2049087, -33.879605], [151.2048648, -33.8795986], [151.2048273, -33.8795921], [151.2047853, -33.879587], [151.2046408, -33.8795726]], [[151.2046408, -33.8795726], [151.2045213, -33.8795611], [151.2042806, -33.8795394], [151.2041877, -33.8795302], [151.2040627, -33.8795156], [151.2035553, -33.8794435]], [[151.2035553, -33.8794435], [151.2026832, -33.8793196], [151.2023046, -33.8792669], [151.2012594, -33.8791493], [151.201233, -33.8791467], [151.2011972, -33.8791433], [151.2011519, -33.8791389]], [[151.2011519, -33.8791389], [151.2010636, -33.8791208], [151.2009997, -33.879109], [151.2009425, -33.8790969]], [[151.2009425, -33.8790969], [151.200825, -33.8790603], [151.2007363, -33.8790146], [151.2006718, -33.8789658], [151.2006164, -33.8789032]], [[151.2006164, -33.8789032], [151.2005866, -33.8788648], [151.200183, -33.8781698], [151.19985, -33.8776086]], [[151.19985, -33.8776086], [151.199738, -33.8774199]], [[151.199738, -33.8774199], [151.1997194, -33.8773886], [151.1996028, -33.8771921], [151.1995297, -33.8770614]], [[151.1995297, -33.8770614], [151.1995231, -33.8770497], [151.1993266, -33.8767373], [151.1992547, -33.8766045], [151.1991397, -33.876386], [151.1990979, -33.8762961]], [[151.1990979, -33.8762961], [151.1988377, -33.8757901]], [[151.1988377, -33.8757901], [151.1987486, -33.8756215]], [[151.1987486, -33.8756215], [151.1986538, -33.8754125]], [[151.1986538, -33.8754125], [151.1984471, -33.8750279], [151.1983908, -33.8749027], [151.1983539, -33.8748194], [151.1983332, -33.8747695]], [[151.1983332, -33.8747695], [151.1983022, -33.8746873], [151.1982702, -33.874602], [151.1982535, -33.8745465], [151.1982364, -33.8744845], [151.1982226, -33.8744284], [151.1982118, -33.8743762], [151.198203, -33.8743359]], [[151.198203, -33.8743359], [151.1981942, -33.8742989], [151.1981764, -33.8742093], [151.1981615, -33.8741158], [151.198147, -33.8740002], [151.1980764, -33.8733968], [151.198054, -33.8732357], [151.1980392, -33.8731242], [151.1980309, -33.8730368], [151.1980275, -33.8729643], [151.1980262, -33.8729002], [151.1980271, -33.8728608]], [[151.1980271, -33.8728608], [151.1980281, -33.8728214], [151.1980489, -33.8726035], [151.1980661, -33.8724253]], [[151.1980661, -33.8724253], [151.1980695, -33.8723895], [151.1981723, -33.8714895], [151.1982276, -33.8709963], [151.1982326, -33.8708206], [151.1982224, -33.8707182]], [[151.1982224, -33.8707182], [151.1981867, -33.8705993], [151.1981433, -33.8704818], [151.1979329, -33.8698726], [151.1978199, -33.8696867], [151.1977946, -33.8696626]], [[151.1977946, -33.8696626], [151.197652, -33.8695224], [151.1975871, -33.86946], [151.1974916, -33.8693699]], [[151.1974916, -33.8693699], [151.1973765, -33.8692692], [151.1973389, -33.869239], [151.1972898, -33.8692054], [151.197249, -33.8691795], [151.1971525, -33.8691224], [151.1970324, -33.8690741], [151.1969118, -33.8690293], [151.1965975, -33.868908], [151.1964234, -33.8688316]], [[151.1964234, -33.8688316], [151.1963188, -33.868785], [151.1962733, -33.8687662], [151.1962158, -33.8687374]], [[151.1962158, -33.8687374], [151.1960542, -33.8686409], [151.1957708, -33.8683923]], [[151.1957708, -33.8683923], [151.1957195, -33.8683373], [151.1956827, -33.8682904], [151.1956235, -33.8681956], [151.1955447, -33.8680809], [151.1953294, -33.8677673], [151.1952736, -33.8676898], [151.1952266, -33.8676132], [151.1951995, -33.8675711], [151.1951515, -33.8675054], [151.1951046, -33.8674452], [151.1950793, -33.8674156], [151.1950447, -33.8673837]], [[151.1950447, -33.8673837], [151.1947992, -33.8671835], [151.1947744, -33.8671634], [151.1945011, -33.867006], [151.1943052, -33.8669481], [151.1940451, -33.8669078], [151.1938456, -33.8668956], [151.1934804, -33.8669032]], [[151.1934804, -33.8669032], [151.1933236, -33.8669195], [151.1931646, -33.8669426], [151.1930754, -33.8669604], [151.1929862, -33.8669821], [151.1928745, -33.8670158], [151.1927394, -33.8670647], [151.1926166, -33.8671168]], [[151.1926166, -33.8671168], [151.1925353, -33.8671531], [151.1924323, -33.8672048], [151.1923247, -33.8672614]], [[151.1923247, -33.8672614], [151.1923007, -33.867274], [151.1922706, -33.8672936], [151.1922676, -33.8672953], [151.1922092, -33.8673325], [151.1921083, -33.8673973], [151.191978, -33.867492]], [[151.191978, -33.867492], [151.1919344, -33.8675283], [151.1919066, -33.8675513]], [[151.1919066, -33.8675513], [151.1918789, -33.8675743], [151.1915359, -33.867859], [151.1913873, -33.868042], [151.1913368, -33.8681407], [151.1912441, -33.8683222], [151.1911387, -33.8685922], [151.1911057, -33.8688685]], [[151.1911057, -33.8688685], [151.191091, -33.8691638], [151.1911232, -33.8694287], [151.1911725, -33.869637], [151.1912594, -33.8698526], [151.191374, -33.8700674], [151.1915152, -33.8702551], [151.1916975, -33.8704463], [151.1917098, -33.8704559]], [[151.1917098, -33.8704559], [151.1919002, -33.870597]], [[151.1919002, -33.870597], [151.1919354, -33.8706214], [151.1922589, -33.8707994]], [[151.1922589, -33.8707994], [151.192456, -33.870914], [151.1926662, -33.8710416]], [[151.1926662, -33.8710416], [151.1927362, -33.8710796], [151.1930676, -33.8712566], [151.1931852, -33.8713297], [151.1932837, -33.8713958], [151.1933398, -33.8714389], [151.1934157, -33.8715016], [151.1934923, -33.8715677], [151.1936478, -33.8717166], [151.1938509, -33.8719364]], [[151.1938509, -33.8719364], [151.1941428, -33.8723322]], [[151.1941428, -33.8723322], [151.1941899, -33.8724186], [151.1942531, -33.8725269], [151.1942981, -33.872626], [151.1943374, -33.87273], [151.194363, -33.8728077], [151.1943913, -33.8729122]], [[151.1943913, -33.8729122], [151.1944226, -33.8730299], [151.1944459, -33.8732002], [151.194455, -33.8732934], [151.1944562, -33.8733913], [151.1944456, -33.8734962], [151.1944149, -33.873666], [151.1943841, -33.8737681]], [[151.1943841, -33.8737681], [151.1943517, -33.8738711], [151.1943196, -33.8739608], [151.1942858, -33.874042], [151.1942411, -33.8741358], [151.1942017, -33.8742061], [151.1941781, -33.8742422]], [[151.1941781, -33.8742422], [151.1941406, -33.8742996], [151.1940598, -33.874406], [151.19399, -33.8744894], [151.1939209, -33.8745661], [151.1938733, -33.8746179]], [[151.1938733, -33.8746179], [151.1937614, -33.874721], [151.1936923, -33.8747779], [151.193594, -33.8748591], [151.1934958, -33.8749248]], [[151.1934958, -33.8749248], [151.193252, -33.8750852]], [[151.193252, -33.8750852], [151.1931777, -33.8751311], [151.1930638, -33.875201], [151.1929044, -33.8752816], [151.192816, -33.8753249], [151.1927279, -33.8753644], [151.1926228, -33.8754059], [151.1925275, -33.8754415], [151.1924197, -33.875474], [151.1923036, -33.8755053], [151.1922059, -33.8755274], [151.1920894, -33.8755505], [151.191946, -33.8755742], [151.191777, -33.875602], [151.1914015, -33.8756645], [151.1912035, -33.8757092], [151.1909972, -33.8757629], [151.1908734, -33.8758019], [151.1907689, -33.8758427], [151.1906595, -33.8758919], [151.1905298, -33.875964]], [[151.1905298, -33.875964], [151.1903035, -33.8760932]], [[151.1903035, -33.8760932], [151.1900671, -33.876218]], [[151.1900671, -33.876218], [151.1899116, -33.8763072]], [[151.1899116, -33.8763072], [151.189349, -33.8766112], [151.1890392, -33.8767794], [151.188745, -33.8769443]], [[151.188745, -33.8769443], [151.1885675, -33.8770268]], [[151.1885675, -33.8770268], [151.1884122, -33.8770769], [151.1883242, -33.8771024], [151.188238, -33.8771252], [151.1881404, -33.8771484], [151.1880369, -33.8771662], [151.1879349, -33.8771807]], [[151.1879349, -33.8771807], [151.1877364, -33.8772028], [151.1875826, -33.8772173]], [[151.1875826, -33.8772173], [151.1874341, -33.8772304], [151.1873516, -33.8772325], [151.1872618, -33.8772318], [151.1871782, -33.8772273], [151.1871137, -33.8772232], [151.1870926, -33.8772196]], [[151.1870926, -33.8772196], [151.1868258, -33.8771743], [151.1867732, -33.8771605]], [[151.1867732, -33.8771605], [151.179793, -33.8754081], [151.179671, -33.8753927], [151.1794942, -33.8753873], [151.1793036, -33.8754022], [151.1790604, -33.8754136]], [[151.1790604, -33.8754136], [151.1787048, -33.8754394], [151.1784821, -33.8754526], [151.1783567, -33.875462]], [[151.1783567, -33.875462], [151.1782179, -33.8754707], [151.1781268, -33.8754751]], [[151.1781268, -33.8754751], [151.1780076, -33.8754806], [151.1778068, -33.8754819], [151.1777207, -33.8754816], [151.1776023, -33.875474], [151.1774697, -33.8754581], [151.1772386, -33.875411], [151.1770496, -33.8753622], [151.1768285, -33.8752923], [151.1766727, -33.8752248], [151.17645, -33.8751037], [151.176312, -33.8750046], [151.1760948, -33.8748358], [151.1759972, -33.8747414], [151.1758883, -33.8746179], [151.1758289, -33.8745434], [151.1757617, -33.8744442], [151.1756657, -33.874283], [151.1756128, -33.8741687], [151.175561, -33.8740402], [151.1755362, -33.8739705], [151.1755124, -33.8738945], [151.17548, -33.8737904]], [[151.17548, -33.8737904], [151.1754394, -33.8736967], [151.1753756, -33.8735592], [151.1752994, -33.8734357], [151.1752168, -33.8733171], [151.175079, -33.8731654]], [[151.175079, -33.8731654], [151.1749906, -33.8730783], [151.1749206, -33.873017], [151.1748415, -33.8729552], [151.1747476, -33.8728883], [151.1745379, -33.8727577]], [[151.1745379, -33.8727577], [151.1739471, -33.8723671], [151.1737499, -33.8722452], [151.1736561, -33.8721881], [151.1735674, -33.8721425], [151.1734713, -33.872095], [151.1733967, -33.8720607]], [[151.1733967, -33.8720607], [151.1733029, -33.8720237], [151.1731989, -33.8719885], [151.1730839, -33.8719569], [151.1729883, -33.871933]], [[151.1729883, -33.871933], [151.1729393, -33.8719213], [151.1728594, -33.8719046], [151.1727711, -33.8718901], [151.1726799, -33.8718803], [151.1725859, -33.8718722], [151.1724704, -33.8718665], [151.172412, -33.8718658], [151.1723537, -33.871867]], [[151.1723537, -33.871867], [151.1722046, -33.8718762], [151.1720701, -33.8718919]], [[151.1720701, -33.8718919], [151.1717636, -33.8719579], [151.1715469, -33.8720267], [151.1713389, -33.8721155], [151.1710755, -33.8722548], [151.1708499, -33.8723977], [151.1706272, -33.8725912], [151.170408, -33.8727892], [151.1702875, -33.8728861], [151.1701723, -33.8729609], [151.1699165, -33.8731349], [151.1695514, -33.8733732], [151.1693676, -33.873488], [151.1691967, -33.8735901], [151.1689871, -33.8737017], [151.1688143, -33.8737804], [151.168636, -33.8738432], [151.1684369, -33.873895], [151.1681778, -33.8739497], [151.1679521, -33.8739745], [151.1672842, -33.874024], [151.1671143, -33.8740369]], [[151.1671143, -33.8740369], [151.1659798, -33.8741241]], [[151.1659798, -33.8741241], [151.1657334, -33.8741441], [151.1652996, -33.8741834]], [[151.1652996, -33.8741834], [151.1652717, -33.8741855]], [[151.1652717, -33.8741855], [151.1650787, -33.8742008], [151.1648341, -33.8742204]], [[151.1648341, -33.8742204], [151.164799, -33.8742236], [151.1643444, -33.8742511]], [[151.1643444, -33.8742511], [151.1640033, -33.8742708], [151.163366, -33.8743074], [151.1623872, -33.874352], [151.1622095, -33.8743627], [151.1620978, -33.8743725], [151.1620002, -33.8743845], [151.1618784, -33.8744014], [151.1617736, -33.874421], [151.1616384, -33.8744502], [151.1615495, -33.8744751], [151.1614527, -33.8745055], [151.1613728, -33.8745325], [151.1612964, -33.8745584], [151.1612125, -33.8745898]], [[151.1612125, -33.8745898], [151.1608908, -33.8747206], [151.1607704, -33.8747631], [151.160676, -33.8747931], [151.1605811, -33.8748192], [151.1604817, -33.8748455], [151.1603673, -33.8748707], [151.1602281, -33.8748962], [151.1600977, -33.8749144]], [[151.1600977, -33.8749144], [151.1593405, -33.8749842], [151.1590517, -33.8750094]], [[151.1590517, -33.8750094], [151.1585177, -33.875055], [151.1582437, -33.8750642], [151.1581677, -33.8750668]], [[151.1581677, -33.8750668], [151.1548911, -33.8749773]], [[151.1548911, -33.8749773], [151.1548341, -33.8749762], [151.1546594, -33.8749745], [151.1545195, -33.8749765], [151.1544056, -33.8749801], [151.1543227, -33.8749827], [151.1542225, -33.8749871], [151.1541194, -33.8749952], [151.1540608, -33.8750005], [151.1539387, -33.8750128], [151.1538228, -33.8750277], [151.1536572, -33.8750473]], [[151.1536572, -33.8750473], [151.153473, -33.8750803], [151.1532276, -33.8751198], [151.1530238, -33.8751526], [151.1528676, -33.8751777], [151.1526848, -33.8752032], [151.1525613, -33.8752247]], [[151.1525613, -33.8752247], [151.1523013, -33.8752683]], [[151.1523013, -33.8752683], [151.1519654, -33.8753244], [151.1516796, -33.8753759], [151.1514367, -33.8754361], [151.1512105, -33.8755065], [151.1510838, -33.8755609], [151.1509065, -33.8756461], [151.1505094, -33.8758927], [151.1497945, -33.8764506], [151.1490251, -33.8770606], [151.1485656, -33.8774331], [151.1482885, -33.8776876], [151.1480027, -33.877995], [151.1477617, -33.8783472], [151.147548, -33.8787306], [151.1474385, -33.8790153], [151.1473863, -33.8791586], [151.1473743, -33.8791932]], [[151.1473743, -33.8791932], [151.1473156, -33.8793628], [151.1472536, -33.8795434], [151.1472126, -33.8796609], [151.1471435, -33.8798595], [151.1471347, -33.8798813]], [[151.1471347, -33.8798813], [151.1470587, -33.8800711], [151.1470044, -33.880177], [151.1468833, -33.8803932], [151.1467242, -33.8806386], [151.1465535, -33.8808445], [151.1463341, -33.8810859], [151.1459318, -33.8815058], [151.1457127, -33.8817736], [151.1456107, -33.8819402], [151.1454843, -33.8821461], [151.1454227, -33.8822816], [151.1453582, -33.8824114], [151.1452776, -33.8826526], [151.1452295, -33.8828099], [151.1451872, -33.8831717], [151.1451748, -33.8833505], [151.1451695, -33.883518]], [[151.1451695, -33.883518], [151.1451686, -33.8835456]], [[151.1451686, -33.8835456], [151.145168, -33.883565], [151.1451408, -33.8840177], [151.1451365, -33.8840706]], [[151.1451365, -33.8840706], [151.1451298, -33.884275]], [[151.1451298, -33.884275], [151.1451225, -33.8844701], [151.1450798, -33.8854511], [151.1450503, -33.8861279], [151.1450543, -33.8865955], [151.1451241, -33.8870576], [151.1452971, -33.8879449], [151.1453172, -33.8882287], [151.1453123, -33.8884521]], [[151.1453123, -33.8884521], [151.1453105, -33.8885349], [151.1452988, -33.8888229], [151.1452913, -33.8890069], [151.1452896, -33.8890497], [151.1452595, -33.8896203]], [[151.1452595, -33.8896203], [151.1452421, -33.8899321]], [[151.1452421, -33.8899321], [151.1452113, -33.8903467], [151.1451368, -33.8908032], [151.1450597, -33.8911472], [151.1448616, -33.8917833]], [[151.1448616, -33.8917833], [151.1448105, -33.8919221], [151.1447567, -33.8920525]], [[151.1447567, -33.8920525], [151.1447356, -33.8920966]], [[151.1447356, -33.8920966], [151.1446995, -33.8921748]], [[151.1446995, -33.8921748], [151.1445854, -33.8923794]], [[151.1445854, -33.8923794], [151.1445734, -33.8924003], [151.144427, -33.8926154], [151.1442813, -33.8928074], [151.1442231, -33.8928931], [151.144167, -33.8929662], [151.1440619, -33.8930895], [151.143788, -33.8934105], [151.1436945, -33.8935228]], [[151.1436945, -33.8935228], [151.1434995, -33.8937596], [151.1434361, -33.8938353], [151.1434033, -33.8938745]], [[151.1434033, -33.8938745], [151.1433948, -33.8938849], [151.1431848, -33.8941402]], [[151.1431848, -33.8941402], [151.1431261, -33.8942116], [151.1429563, -33.8944417], [151.1427101, -33.8948642], [151.1426064, -33.8950719], [151.1424539, -33.8955772], [151.1423668, -33.8960615], [151.1422622, -33.8967194], [151.1421804, -33.8969765], [151.1420784, -33.8972025], [151.1420033, -33.8973516], [151.1419008, -33.8974987], [151.1418186, -33.8976086], [151.1417019, -33.8977377], [151.141578, -33.8978587], [151.1414731, -33.8979464], [151.1413716, -33.8980268], [151.1412688, -33.8981002], [151.1411516, -33.8981776], [151.1409098, -33.8983322], [151.1403138, -33.8987147]], [[151.1403138, -33.8987147], [151.1400467, -33.8988829], [151.1399783, -33.8989273], [151.1399634, -33.8989379]], [[151.1399634, -33.8989379], [151.1399272, -33.8989637], [151.1393906, -33.8993458], [151.1388533, -33.8998654], [151.1384895, -33.9004397], [151.138252, -33.9010321], [151.1382207, -33.901145], [151.1381962, -33.9012539], [151.138178, -33.9013382], [151.13816, -33.9014366], [151.1381478, -33.9015278], [151.1381387, -33.901607], [151.1381316, -33.9016877]], [[151.1381316, -33.9016877], [151.13813, -33.9017062], [151.1381292, -33.9017147], [151.1381265, -33.9017709], [151.1381246, -33.9018412], [151.1381296, -33.902044], [151.138132, -33.9020695]], [[151.138132, -33.9020695], [151.1381523, -33.9022806], [151.1382026, -33.9026828], [151.1383004, -33.9032903], [151.1383787, -33.9036811], [151.1384381, -33.9038642], [151.1385161, -33.9040665], [151.1386303, -33.9043016], [151.1388055, -33.904581], [151.1389853, -33.9048758]], [[151.1389853, -33.9048758], [151.1391255, -33.9050995], [151.1391825, -33.9051939], [151.1392049, -33.9052292]], [[151.1392049, -33.9052292], [151.1392464, -33.9052982], [151.1394524, -33.9056355], [151.1396633, -33.9059135], [151.1397556, -33.9060244], [151.1398177, -33.9061042], [151.1398941, -33.906208], [151.1399511, -33.9062921], [151.1400102, -33.9063953], [151.1400727, -33.9065305], [151.1401262, -33.9066627], [151.1401729, -33.9068165], [151.140202, -33.9069557], [151.1402226, -33.9071103], [151.1402304, -33.9072813], [151.1402237, -33.9074557], [151.1402141, -33.9075783], [151.1401932, -33.9076763], [151.1401425, -33.9078885], [151.140049, -33.9081212], [151.13998, -33.9082638], [151.1397359, -33.9087524], [151.1396749, -33.9089113]], [[151.1397697, -33.9098457], [151.1397131, -33.9096951], [151.1396749, -33.9095621], [151.1396564, -33.9094408], [151.1396433, -33.9093224], [151.1396423, -33.9091686], [151.1396494, -33.9090468], [151.1396749, -33.9089113]], [[151.1397697, -33.9098457], [151.139812, -33.9099355], [151.1398796, -33.9100561], [151.139904, -33.9100995], [151.1399156, -33.9101168]], [[151.1399156, -33.9101168], [151.1399746, -33.9101943], [151.14003, -33.9102663], [151.1400826, -33.9103205]]]}}, {"type": "Feature", "properties": {"name": "Dulwich Hill to Central", "ref": "L1", "mode": "light_rail", "network": "Sydney Light Rail", "from": "Dulwich Hill", "to": "Central"}, "geometry": {"type": "MultiLineString", "coordinates": [[[151.1399156, -33.9101168], [151.1399746, -33.9101943], [151.14003, -33.9102663], [151.1400826, -33.9103205]], [[151.1397697, -33.9098457], [151.139812, -33.9099355], [151.1398796, -33.9100561], [151.139904, -33.9100995], [151.1399156, -33.9101168]], [[151.1397697, -33.9098457], [151.1397131, -33.9096951], [151.1396749, -33.9095621], [151.1396564, -33.9094408], [151.1396433, -33.9093224], [151.1396423, -33.9091686], [151.1396494, -33.9090468], [151.1396749, -33.9089113]], [[151.1396749, -33.9089113], [151.1397199, -33.9087358], [151.1398111, -33.9085197], [151.1400069, -33.9081064], [151.140097, -33.9078844], [151.1401504, -33.9076822], [151.1401709, -33.9075706], [151.1401824, -33.9074488], [151.1401926, -33.9072703], [151.1401805, -33.9071061], [151.1401522, -33.9069239], [151.1401208, -33.9067884], [151.1400765, -33.9066522], [151.1400329, -33.9065442], [151.1399639, -33.9063983], [151.1398793, -33.9062557], [151.1397909, -33.9061353], [151.1397228, -33.9060521], [151.1396271, -33.9059334], [151.1395222, -33.9057996], [151.13944, -33.9056814], [151.1392638, -33.905396], [151.1391668, -33.9052426]], [[151.1391668, -33.9052426], [151.1391447, -33.9052096], [151.1389914, -33.9049618], [151.1389563, -33.9049049], [151.1389419, -33.9048813]], [[151.1389419, -33.9048813], [151.1388946, -33.9048034], [151.1385424, -33.904214], [151.1384568, -33.9040261], [151.1383963, -33.9038641], [151.1383459, -33.9036981], [151.138261, -33.9032877], [151.1381667, -33.9027069], [151.1381016, -33.902229], [151.1380872, -33.9020713]], [[151.1380872, -33.9020713], [151.1380848, -33.9020451], [151.1380817, -33.9019234], [151.1380829, -33.9018415], [151.1380853, -33.9017654], [151.1380889, -33.9017073]], [[151.1380889, -33.9017073], [151.13809, -33.9016888]], [[151.13809, -33.9016888], [151.1380917, -33.9016601], [151.1381061, -33.9015394], [151.1381188, -33.901439], [151.1381381, -33.9013331], [151.1381643, -33.9012116], [151.1382096, -33.9010235], [151.138454, -33.9004271], [151.1388264, -33.8998499], [151.1393624, -33.899322], [151.1399372, -33.8989118]], [[151.1399372, -33.8989118], [151.1399522, -33.8989011], [151.1402356, -33.898716], [151.1402849, -33.8986834]], [[151.1402849, -33.8986834], [151.1405447, -33.8985123], [151.1410862, -33.8981766], [151.1412194, -33.8980863], [151.1413385, -33.8980009], [151.141444, -33.8979169], [151.1415444, -33.8978329], [151.1416714, -33.8977109], [151.141777, -33.8975934], [151.1418678, -33.8974785], [151.1419479, -33.8973641], [151.1420704, -33.8970922], [151.1421691, -33.8968459], [151.1422336, -33.896608], [151.142298, -33.8961702], [151.1423869, -33.8956741], [151.1424285, -33.8954314], [151.1425108, -33.8951861], [151.1426618, -33.8948358], [151.1428207, -33.8945748], [151.1429327, -33.8944044], [151.1430688, -33.8942235], [151.1430793, -33.8942093]], [[151.1430793, -33.8942093], [151.1431514, -33.8941209]], [[151.1431514, -33.8941209], [151.1432235, -33.8940325], [151.1433448, -33.8938907], [151.1433612, -33.8938701]], [[151.1433612, -33.8938701], [151.1434039, -33.8938166], [151.1434308, -33.8937834], [151.1434864, -33.8937145]], [[151.1434864, -33.8937145], [151.1438188, -33.8933227]], [[151.1438188, -33.8933227], [151.1440342, -33.8930687], [151.1440983, -33.8929906], [151.1441733, -33.892899], [151.1442276, -33.8928248], [151.1444374, -33.8925293], [151.1445107, -33.8924293], [151.1445512, -33.8923672]], [[151.1445512, -33.8923672], [151.1446648, -33.8921623]], [[151.1446648, -33.8921623], [151.1447079, -33.8920749]], [[151.1447079, -33.8920749], [151.1447286, -33.8920306]], [[151.1447286, -33.8920306], [151.1447792, -33.8919098], [151.1449247, -33.8914811], [151.1449766, -33.8913247], [151.1450778, -33.8908772], [151.1451335, -33.8905521], [151.1451911, -33.8901157], [151.1451992, -33.8899232]], [[151.1451992, -33.8899232], [151.1452206, -33.8896203]], [[151.1452206, -33.8896203], [151.1452448, -33.889165], [151.1452531, -33.8890057], [151.1452555, -33.8889521], [151.1452718, -33.8884542]], [[151.1452718, -33.8884542], [151.1452748, -33.8883638], [151.1452625, -33.8880526], [151.1452175, -33.8876809], [151.1450624, -33.8869351], [151.1450208, -33.8866746], [151.1450141, -33.8863606], [151.1450141, -33.8860478], [151.1450302, -33.8856704], [151.145045, -33.8852718], [151.1450543, -33.8850068], [151.1450785, -33.8845916], [151.1450906, -33.884274]], [[151.1450906, -33.884274], [151.1450981, -33.8840705]], [[151.1450981, -33.8840705], [151.145123, -33.8836683], [151.1451278, -33.8835648], [151.1451285, -33.8835462]], [[151.1451285, -33.8835462], [151.1451297, -33.8835153]], [[151.1451297, -33.8835153], [151.1451307, -33.8834905], [151.1451508, -33.883139], [151.1451885, -33.8828058], [151.1452268, -33.882654], [151.1453212, -33.8824039], [151.1453774, -33.8822704], [151.145445, -33.8821238], [151.1455025, -33.8820227], [151.1456387, -33.8818135], [151.1458684, -33.8815243], [151.1462993, -33.8810707], [151.1465184, -33.8808326], [151.1466903, -33.8806257], [151.1468355, -33.8803894], [151.1469567, -33.8801735], [151.1470205, -33.8800521], [151.1470958, -33.8798734]], [[151.1470958, -33.8798734], [151.1471595, -33.8797048], [151.1472181, -33.8795343], [151.1472452, -33.8794513], [151.1473384, -33.8791867]], [[151.1473384, -33.8791867], [151.1474151, -33.878969], [151.1475187, -33.8787144], [151.1477191, -33.8783322], [151.1479699, -33.877977], [151.1482596, -33.877663], [151.1485332, -33.8774225], [151.1489959, -33.8770439], [151.1497576, -33.8764338], [151.1504791, -33.8758704], [151.1508761, -33.8756243], [151.1510874, -33.8755222], [151.1512725, -33.8754527], [151.1514825, -33.8753889], [151.1516724, -33.8753423], [151.1518765, -33.8753075], [151.1522931, -33.875237]], [[151.1522931, -33.875237], [151.1525534, -33.8751939]], [[151.1525534, -33.8751939], [151.1526767, -33.875171], [151.1528601, -33.8751469], [151.1530166, -33.8751218], [151.1532204, -33.8750889], [151.1534661, -33.8750493], [151.1536493, -33.8750152]], [[151.1536493, -33.8750152], [151.1539474, -33.8749768], [151.1541158, -33.8749635], [151.1542005, -33.8749572], [151.1543247, -33.8749503], [151.1544289, -33.8749458], [151.1545732, -33.8749422], [151.1547249, -33.874943], [151.1548387, -33.8749453], [151.1548911, -33.8749464]], [[151.1548911, -33.8749464], [151.1581673, -33.8750307]], [[151.1581673, -33.8750307], [151.1587583, -33.874986], [151.1590465, -33.8749694], [151.1595375, -33.874928]], [[151.1595375, -33.874928], [151.1599789, -33.874892], [151.160092, -33.8748787]], [[151.160092, -33.8748787], [151.1601508, -33.8748722], [151.1602382, -33.8748586], [151.1603251, -33.8748437], [151.1604173, -33.8748251], [151.1605072, -33.874803], [151.1606003, -33.8747776], [151.1606995, -33.8747491], [151.1607727, -33.8747251], [151.1608729, -33.8746878], [151.1611895, -33.8745625]], [[151.1611895, -33.8745625], [151.1614037, -33.8744771], [151.1614857, -33.8744457], [151.1615877, -33.8744144], [151.1617521, -33.8743695], [151.1618699, -33.8743457], [151.1619595, -33.8743312], [151.1620336, -33.8743223], [151.1621315, -33.8743142], [151.1622064, -33.8743093], [151.1623657, -33.8742962], [151.1626817, -33.8742827]], [[151.1626817, -33.8742827], [151.1631711, -33.8742624], [151.1636361, -33.8742341], [151.1638507, -33.8742237]], [[151.1638507, -33.8742237], [151.1640506, -33.8742099], [151.1642096, -33.8741992], [151.1645239, -33.8741694]], [[151.1645239, -33.8741694], [151.1647822, -33.8741539], [151.1648722, -33.8741456], [151.1649677, -33.8741408]], [[151.1649677, -33.8741408], [151.1651151, -33.8741298], [151.1652625, -33.8741188]], [[151.1652625, -33.8741188], [151.1652965, -33.874117]], [[151.1652965, -33.874117], [151.1654469, -33.8741069], [151.1661699, -33.8740617]], [[151.1661699, -33.8740617], [151.1671073, -33.8739985]], [[151.1671073, -33.8739985], [151.1672838, -33.8739842], [151.1679754, -33.8739348], [151.1681758, -33.8739048], [151.1684376, -33.8738595], [151.1686148, -33.8738083], [151.1687935, -33.8737471], [151.1689717, -33.873669], [151.1691668, -33.8735527], [151.1693355, -33.8734518], [151.1695184, -33.8733376], [151.1698827, -33.8730998], [151.1701384, -33.8729259], [151.1702519, -33.8728522], [151.1703692, -33.8727579], [151.1705877, -33.8725605], [151.1708117, -33.8723659], [151.1710594, -33.8722075], [151.1713448, -33.872066], [151.1716095, -33.8719595], [151.1718444, -33.8719008], [151.1720649, -33.8718535]], [[151.1720649, -33.8718535], [151.172201, -33.8718395], [151.1723487, -33.8718302]], [[151.1723487, -33.8718302], [151.1724193, -33.8718288], [151.1724905, -33.8718302], [151.1725828, -33.8718334], [151.1726849, -33.8718411], [151.1727638, -33.8718506], [151.172852, -33.8718639], [151.1729506, -33.8718825], [151.1729992, -33.871893]], [[151.1729992, -33.871893], [151.1730808, -33.8719128], [151.1731872, -33.871943], [151.1733172, -33.8719865], [151.1734183, -33.8720269]], [[151.1734183, -33.8720269], [151.1735924, -33.8721072], [151.1737764, -33.8722144], [151.173979, -33.8723308], [151.1745658, -33.8727284]], [[151.1745658, -33.8727284], [151.1747437, -33.8728426], [151.1748262, -33.8728997], [151.1748958, -33.8729501], [151.1750089, -33.873044], [151.1751155, -33.873138]], [[151.1751155, -33.873138], [151.1752479, -33.8732965], [151.1753359, -33.87342], [151.1754135, -33.8735458], [151.1754792, -33.873685], [151.1755137, -33.8737819]], [[151.1755137, -33.8737819], [151.1755486, -33.8738808], [151.1755865, -33.8739844], [151.1756367, -33.8741141], [151.1757051, -33.8742659], [151.175803, -33.8744315], [151.175883, -33.8745431], [151.1759251, -33.8745964], [151.1760338, -33.8747202], [151.1761244, -33.874808], [151.1763261, -33.8749702], [151.1764727, -33.8750715], [151.1766961, -33.8751945], [151.1768509, -33.8752577], [151.1770209, -33.8753153], [151.1772492, -33.8753765], [151.1774566, -33.875416], [151.1776022, -33.875433], [151.1777137, -33.8754429], [151.1778055, -33.8754454], [151.1778798, -33.8754467], [151.178004, -33.8754461], [151.1781241, -33.8754424]], [[151.1781241, -33.8754424], [151.1783589, -33.8754256]], [[151.1783589, -33.8754256], [151.1784802, -33.8754166], [151.1786974, -33.8754024], [151.1789683, -33.8753827], [151.1790304, -33.8753787], [151.1790564, -33.8753762]], [[151.1790564, -33.8753762], [151.1792885, -33.8753645], [151.1794941, -33.8753482], [151.1796759, -33.8753524], [151.179804, -33.8753686], [151.1867874, -33.8771273]], [[151.1867874, -33.8771273], [151.1869105, -33.8771549], [151.1871018, -33.8771821]], [[151.1871018, -33.8771821], [151.18718, -33.8771881], [151.1872515, -33.877192], [151.1873651, -33.877193], [151.1874596, -33.8771892], [151.1875772, -33.8771809]], [[151.1875772, -33.8771809], [151.1879024, -33.8771468], [151.1879299, -33.8771439]], [[151.1879299, -33.8771439], [151.1880268, -33.8771291], [151.1880829, -33.8771197], [151.1881323, -33.8771108], [151.1883374, -33.8770654], [151.1885452, -33.8769907]], [[151.1885452, -33.8769907], [151.1887232, -33.8769091]], [[151.1887232, -33.8769091], [151.1890124, -33.8767457], [151.1893215, -33.8765779], [151.1898897, -33.8762798]], [[151.1898897, -33.8762798], [151.1900379, -33.8761933]], [[151.1900379, -33.8761933], [151.1902754, -33.8760605]], [[151.1902754, -33.8760605], [151.1905009, -33.8759305]], [[151.1905009, -33.8759305], [151.1906076, -33.8758791], [151.1906736, -33.8758442], [151.1907359, -33.8758167], [151.1908242, -33.8757791], [151.1909295, -33.8757412], [151.1910165, -33.8757125], [151.191096, -33.8756898], [151.1911796, -33.8756681], [151.1912881, -33.8756446], [151.1914019, -33.8756249], [151.1917854, -33.8755623], [151.1920092, -33.8755274], [151.1921417, -33.8755026], [151.1922721, -33.8754759], [151.1924968, -33.8754149], [151.1926566, -33.8753542], [151.1927765, -33.8753025], [151.1929384, -33.875227], [151.1931124, -33.8751242], [151.1932227, -33.8750545]], [[151.1932227, -33.8750545], [151.1934681, -33.8748958]], [[151.1934681, -33.8748958], [151.1934773, -33.8748894], [151.193824, -33.8746002]], [[151.193824, -33.8746002], [151.1938811, -33.8745402], [151.19389, -33.8745298], [151.1939538, -33.8744611], [151.1940517, -33.8743439], [151.194114, -33.8742623], [151.1941339, -33.8742298]], [[151.1941339, -33.8742298], [151.1941831, -33.8741417]], [[151.1941831, -33.8741417], [151.1942411, -33.8740168], [151.1942729, -33.8739414], [151.1942999, -33.8738738], [151.1943457, -33.8737411]], [[151.1943457, -33.8737411], [151.194371, -33.8736553], [151.194384, -33.8735916], [151.1943958, -33.87351], [151.1944068, -33.8734079], [151.1944109, -33.873315], [151.1944024, -33.8732154], [151.1943896, -33.8731197], [151.1943601, -33.8729916], [151.1943413, -33.8729258], [151.1943143, -33.8728316], [151.1942907, -33.8727585]], [[151.1942907, -33.8727585], [151.194267, -33.8726914], [151.1942345, -33.8726088], [151.1942017, -33.8725392], [151.1941453, -33.8724354], [151.1940982, -33.8723585]], [[151.1940982, -33.8723585], [151.1938194, -33.8719492]], [[151.1938194, -33.8719492], [151.1936156, -33.8717394], [151.1935172, -33.8716489]], [[151.1935172, -33.8716489], [151.1934727, -33.871608], [151.1934126, -33.8715553], [151.1933328, -33.8714864], [151.1932281, -33.8714074], [151.1931017, -33.8713223], [151.19302, -33.8712709], [151.1929378, -33.8712259], [151.1926464, -33.8710691]], [[151.1926464, -33.8710691], [151.1925294, -33.8710061]], [[151.1925294, -33.8710061], [151.1923782, -33.8709199], [151.1922321, -33.8708332]], [[151.1922321, -33.8708332], [151.1921854, -33.870807], [151.1918539, -33.8706162]], [[151.1918539, -33.8706162], [151.191662, -33.8704742]], [[151.191662, -33.8704742], [151.1914753, -33.8702784], [151.1913309, -33.8700864], [151.191214, -33.8698672], [151.1911253, -33.8696474], [151.191075, -33.8694346], [151.1910422, -33.869165], [151.1910571, -33.8688668]], [[151.1910571, -33.8688668], [151.1910908, -33.8685839], [151.1911984, -33.8683081], [151.1913443, -33.8680226], [151.1914982, -33.8678332], [151.1918716, -33.8675297]], [[151.1918716, -33.8675297], [151.1919049, -33.8675024], [151.1919499, -33.867466]], [[151.1919499, -33.867466], [151.1920881, -33.8673663], [151.1921869, -33.8672982], [151.1922448, -33.8672635], [151.1922754, -33.8672451], [151.1923002, -33.8672311]], [[151.1923002, -33.8672311], [151.1923986, -33.8671755], [151.1925044, -33.8671217], [151.1925942, -33.8670808]], [[151.1925942, -33.8670808], [151.1927187, -33.8670282], [151.1928413, -33.866984], [151.1929761, -33.8669439]], [[151.1929761, -33.8669439], [151.193053, -33.8669256], [151.1931577, -33.8669036], [151.1933, -33.8668807], [151.1934714, -33.8668635]], [[151.1934714, -33.8668635], [151.1938468, -33.8668551], [151.1940544, -33.8668678], [151.1943277, -33.8669116], [151.1945335, -33.8669756], [151.1948115, -33.8671372], [151.1948324, -33.8671543], [151.1950834, -33.8673591]], [[151.1950834, -33.8673591], [151.1951094, -33.8673856], [151.1951354, -33.8674121], [151.1951915, -33.8674754], [151.1952492, -33.8675534], [151.1952765, -33.867592], [151.1953208, -33.8676529], [151.1953831, -33.8677444], [151.1955814, -33.8680629], [151.1956719, -33.8681997], [151.195704, -33.8682479], [151.1957556, -33.8683103], [151.1958039, -33.8683626]], [[151.1958039, -33.8683626], [151.196067, -33.8685997], [151.1962246, -33.8686976]], [[151.1962246, -33.8686976], [151.1963345, -33.8687496], [151.1964316, -33.86879]], [[151.1964316, -33.86879], [151.1965925, -33.8688632], [151.1967615, -33.8689345], [151.1970944, -33.8690567], [151.1972172, -33.8691093], [151.1973326, -33.8691731], [151.1973625, -33.8691937], [151.1973909, -33.8692157], [151.1975035, -33.8693232]], [[151.1975035, -33.8693232], [151.1976154, -33.8694388], [151.1976774, -33.8695023], [151.1978307, -33.8696497]], [[151.1978307, -33.8696497], [151.1979846, -33.8698678], [151.1981849, -33.8704643], [151.198233, -33.8705865], [151.1982709, -33.8707149]], [[151.1982709, -33.8707149], [151.1982813, -33.8708194], [151.1982762, -33.8709987], [151.1982208, -33.8714927], [151.1981532, -33.8720799], [151.1981107, -33.872428]], [[151.1981107, -33.872428], [151.1980889, -33.8726062], [151.1980795, -33.8727193], [151.1980752, -33.8727655], [151.19807, -33.8728239], [151.1980706, -33.8728626]], [[151.1980706, -33.8728626], [151.1980712, -33.8729013], [151.1980817, -33.8730103], [151.198091, -33.873111], [151.1981091, -33.8732313], [151.1981314, -33.8733842], [151.1982066, -33.8740414], [151.1982212, -33.8741399], [151.1982373, -33.8742396], [151.1982501, -33.8743021]], [[151.1982501, -33.8743021], [151.1982625, -33.8743561], [151.1982784, -33.8744279], [151.1982927, -33.8744887], [151.1983152, -33.8745652], [151.1983377, -33.8746275], [151.1983562, -33.8746864], [151.1983864, -33.8747655]], [[151.1983864, -33.8747655], [151.1984172, -33.8748415], [151.1984444, -33.8749026], [151.1984964, -33.8750155], [151.1986605, -33.8753492], [151.1986929, -33.8754174], [151.1987725, -33.8755698]], [[151.1987725, -33.8755698], [151.1990092, -33.8760186]], [[151.1990092, -33.8760186], [151.1991395, -33.8762736]], [[151.1991395, -33.8762736], [151.1991465, -33.8762872], [151.1991911, -33.876373], [151.1993041, -33.8765838], [151.1993805, -33.8767244], [151.1995586, -33.8770392], [151.1995634, -33.8770481]], [[151.1995634, -33.8770481], [151.1996419, -33.8771946], [151.1997514, -33.8773762], [151.1997632, -33.8773958]], [[151.1997632, -33.8773958], [151.1997776, -33.8774193]], [[151.1997776, -33.8774193], [151.1998963, -33.877613]], [[151.1998963, -33.877613], [151.2002267, -33.8781521], [151.2005897, -33.878778], [151.2006592, -33.8788839]], [[151.2006592, -33.8788839], [151.2007041, -33.8789417], [151.2007625, -33.8789858], [151.2008452, -33.8790284], [151.2009505, -33.8790668]], [[151.2009505, -33.8790668], [151.20099, -33.8790741], [151.2010499, -33.8790848], [151.2011368, -33.8790959], [151.201207, -33.8791037], [151.2012237, -33.8791056], [151.2012635, -33.8791103], [151.2022886, -33.8792307], [151.2026935, -33.8792869], [151.2030614, -33.8793345]], [[151.2030614, -33.8793345], [151.2030786, -33.8793367], [151.2041945, -33.8794945], [151.2042869, -33.8795051], [151.2045257, -33.8795301], [151.2045573, -33.8795344], [151.2046703, -33.8795463]], [[151.2046703, -33.8795463], [151.204736, -33.8795518], [151.2048088, -33.8795588], [151.2048533, -33.8795647], [151.2049067, -33.8795721], [151.2049495, -33.8795792], [151.2049914, -33.8795868], [151.2050377, -33.8795942], [151.2050755, -33.879601], [151.2051051, -33.8796065], [151.2051273, -33.8796118], [151.2051535, -33.879618], [151.2051609, -33.87962], [151.2051934, -33.8796286], [151.205226, -33.879638]], [[151.205226, -33.879638], [151.2052784, -33.8796543], [151.2053184, -33.8796667], [151.2053652, -33.879684], [151.2054368, -33.8797084], [151.2054592, -33.8797165]], [[151.2054592, -33.8797165], [151.2055701, -33.8797607], [151.2056401, -33.8797847], [151.2056837, -33.8797991], [151.205717, -33.8798095], [151.2057511, -33.8798197], [151.2058338, -33.8798415], [151.2059103, -33.8798585], [151.2059342, -33.8798634]], [[151.2059342, -33.8798634], [151.2061224, -33.8799018], [151.2067795, -33.8800263], [151.2067982, -33.8800295], [151.2069082, -33.880051]], [[151.2069082, -33.880051], [151.2070255, -33.8800723], [151.2071603, -33.8800985], [151.2072265, -33.8801114], [151.207258, -33.8801179], [151.2077231, -33.8802109]], [[151.2077231, -33.8802109], [151.208091, -33.880282]], [[151.208091, -33.880282], [151.2081635, -33.8803076], [151.2082166, -33.8803338], [151.2082455, -33.8803568], [151.2082583, -33.8803671], [151.2082745, -33.8803874], [151.2082858, -33.8804099], [151.2082921, -33.8804264], [151.2083078, -33.8804674], [151.2083104, -33.8805258], [151.2082621, -33.8807407]], [[151.2082621, -33.8807407], [151.2080147, -33.8816939], [151.2079951, -33.8817651], [151.2079729, -33.8818288], [151.2079401, -33.8818964], [151.2078993, -33.8819698], [151.2078566, -33.8820375], [151.2077678, -33.8821601], [151.2076405, -33.8823211]], [[151.2076405, -33.8823211], [151.2074516, -33.8825576], [151.207429, -33.8825813], [151.2073981, -33.8826032], [151.2073668, -33.8826177]], [[151.2073668, -33.8826177], [151.207331, -33.8826249], [151.2072847, -33.8826286], [151.2072297, -33.8826273], [151.2071816, -33.8826193]], [[151.2071816, -33.8826193], [151.2067631, -33.8823997]]]}}, {"type": "Feature", "properties": {"name": "Randwick Line", "ref": "L2", "mode": "light_rail", "network": "Sydney Light Rail", "from": "Randwick", "to": "Circular Quay"}, "geometry": {"type": "MultiLineString", "coordinates": [[[151.2405551, -33.9171627], [151.2401445, -33.9171039], [151.2401307, -33.9171019]], [[151.2401307, -33.9171019], [151.2401084, -33.9170983], [151.2400928, -33.9170954], [151.2400683, -33.9170889], [151.2400266, -33.9170751], [151.2400049, -33.9170666], [151.2399853, -33.9170592], [151.2399644, -33.917051], [151.2399454, -33.9170442], [151.2399231, -33.9170373], [151.2398993, -33.9170308], [151.2398771, -33.9170261], [151.2398521, -33.9170222], [151.2397966, -33.9170133]], [[151.2397966, -33.9170133], [151.2395096, -33.9169718], [151.2393432, -33.9169473], [151.2392351, -33.916932], [151.2391842, -33.916924], [151.2391036, -33.9169124]], [[151.2391036, -33.9169124], [151.2367294, -33.9165657], [151.2366496, -33.9165543], [151.2365415, -33.9165359], [151.2363627, -33.9165064], [151.2358297, -33.9164289], [151.235173, -33.9163333], [151.2350979, -33.9163223]], [[151.2350979, -33.9163223], [151.2350696, -33.9163185], [151.2349985, -33.9163085], [151.2349658, -33.9163036], [151.2349462, -33.9163006], [151.2349263, -33.9162962], [151.2349047, -33.9162913], [151.2348856, -33.9162855], [151.234867, -33.9162789], [151.2348483, -33.9162701], [151.2348277, -33.9162585], [151.2348155, -33.9162512], [151.2348031, -33.9162427], [151.2347899, -33.916232], [151.2347765, -33.9162193], [151.2347705, -33.916213], [151.2347664, -33.9162086], [151.2347569, -33.9161974], [151.2347478, -33.916185], [151.2347404, -33.9161735], [151.2347315, -33.9161569], [151.2347253, -33.9161423], [151.2347204, -33.9161281], [151.2347161, -33.9161081], [151.2347139, -33.9160933], [151.2347127, -33.9160788], [151.2347132, -33.9160601], [151.234714, -33.9160442], [151.2347165, -33.9160276], [151.2347229, -33.9159912], [151.2347305, -33.9159481]], [[151.2347305, -33.9159481], [151.2348202, -33.9154729], [151.2349523, -33.9147738], [151.2350111, -33.914461], [151.2350705, -33.9141505], [151.2351429, -33.913767], [151.2352085, -33.9134201], [151.2353548, -33.9126444], [151.2353882, -33.912454], [151.235406, -33.9123414], [151.2354188, -33.9122654]], [[151.2354188, -33.9122654], [151.2354279, -33.9122114], [151.2354394, -33.9121431], [151.235466, -33.9119606], [151.2354977, -33.9117507], [151.2355333, -33.9115544], [151.2355779, -33.911314], [151.235589, -33.9112686]], [[151.235589, -33.9112686], [151.2355952, -33.9112244], [151.2355968, -33.9111943], [151.2355963, -33.9111631], [151.2355932, -33.9111336], [151.235589, -33.9111065], [151.235581, -33.9110754], [151.2355742, -33.9110541], [151.2355651, -33.9110304], [151.2355565, -33.9110083], [151.2355399, -33.9109746], [151.2355209, -33.9109448], [151.2355021, -33.9109173], [151.2354799, -33.9108879], [151.2351823, -33.9105469], [151.2349715, -33.9102974], [151.2349279, -33.9102462], [151.2349225, -33.9102396], [151.2348781, -33.9101865]], [[151.2348781, -33.9101865], [151.2348445, -33.9101405], [151.2348142, -33.9100931], [151.2347878, -33.9100435], [151.2347623, -33.9099839], [151.2347248, -33.9098809], [151.2346957, -33.9098025], [151.2346774, -33.9097544]], [[151.2346774, -33.9097544], [151.2346665, -33.9097256], [151.2346282, -33.9096411], [151.2345859, -33.9095576], [151.2344662, -33.9093354], [151.2342717, -33.9089736], [151.2341295, -33.9087108], [151.2341177, -33.9086907], [151.2341026, -33.9086632], [151.2340197, -33.908514], [151.2339775, -33.9084416], [151.2339371, -33.9083787], [151.2338845, -33.9082998], [151.2338282, -33.9082222], [151.23377, -33.9081467], [151.2337142, -33.9080802], [151.2336492, -33.9080083], [151.2335886, -33.9079445], [151.2335249, -33.9078835], [151.233445, -33.9078099], [151.2333687, -33.9077464], [151.2332972, -33.9076903], [151.2332243, -33.9076364], [151.233143, -33.9075797], [151.2330566, -33.9075236], [151.2329856, -33.9074819], [151.2329061, -33.9074353], [151.2328445, -33.907402], [151.232824, -33.9073909], [151.2328015, -33.9073789], [151.2326879, -33.9073184], [151.2325313, -33.9072381], [151.2321622, -33.9070497], [151.2320955, -33.9070153]], [[151.2320955, -33.9070153], [151.2318407, -33.9068839], [151.2317131, -33.906816], [151.2316295, -33.906771]], [[151.2316295, -33.906771], [151.2315855, -33.9067474], [151.231381, -33.9066266], [151.2313105, -33.9065896], [151.2312543, -33.9065596], [151.2312221, -33.906542], [151.2312088, -33.9065336], [151.2311881, -33.90652], [151.23117, -33.9065068], [151.2311479, -33.9064906], [151.2311237, -33.9064704], [151.2311062, -33.9064526], [151.2310822, -33.9064254], [151.2310666, -33.9064066], [151.2310445, -33.9063761], [151.2310287, -33.9063484], [151.231014, -33.9063196], [151.2310009, -33.9062884], [151.2309751, -33.906222], [151.2309592, -33.9061836], [151.2309536, -33.9061715], [151.230938, -33.9061417], [151.2309299, -33.906129], [151.2308908, -33.9060769], [151.2308503, -33.9060375], [151.2308302, -33.9060216], [151.2308035, -33.9060008], [151.2307616, -33.905975], [151.2307135, -33.9059488], [151.2303664, -33.9058131], [151.2302138, -33.9057532]], [[151.2302138, -33.9057532], [151.2296323, -33.9055251], [151.2292965, -33.9053949]], [[151.2292965, -33.9053949], [151.2292294, -33.9053683], [151.2291573, -33.9053402], [151.22864, -33.9051383], [151.2285089, -33.9050853], [151.2284937, -33.9050791], [151.2284768, -33.9050722], [151.228453, -33.9050626], [151.2284377, -33.9050564], [151.2284224, -33.9050502]], [[151.2284224, -33.9050502], [151.2283917, -33.9050378], [151.228329, -33.9050132]], [[151.228329, -33.9050132], [151.2282176, -33.904971], [151.2281353, -33.9049384], [151.2280397, -33.9048992], [151.2279775, -33.9048718], [151.2279177, -33.904841], [151.2278538, -33.9048059], [151.2278181, -33.9047846], [151.2277626, -33.9047506], [151.2277224, -33.9047252], [151.2276905, -33.9047048], [151.2276576, -33.9046851], [151.2276167, -33.9046594]], [[151.2276167, -33.9046594], [151.2275719, -33.9046305], [151.2275066, -33.9045883], [151.227411, -33.9045264], [151.2273784, -33.9045053]], [[151.2273784, -33.9045053], [151.2271948, -33.9043906], [151.227138, -33.9043524], [151.2270694, -33.9043078], [151.2270467, -33.9042942], [151.2268847, -33.9041969], [151.2268286, -33.9041649], [151.2267754, -33.9041344]], [[151.2267754, -33.9041344], [151.2267205, -33.9041068], [151.2266655, -33.9040801], [151.2266081, -33.9040545], [151.2265474, -33.9040285], [151.2264038, -33.9039673]], [[151.2264038, -33.9039673], [151.2263734, -33.903954], [151.226279, -33.9039132], [151.2262025, -33.9038835], [151.2261311, -33.9038511], [151.2260836, -33.9038305], [151.2259764, -33.903777], [151.2258099, -33.9036959], [151.2257406, -33.9036531], [151.2257295, -33.9036458], [151.225681, -33.9036138], [151.2256144, -33.9035676], [151.2255518, -33.9035199], [151.2254724, -33.903456], [151.225126, -33.9031712], [151.2247433, -33.9028534], [151.2244066, -33.9025729], [151.2242689, -33.9024587], [151.2240315, -33.9022611], [151.2239319, -33.9021786], [151.2238193, -33.9020815], [151.2236415, -33.9019197], [151.2232986, -33.9015864]], [[151.2232986, -33.9015864], [151.2232507, -33.9015375], [151.2232148, -33.9014995], [151.2232103, -33.9014947], [151.2231875, -33.901468], [151.2231655, -33.9014423], [151.2231194, -33.9013834], [151.2230813, -33.9013288], [151.223051, -33.9012815], [151.2230222, -33.9012325], [151.2229916, -33.9011749], [151.222968, -33.9011246], [151.2229421, -33.9010514], [151.2229227, -33.9009992], [151.2229044, -33.9009407], [151.222891, -33.9008919], [151.2228799, -33.9008391], [151.2228677, -33.9007835], [151.2228611, -33.9007297], [151.2228599, -33.9007112], [151.2228384, -33.9005141], [151.2228172, -33.9003073], [151.2227851, -33.8999914]], [[151.2227851, -33.8999914], [151.2227829, -33.89997], [151.2227807, -33.8999314], [151.2227743, -33.8998643], [151.2227685, -33.8998125], [151.2227535, -33.8996804], [151.2227473, -33.8996422], [151.2227361, -33.8995784], [151.2227289, -33.8995404], [151.2227256, -33.8995202], [151.2227234, -33.8995072], [151.2227202, -33.8994926], [151.2227101, -33.8994486], [151.222676, -33.8992506]], [[151.222676, -33.8992506], [151.2226634, -33.8991772], [151.2226192, -33.8989199]], [[151.2226192, -33.8989199], [151.2225855, -33.898724], [151.222527, -33.8983852], [151.2224643, -33.8980189], [151.2224059, -33.8976797], [151.2223669, -33.8974539], [151.2223193, -33.8971749]], [[151.2223193, -33.8971749], [151.2223074, -33.8971077], [151.2222494, -33.8967787], [151.2222153, -33.8966006], [151.2221784, -33.8963954]], [[151.2221784, -33.8963954], [151.2221501, -33.896231], [151.2221218, -33.8960665], [151.2220586, -33.8956998], [151.2220258, -33.8955068]], [[151.2220258, -33.8955068], [151.2220197, -33.895471], [151.222016, -33.8954491], [151.2219989, -33.8953528], [151.2219853, -33.8952742], [151.2219693, -33.8951792], [151.2219584, -33.895125], [151.2219542, -33.8951006], [151.2219192, -33.8948959], [151.2218452, -33.894469], [151.2217973, -33.8941824], [151.2217954, -33.8941716], [151.2217719, -33.8940442]], [[151.2217719, -33.8940442], [151.2217559, -33.8939411], [151.2217069, -33.8936557], [151.221658, -33.8933703], [151.2216517, -33.8933257], [151.2216506, -33.893311]], [[151.2216506, -33.893311], [151.2216484, -33.8932806], [151.2216463, -33.8932266], [151.2216464, -33.8931722], [151.2216465, -33.89316], [151.2216467, -33.893131], [151.2216468, -33.8931228]], [[151.2216468, -33.8931228], [151.2216468, -33.8931095], [151.2216469, -33.8930738], [151.2216448, -33.8930282], [151.2216391, -33.8929828], [151.2216312, -33.8929384], [151.2216222, -33.8928986], [151.2216064, -33.8928256], [151.2216018, -33.8928079]], [[151.2216018, -33.8928079], [151.2215465, -33.8925614]], [[151.2215465, -33.8925614], [151.2215189, -33.8924389], [151.221491, -33.8923147], [151.2214142, -33.8919733], [151.2213425, -33.8916487]], [[151.2213425, -33.8916487], [151.22131, -33.8915012]], [[151.22131, -33.8915012], [151.2213012, -33.8914739]], [[151.2213012, -33.8914739], [151.2212962, -33.8914622], [151.2212844, -33.8914344], [151.2212664, -33.8913914], [151.2212462, -33.8913494], [151.2212232, -33.8913097], [151.2211965, -33.8912697], [151.2211672, -33.8912314], [151.2211006, -33.8911606], [151.2210645, -33.8911271], [151.2210248, -33.8910967], [151.2209832, -33.8910674]], [[151.2209832, -33.8910674], [151.2209399, -33.8910405], [151.2208955, -33.891015], [151.2201935, -33.8906425]], [[151.2201935, -33.8906425], [151.2197828, -33.8904249], [151.2197372, -33.8904004], [151.2196909, -33.8903773], [151.2196441, -33.8903546], [151.219597, -33.8903326], [151.2195486, -33.8903124], [151.2194998, -33.890293], [151.2194503, -33.8902749], [151.2193996, -33.8902584], [151.2193486, -33.8902433], [151.2192977, -33.8902297], [151.2192459, -33.8902175], [151.2191932, -33.8902062], [151.2191405, -33.8901956], [151.219067, -33.8901844], [151.2187354, -33.8901392]], [[151.2187354, -33.8901392], [151.2182968, -33.8900799]], [[151.2182968, -33.8900799], [151.2180528, -33.8900383]], [[151.2180528, -33.8900383], [151.217673, -33.8899875]], [[151.217673, -33.8899875], [151.2176566, -33.8899853], [151.2176083, -33.8899786], [151.2175458, -33.8899705]], [[151.2175458, -33.8899705], [151.2175339, -33.8899689]], [[151.2175339, -33.8899689], [151.2173049, -33.8899402]], [[151.2173049, -33.8899402], [151.2172982, -33.8899393]], [[151.2172982, -33.8899393], [151.2171835, -33.8899229], [151.2170973, -33.8899081], [151.215982, -33.8897669], [151.2154267, -33.8896916], [151.2153742, -33.8896842], [151.2153209, -33.8896748], [151.2152682, -33.8896649], [151.2152158, -33.8896536], [151.2151528, -33.8896386], [151.2151277, -33.8896319], [151.2151025, -33.8896252], [151.2150564, -33.8896125], [151.21499, -33.8895919]], [[151.21499, -33.8895919], [151.2149263, -33.8895702], [151.2148503, -33.8895413], [151.2147734, -33.8895102], [151.2145651, -33.889425], [151.214056, -33.889215], [151.2139898, -33.8891844], [151.2139348, -33.8891562], [151.213864, -33.8891192], [151.2138335, -33.8891036], [151.2137421, -33.8890549], [151.2136324, -33.8889969], [151.2135132, -33.8889366], [151.2134839, -33.8889231], [151.2134482, -33.8889066], [151.2134179, -33.8888926], [151.2133309, -33.8888521]], [[151.2133309, -33.8888521], [151.2131604, -33.8887719], [151.2131072, -33.8887471], [151.2130335, -33.8887093], [151.2128624, -33.8886137], [151.2126919, -33.8885181], [151.2126103, -33.8884733], [151.2125303, -33.8884333], [151.2123886, -33.8883625], [151.2123424, -33.8883381], [151.2117878, -33.888075], [151.2115914, -33.8879811], [151.2114223, -33.8879], [151.2113925, -33.887886], [151.2112727, -33.8878279], [151.2111221, -33.8877575], [151.2109691, -33.8876898], [151.2107756, -33.8876095], [151.2105724, -33.8875252], [151.2102151, -33.8873769], [151.2099429, -33.8872645], [151.209575, -33.8871119], [151.20912, -33.8869235], [151.2089261, -33.8868437], [151.2086459, -33.8867263], [151.2085789, -33.8866946], [151.2085162, -33.8866612], [151.2084539, -33.8866248], [151.2083949, -33.8865866], [151.2083696, -33.8865691], [151.2083332, -33.8865441], [151.2082361, -33.886475], [151.2081712, -33.8864302], [151.208148, -33.8864138], [151.2080486, -33.8863545], [151.2078978, -33.8862676], [151.2076984, -33.8861488], [151.2074104, -33.8859867], [151.2071688, -33.8858479], [151.2071167, -33.8858154]], [[151.2071167, -33.8858154], [151.2071002, -33.8858038], [151.207084, -33.8857915], [151.2070629, -33.8857739], [151.2070537, -33.8857653], [151.2070403, -33.8857516], [151.2070273, -33.885737], [151.2070149, -33.8857219], [151.2070093, -33.8857148], [151.2069984, -33.8856993], [151.2069825, -33.8856745]], [[151.2069825, -33.8856745], [151.2069745, -33.8856588], [151.2069667, -33.8856418], [151.2069599, -33.8856246], [151.2069542, -33.8856087], [151.2069492, -33.8855922], [151.2069448, -33.8855721], [151.2069419, -33.8855543], [151.2069398, -33.8855365], [151.2069383, -33.8855184], [151.2069378, -33.8855004], [151.2069378, -33.8854826], [151.2069416, -33.8853291], [151.2069436, -33.8852741], [151.2069444, -33.8852118], [151.206945, -33.8851941]], [[151.206945, -33.8851941], [151.2069455, -33.8851761], [151.206947, -33.885158], [151.206949, -33.8851401], [151.2069519, -33.885122], [151.2069557, -33.8851046], [151.2069607, -33.885087], [151.2069666, -33.8850694], [151.2069738, -33.8850525], [151.2069818, -33.8850356], [151.2069907, -33.8850193], [151.2070005, -33.8850033], [151.2070189, -33.8849765], [151.2070223, -33.8849723], [151.2070989, -33.8848737], [151.2072401, -33.8846922], [151.2073814, -33.8845108]], [[151.2073814, -33.8845108], [151.2073918, -33.8844984], [151.2074332, -33.884445], [151.2075639, -33.8842763], [151.2076579, -33.8841551], [151.2077345, -33.8840568], [151.2078239, -33.883942], [151.2078282, -33.8839365]], [[151.2078282, -33.8839365], [151.2078904, -33.8838556], [151.2079934, -33.8837242]], [[151.2079934, -33.8837242], [151.2080584, -33.8836408]], [[151.2080584, -33.8836408], [151.2080687, -33.8836281], [151.2080751, -33.8836207], [151.20811, -33.8835698], [151.2081169, -33.8835586], [151.2081368, -33.8835229], [151.2081432, -33.8835057], [151.2081486, -33.8834886], [151.2081529, -33.8834709], [151.2081558, -33.8834528], [151.2081578, -33.883435], [151.2081581, -33.8834167], [151.2081565, -33.883399], [151.2081547, -33.8833811], [151.2081515, -33.8833632], [151.2081483, -33.8833453], [151.2081081, -33.8831771], [151.2080969, -33.8831326], [151.2080914, -33.8831157], [151.2080858, -33.883098], [151.2080789, -33.8830811], [151.2080706, -33.8830646], [151.2080612, -33.8830478], [151.2080508, -33.8830329], [151.2080394, -33.8830172], [151.2080264, -33.8830025], [151.2080131, -33.8829888], [151.2079984, -33.8829744]], [[151.2079984, -33.8829744], [151.2079825, -33.8829631], [151.2079664, -33.8829513], [151.2079492, -33.8829401], [151.2079315, -33.8829295], [151.2079137, -33.8829192], [151.2078868, -33.8829048], [151.2077052, -33.8828061]], [[151.2077052, -33.8828061], [151.2075336, -33.8827127], [151.207488, -33.8826879], [151.2074217, -33.8826519], [151.2073929, -33.8826347], [151.2072541, -33.8825603]], [[151.2072541, -33.8825603], [151.2071713, -33.8825155], [151.2069177, -33.8823774], [151.206746, -33.882284], [151.2065523, -33.8821784], [151.2063568, -33.882072], [151.2063125, -33.8820473]], [[151.2063125, -33.8820473], [151.206232, -33.8820006], [151.2061708, -33.8819633], [151.2060784, -33.8819032]], [[151.2060784, -33.8819032], [151.2060627, -33.881893]], [[151.2060627, -33.881893], [151.2059912, -33.8818478], [151.2059762, -33.8818375], [151.2059442, -33.8818155]], [[151.2059442, -33.8818155], [151.2058629, -33.8817646], [151.2058364, -33.8817502], [151.2057313, -33.8816897], [151.2056614, -33.8816495], [151.2053356, -33.8814672], [151.2049893, -33.8812729], [151.2049715, -33.8812614], [151.2049539, -33.8812509]], [[151.2049539, -33.8812509], [151.2049348, -33.88124], [151.2049137, -33.8812253], [151.204903, -33.8812169]], [[151.204903, -33.8812169], [151.2048848, -33.8812015], [151.2048709, -33.8811865], [151.2048582, -33.8811714], [151.2048447, -33.8811505], [151.2048382, -33.881136], [151.2048336, -33.881125], [151.2048291, -33.881113], [151.2048256, -33.8811014], [151.2048213, -33.8810774], [151.2048195, -33.8810604], [151.2048195, -33.8810397], [151.2048219, -33.8810218], [151.2048257, -33.8810042], [151.2048305, -33.8809865], [151.2048355, -33.8809693], [151.2048415, -33.8809516], [151.2049758, -33.8805532], [151.2049852, -33.8805252], [151.2049989, -33.8804845], [151.2050169, -33.8804309], [151.2050528, -33.8803236], [151.2050663, -33.8802831], [151.2052233, -33.8798163], [151.2052331, -33.879787], [151.2052456, -33.8797499], [151.2052502, -33.8797364], [151.2052677, -33.8796861], [151.2052784, -33.8796543], [151.2053112, -33.8795548], [151.2053248, -33.8795147], [151.2053582, -33.8794152], [151.2053699, -33.8793807]], [[151.2053699, -33.8793807], [151.2053877, -33.8793283], [151.2054085, -33.8792586], [151.2054235, -33.8791958], [151.2054362, -33.8791251], [151.2054632, -33.8789665], [151.2054788, -33.8788754], [151.2055033, -33.8787324], [151.2055217, -33.8786253], [151.2055336, -33.878554], [151.2055519, -33.8784467], [151.2055607, -33.878393], [151.2055698, -33.8783397], [151.2055791, -33.878286], [151.2055864, -33.8782449], [151.2055886, -33.8782323], [151.2055972, -33.8781883], [151.2056081, -33.8781439]], [[151.2056081, -33.8781439], [151.2056206, -33.8781002], [151.2056351, -33.8780567], [151.2056533, -33.8780048], [151.205669, -33.8779615], [151.2056771, -33.8779374], [151.20569, -33.8778992], [151.2057051, -33.8778491], [151.205726, -33.8777788], [151.2057405, -33.8777263], [151.2057508, -33.877689], [151.205803, -33.8775065]], [[151.205803, -33.8775065], [151.2059241, -33.8771227], [151.2061244, -33.8765032], [151.2061343, -33.8764749], [151.2061546, -33.8764133], [151.2061627, -33.8763872], [151.2061745, -33.8763453], [151.2061759, -33.876339], [151.2061913, -33.8762931], [151.2062019, -33.8762609], [151.206266, -33.8760679], [151.2063722, -33.8757482], [151.2063906, -33.8756963], [151.2064062, -33.8756532], [151.2064227, -33.8756101], [151.2064395, -33.8755671], [151.206457, -33.8755247], [151.2064782, -33.8754733], [151.2065028, -33.8754133], [151.2065223, -33.8753624], [151.2065443, -33.8753019], [151.2065623, -33.8752499], [151.2065789, -33.8751976], [151.2066028, -33.8751192], [151.2066427, -33.8749876]], [[151.2066427, -33.8749876], [151.2066692, -33.8749005], [151.2067356, -33.874682]], [[151.2067356, -33.874682], [151.2067436, -33.8746558], [151.2067514, -33.8746295], [151.2067593, -33.8746032], [151.2067643, -33.8745858], [151.2067709, -33.8745593], [151.2067749, -33.8745415], [151.2067786, -33.8745237], [151.2067803, -33.8745149], [151.2067833, -33.874497], [151.2067868, -33.8744713], [151.2067986, -33.8743939], [151.2068045, -33.8743578]], [[151.2068045, -33.8743578], [151.2068096, -33.874319], [151.2068121, -33.8742988], [151.206822, -33.8742278], [151.2068233, -33.8742187], [151.2068658, -33.8739241], [151.2069239, -33.8735214]], [[151.2069239, -33.8735214], [151.2069597, -33.8732706], [151.2069655, -33.8732258], [151.2069709, -33.8731809], [151.2069762, -33.8731233], [151.2069783, -33.8731059], [151.2069788, -33.8731002], [151.2069817, -33.8730639], [151.2069842, -33.8730118], [151.2069866, -33.872974], [151.2069874, -33.8729449], [151.2069884, -33.8728647], [151.2069892, -33.8728161], [151.2069889, -33.8728025], [151.2069861, -33.8727125], [151.2069841, -33.8726667], [151.2069533, -33.8719376], [151.2069477, -33.871772], [151.2069341, -33.8711352], [151.2069288, -33.8708858], [151.2069283, -33.8708638], [151.2069275, -33.8708386], [151.2069264, -33.8707861], [151.2069265, -33.8707296], [151.2069261, -33.870704], [151.2069252, -33.8706809], [151.2069227, -33.8701373], [151.206922, -33.8698824], [151.2069209, -33.8696572], [151.2069203, -33.8694897], [151.2069193, -33.8690888], [151.2069199, -33.8690131], [151.2069225, -33.868918], [151.2069261, -33.8688228], [151.2069268, -33.8688072], [151.2069282, -33.8687857], [151.20693, -33.8687645], [151.2069328, -33.8687256], [151.2069365, -33.8686882], [151.2069386, -33.8686682], [151.2069409, -33.8686428], [151.2069411, -33.868629], [151.2069537, -33.8685038], [151.2069768, -33.8682969], [151.2070119, -33.8679739], [151.2070475, -33.8676482], [151.2070695, -33.8674461], [151.2070978, -33.8671873], [151.2071079, -33.8670906], [151.2071475, -33.8667289], [151.2071982, -33.8662641], [151.2072593, -33.8657034], [151.2072697, -33.865608], [151.2072731, -33.8655793]], [[151.2072731, -33.8655793], [151.2073266, -33.8651253], [151.2073386, -33.8650233], [151.207379, -33.8645875], [151.2074157, -33.8642018], [151.2074478, -33.8638668], [151.2074544, -33.8638013]], [[151.2074544, -33.8638013], [151.2074563, -33.8637821], [151.2074604, -33.8637547], [151.2074633, -33.8637321], [151.2074757, -33.8635722], [151.207484, -33.8634791], [151.2074918, -33.8633309], [151.2074938, -33.8632988], [151.2074948, -33.8632843]], [[151.2074948, -33.8632843], [151.2075266, -33.8627988], [151.2075312, -33.862754], [151.2075358, -33.862708], [151.2075446, -33.8626558], [151.207554, -33.8626109], [151.2075681, -33.8625593], [151.2075818, -33.8625147], [151.207615, -33.8624252], [151.2076206, -33.8624122], [151.2076412, -33.8623709], [151.2076509, -33.8623505], [151.2076958, -33.8622709], [151.2077555, -33.8621724], [151.2077701, -33.8621481], [151.2077833, -33.8621268]], [[151.2077833, -33.8621268], [151.2082073, -33.8614433], [151.208214, -33.8614345], [151.2082208, -33.861426], [151.2082318, -33.861412]], [[151.2082318, -33.861412], [151.2082567, -33.8613884], [151.2082645, -33.8613814], [151.208289, -33.8613641], [151.2083158, -33.8613497], [151.208345, -33.8613379], [151.2083602, -33.8613335], [151.2083946, -33.8613252], [151.2084078, -33.8613228], [151.2084272, -33.8613209], [151.2084395, -33.8613196]], [[151.2084395, -33.8613196], [151.2084718, -33.8613199], [151.2085163, -33.8613238], [151.2086334, -33.8613336], [151.2090411, -33.8613713]], [[151.2090411, -33.8613713], [151.2095656, -33.8614198], [151.209597, -33.8614226], [151.2096165, -33.861425], [151.2096413, -33.8614269], [151.2096882, -33.861431], [151.210146, -33.8614727]]]}}, {"type": "Feature", "properties": {"name": "Randwick Line", "ref": "L2", "mode": "light_rail", "network": "Sydney Light Rail", "from": "Circular Quay", "to": "Randwick"}, "geometry": {"type": "MultiLineString", "coordinates": [[[151.2101353, -33.8615691], [151.2096688, -33.8615264], [151.2096288, -33.8615228], [151.2096028, -33.8615204], [151.2095856, -33.8615184], [151.2095538, -33.8615122], [151.2095355, -33.8615078], [151.2095149, -33.8615019], [151.2094944, -33.8614961], [151.2094741, -33.8614901], [151.2094538, -33.8614842], [151.2094328, -33.8614786], [151.2094124, -33.8614739], [151.209391, -33.86147], [151.2093336, -33.8614626]], [[151.2093336, -33.8614626], [151.2090331, -33.8614354]], [[151.2090331, -33.8614354], [151.2086238, -33.8613972], [151.2085069, -33.8613871], [151.2084737, -33.8613852], [151.2084422, -33.8613853], [151.2084104, -33.8613883], [151.208405, -33.8613893], [151.2083682, -33.8613962], [151.2083477, -33.8614036], [151.2083224, -33.8614149], [151.2082931, -33.8614305], [151.2082676, -33.8614483], [151.2082477, -33.8614663], [151.208225, -33.8614889], [151.208207, -33.8615121], [151.2081905, -33.8615346], [151.207816, -33.8621366]], [[151.207816, -33.8621366], [151.2078025, -33.8621584], [151.2077862, -33.8621846], [151.2077261, -33.8622799]], [[151.2077261, -33.8622799], [151.2077107, -33.8623123], [151.2076843, -33.8623619], [151.2076747, -33.8623823], [151.2076561, -33.8624237], [151.2076381, -33.8624627], [151.2076185, -33.8625147], [151.2076022, -33.8625673], [151.2075884, -33.8626204], [151.2075789, -33.8626635], [151.2075702, -33.8627175], [151.2075645, -33.8627625], [151.20756, -33.8628074], [151.2075325, -33.8632493], [151.2075302, -33.8632857]], [[151.2075302, -33.8632857], [151.2075292, -33.8633012], [151.2075273, -33.863332], [151.2075246, -33.8633747], [151.2075238, -33.8634197], [151.2075232, -33.8634647], [151.2075282, -33.8635155], [151.2075346, -33.8635911], [151.207537, -33.8636365]], [[151.207537, -33.8636365], [151.2075362, -33.863752], [151.2075351, -33.8637684], [151.207524, -33.8638785], [151.2074711, -33.8644333], [151.2074692, -33.8644536], [151.2074635, -33.8645078], [151.2074557, -33.8645522], [151.2074466, -33.8645898], [151.2074355, -33.8646283], [151.2074121, -33.8647104], [151.2074025, -33.8647545], [151.2073965, -33.864799], [151.2073912, -33.8648447], [151.2073733, -33.865026], [151.2073176, -33.8654985], [151.2073075, -33.8655822]], [[151.2073075, -33.8655822], [151.207304, -33.8656109], [151.2072938, -33.8657046], [151.207271, -33.8659156], [151.2072326, -33.8662662], [151.207221, -33.8663724]], [[151.207221, -33.8663724], [151.2071817, -33.8667301], [151.2071646, -33.8668915], [151.2071422, -33.8670934], [151.2071349, -33.8671605], [151.2071047, -33.8674389], [151.2071036, -33.8674486], [151.2070481, -33.8679799], [151.2070067, -33.8683439], [151.2069881, -33.8685078], [151.2069835, -33.8685527], [151.2069785, -33.8686336], [151.2069778, -33.8686453], [151.2069758, -33.8686711], [151.2069742, -33.8686902], [151.2069709, -33.8687295], [151.206965, -33.8687898], [151.2069627, -33.86881], [151.2069598, -33.8688658], [151.2069569, -33.8689215], [151.2069548, -33.8690118], [151.2069538, -33.8690928], [151.2069541, -33.8691741], [151.2069546, -33.8693294], [151.2069552, -33.8694913], [151.2069557, -33.8696584], [151.2069559, -33.8697123], [151.2069562, -33.8697927], [151.2069566, -33.8699249], [151.2069571, -33.8700787], [151.2069573, -33.8701375], [151.2069576, -33.8702271], [151.2069579, -33.8703167], [151.206958, -33.8703551], [151.2069607, -33.8706804], [151.2069609, -33.8707038], [151.2069612, -33.8707267], [151.2069617, -33.8707832], [151.2069632, -33.8708324], [151.2069649, -33.8708633], [151.2069653, -33.8708844], [151.2069751, -33.8714634], [151.2069821, -33.8717704], [151.2069899, -33.8719775], [151.2070096, -33.8724442], [151.2070205, -33.8727075], [151.2070225, -33.8727618], [151.207023, -33.8728023], [151.2070236, -33.8728264], [151.2070237, -33.8728741], [151.2070233, -33.8729061], [151.2070222, -33.8729536], [151.2070205, -33.872987], [151.2070194, -33.8730177], [151.2070173, -33.87305], [151.2070147, -33.873086], [151.2070127, -33.8731088], [151.2070116, -33.873122], [151.2070081, -33.873158], [151.2070033, -33.8732028], [151.2069977, -33.8732475], [151.206989, -33.8733103], [151.2069806, -33.8733709], [151.2069546, -33.8735514]], [[151.2069546, -33.8735514], [151.2069002, -33.8739281]], [[151.2069002, -33.8739281], [151.2068582, -33.8742214], [151.2068562, -33.8742316]], [[151.2068562, -33.8742316], [151.2068552, -33.8742412], [151.2068494, -33.874281], [151.2068477, -33.8743016], [151.2068438, -33.8743217], [151.2068385, -33.874361], [151.2068333, -33.8743971], [151.2068258, -33.8744478], [151.2068207, -33.8744765], [151.2068177, -33.8745008], [151.2068113, -33.8745366], [151.2068031, -33.8745724], [151.2067961, -33.8745986], [151.2067755, -33.8746686], [151.2067734, -33.8746755], [151.2067701, -33.8746864]], [[151.2067701, -33.8746864], [151.2067039, -33.8749045]], [[151.2067039, -33.8749045], [151.2066763, -33.8749947], [151.206627, -33.875158], [151.2066053, -33.8752276], [151.2065882, -33.8752794], [151.2065667, -33.8753402], [151.2065406, -33.8754092], [151.2065201, -33.8754605], [151.2064954, -33.8755206], [151.2064748, -33.8755713], [151.2064575, -33.8756145]], [[151.2064575, -33.8756145], [151.2064411, -33.875657], [151.2064251, -33.8757005], [151.2064066, -33.8757524], [151.2062338, -33.8762726], [151.2062251, -33.8762987], [151.2062098, -33.8763441], [151.2062082, -33.8763502], [151.2061955, -33.8763926], [151.2061867, -33.8764184], [151.2061664, -33.8764829], [151.205959, -33.8771267], [151.2058376, -33.8775102], [151.2057982, -33.8776587], [151.2057874, -33.8776958], [151.2057775, -33.8777329], [151.2057642, -33.877787], [151.2057454, -33.8778566], [151.205733, -33.8779067], [151.2057284, -33.8779243], [151.2057181, -33.8779686], [151.2057058, -33.8780217], [151.2056964, -33.8780659], [151.2056875, -33.8781104], [151.2056793, -33.8781552], [151.2056705, -33.8782083], [151.2056626, -33.8782536], [151.2056551, -33.8782979], [151.2056458, -33.8783514], [151.2056373, -33.8784048], [151.205628, -33.8784585], [151.2056096, -33.8785655], [151.2055975, -33.8786366], [151.2055805, -33.8787353], [151.2055553, -33.8788866], [151.2055498, -33.8789171]], [[151.2055498, -33.8789171], [151.2055443, -33.8789477], [151.2055392, -33.8789763], [151.2054997, -33.8791256], [151.2054301, -33.8793342], [151.2054212, -33.8793602], [151.2054123, -33.8793862]], [[151.2054123, -33.8793862], [151.2053935, -33.8794412], [151.205361, -33.8795362], [151.2053334, -33.8796207], [151.2053246, -33.8796468], [151.2053184, -33.8796667], [151.2053075, -33.8796989], [151.2052897, -33.8797509], [151.2052867, -33.8797596], [151.2052689, -33.8798117], [151.2052454, -33.8798811], [151.2052275, -33.879933], [151.2051373, -33.8801927], [151.2051017, -33.8802966], [151.2050897, -33.880332], [151.2050548, -33.8804358], [151.2050219, -33.8805336], [151.2050127, -33.8805618], [151.2048798, -33.8809561], [151.204875, -33.880974], [151.2048701, -33.8809918], [151.204867, -33.8810095], [151.2048643, -33.8810275], [151.2048639, -33.8810443], [151.2048665, -33.8810644], [151.2048693, -33.8810813], [151.2048717, -33.8810915], [151.2048768, -33.8811065], [151.2048832, -33.881123], [151.2048866, -33.8811299], [151.2048938, -33.8811436], [151.2049054, -33.8811596], [151.2049172, -33.881174], [151.204931, -33.8811893], [151.2049458, -33.8812024], [151.2049621, -33.8812146], [151.2049772, -33.8812253], [151.2049951, -33.8812376], [151.2050114, -33.8812472], [151.2050292, -33.881257], [151.2050502, -33.8812687], [151.205354, -33.8814423], [151.2056345, -33.8815979]], [[151.2056345, -33.8815979], [151.2056553, -33.8816094], [151.2056874, -33.8816272], [151.2057572, -33.8816669], [151.2058625, -33.8817269], [151.2058832, -33.8817393], [151.2059635, -33.8817913]], [[151.2059635, -33.8817913], [151.2060822, -33.8818677]], [[151.2060822, -33.8818677], [151.2061827, -33.8819324], [151.2062351, -33.8819643], [151.2063073, -33.8820085]], [[151.2063073, -33.8820085], [151.2063767, -33.8820462], [151.2064764, -33.8821008], [151.2065491, -33.8821397], [151.2067754, -33.8822634]], [[151.2067754, -33.8822634], [151.2069287, -33.8823471], [151.2071282, -33.8824553], [151.2072977, -33.8825475], [151.2074102, -33.8826099]], [[151.2074102, -33.8826099], [151.2074471, -33.8826292], [151.2075075, -33.8826618], [151.2077164, -33.8827752]], [[151.2077164, -33.8827752], [151.2079606, -33.8829085], [151.207987, -33.8829246], [151.2080039, -33.8829359]], [[151.2080039, -33.8829359], [151.2080205, -33.8829482], [151.2080357, -33.8829605], [151.2080502, -33.8829739], [151.208063, -33.8829883], [151.2080758, -33.8830032], [151.2080868, -33.8830183], [151.2080968, -33.8830341], [151.2081051, -33.8830507], [151.2081137, -33.8830673], [151.2081205, -33.8830848], [151.2081262, -33.8831016], [151.2081312, -33.8831196], [151.2081444, -33.8831727], [151.2081888, -33.8833584], [151.2081927, -33.8833759], [151.2081955, -33.8833936], [151.208198, -33.8834116], [151.2081983, -33.8834298], [151.2081975, -33.8834477], [151.2081959, -33.8834658], [151.2081923, -33.8834834], [151.2081876, -33.8835013], [151.208182, -33.8835186], [151.2081752, -33.8835357], [151.2081519, -33.8835773], [151.2081474, -33.8835845], [151.2081458, -33.8835863], [151.2081358, -33.8836001], [151.2081003, -33.8836459], [151.2080654, -33.8836907]], [[151.2080654, -33.8836907], [151.2079234, -33.8838722], [151.2078889, -33.8839176]], [[151.2078889, -33.8839176], [151.207861, -33.8839536], [151.2076947, -33.8841673], [151.2075943, -33.8842958], [151.2074836, -33.8844381], [151.2074642, -33.8844632], [151.207424, -33.8845153], [151.2074147, -33.8845273]], [[151.2074147, -33.8845273], [151.2072709, -33.8847116], [151.207224, -33.8847717], [151.2071061, -33.8849234], [151.2070531, -33.8849915], [151.2070419, -33.8850066], [151.2070313, -33.8850227], [151.2070214, -33.8850387], [151.2070125, -33.8850556], [151.207005, -33.885072], [151.2069986, -33.8850892], [151.206993, -33.8851067], [151.2069888, -33.8851244], [151.2069857, -33.8851422], [151.2069836, -33.8851602], [151.2069824, -33.885178], [151.2069815, -33.8851962]], [[151.2069815, -33.8851962], [151.2069781, -33.8853313], [151.2069745, -33.8854848], [151.2069752, -33.8855113], [151.2069769, -33.8855384]], [[151.2069769, -33.8855384], [151.2069817, -33.8855677], [151.206987, -33.8855921], [151.2069957, -33.8856181], [151.2070066, -33.8856436], [151.2070118, -33.8856534], [151.2070197, -33.8856681]], [[151.2070197, -33.8856681], [151.2070297, -33.8856841], [151.207041, -33.8856992], [151.2070591, -33.8857223], [151.2070776, -33.8857412], [151.2070868, -33.8857503], [151.2071025, -33.8857642], [151.2071167, -33.8857755], [151.2071413, -33.8857933], [151.2071666, -33.8858097], [151.2074307, -33.8859622], [151.2077181, -33.8861255], [151.2080739, -33.886333]], [[151.2080739, -33.886333], [151.2081104, -33.8863542], [151.2081468, -33.8863754], [151.2081864, -33.8864033], [151.2082341, -33.8864358], [151.2082862, -33.8864725], [151.2083325, -33.8865055], [151.2083848, -33.8865422], [151.2084351, -33.8865764], [151.208487, -33.8866091], [151.2085401, -33.8866401], [151.2085952, -33.886669], [151.2086417, -33.8866917], [151.208699, -33.886717], [151.2087572, -33.8867414], [151.2091348, -33.8868976], [151.2095899, -33.8870859], [151.2099577, -33.8872381], [151.2102286, -33.8873505], [151.2109839, -33.8876642], [151.2111178, -33.8877224], [151.2112406, -33.8877799], [151.2113352, -33.8878249], [151.2114088, -33.8878604], [151.2114564, -33.8878829], [151.2116061, -33.887955], [151.2118026, -33.888049], [151.2122347, -33.8882553], [151.2123298, -33.8883004], [151.2123615, -33.8883153], [151.2124123, -33.8883407], [151.2125474, -33.8884133], [151.2129943, -33.8886533], [151.2130667, -33.8886924], [151.2131319, -33.8887251], [151.2131425, -33.8887303], [151.2131801, -33.8887485], [151.2133366, -33.888822], [151.2134541, -33.8888741], [151.2134853, -33.8888879], [151.2136388, -33.8889657], [151.213721, -33.889009], [151.2138028, -33.8890528], [151.2138845, -33.8890965], [151.2139664, -33.8891394], [151.2140708, -33.8891881], [151.2145748, -33.8893964], [151.2147881, -33.8894836], [151.2148559, -33.8895108], [151.214912, -33.8895324], [151.2149341, -33.889541], [151.2149952, -33.8895619], [151.215065, -33.8895847], [151.2151098, -33.8895972], [151.2151584, -33.8896101], [151.2152201, -33.889625], [151.215273, -33.8896359], [151.2153256, -33.8896462], [151.2153783, -33.889655], [151.2164224, -33.8897927]], [[151.2164224, -33.8897927], [151.2170375, -33.8898739], [151.2170509, -33.8898756]], [[151.2170509, -33.8898756], [151.2170642, -33.8898773], [151.217103, -33.8898815], [151.2171889, -33.8898928], [151.2172865, -33.8899074]], [[151.2172865, -33.8899074], [151.2173038, -33.88991]], [[151.2173038, -33.88991], [151.2175395, -33.8899396]], [[151.2175395, -33.8899396], [151.2176138, -33.8899499], [151.2180579, -33.8900115]], [[151.2180579, -33.8900115], [151.2183007, -33.8900507]], [[151.2183007, -33.8900507], [151.2187507, -33.8901115]], [[151.2187507, -33.8901115], [151.2190703, -33.8901553], [151.2191448, -33.8901677], [151.2191974, -33.8901772], [151.2192505, -33.890188], [151.2193016, -33.8902007], [151.2193536, -33.8902143], [151.2194042, -33.8902291], [151.2194553, -33.8902458], [151.2195047, -33.8902634], [151.2195545, -33.8902826], [151.2196017, -33.890303], [151.2196591, -33.8903284], [151.219706, -33.890351], [151.2197611, -33.8903792], [151.2198064, -33.8904032], [151.2202627, -33.8906451], [151.2209111, -33.890988], [151.2209561, -33.8910139], [151.2209992, -33.8910399]], [[151.2209992, -33.8910399], [151.2210414, -33.891068], [151.2210812, -33.8910985], [151.2211192, -33.8911307], [151.2211544, -33.8911649], [151.2211873, -33.8912008], [151.2212178, -33.8912384], [151.221245, -33.8912772], [151.2212694, -33.8913172], [151.2212909, -33.8913587], [151.2213097, -33.8914006], [151.2213259, -33.8914436], [151.2213307, -33.8914553], [151.2213336, -33.8914626]], [[151.2213336, -33.8914626], [151.221346, -33.8915037], [151.2213793, -33.8916418], [151.2214466, -33.8919352]], [[151.2214466, -33.8919352], [151.2214566, -33.8919742], [151.2215663, -33.8924897], [151.2215813, -33.8925564], [151.2216365, -33.8928023]], [[151.2216365, -33.8928023], [151.2216405, -33.8928199], [151.2216569, -33.8928933], [151.2216654, -33.8929313], [151.2216807, -33.8929936], [151.2216992, -33.8930646], [151.22171, -33.893102], [151.221714, -33.8931156]], [[151.221714, -33.8931156], [151.2217192, -33.8931336], [151.221724, -33.8931508], [151.2217364, -33.8931956], [151.2217551, -33.8932655], [151.2217626, -33.8933]], [[151.2217626, -33.8933], [151.2217656, -33.8933137], [151.2217779, -33.8933861], [151.2218299, -33.893685], [151.2218861, -33.8940131], [151.2218886, -33.8940278], [151.2219085, -33.8941437], [151.2219109, -33.8941577], [151.2219141, -33.8941763]], [[151.2219141, -33.8941763], [151.2219666, -33.8944825]], [[151.2219666, -33.8944825], [151.2219921, -33.8946309], [151.2220019, -33.8946941], [151.2220122, -33.8947654], [151.2220219, -33.8948374], [151.2220311, -33.8949087], [151.2220514, -33.8951081], [151.2220543, -33.8951363], [151.2220589, -33.8951862], [151.2220662, -33.8952772], [151.2220717, -33.895349], [151.2220734, -33.8953692], [151.2220797, -33.8954384], [151.2220843, -33.8954928]], [[151.2220843, -33.8954928], [151.2220888, -33.8955473], [151.2220995, -33.895655], [151.2221096, -33.8957441], [151.2221106, -33.8957529], [151.2221216, -33.8958345], [151.2221356, -33.8959329], [151.2221524, -33.8960396], [151.2221723, -33.8961565], [151.2222218, -33.8964415], [151.2222561, -33.8966273], [151.2222809, -33.8967606], [151.2223021, -33.896877], [151.2223416, -33.8971032], [151.2224, -33.8974167]], [[151.2224, -33.8974167], [151.2224055, -33.8974474], [151.2224121, -33.8974826], [151.2224474, -33.8976793], [151.2224981, -33.8980124]], [[151.2224981, -33.8980124], [151.2226543, -33.89892]], [[151.2226543, -33.89892], [151.2226606, -33.8989569], [151.2226828, -33.8990866], [151.2226861, -33.8991059], [151.22269, -33.8991291], [151.2226975, -33.8991728], [151.2227094, -33.8992421]], [[151.2227094, -33.8992421], [151.222756, -33.8994938], [151.222764, -33.8995462], [151.2227741, -33.8996089], [151.2227825, -33.8996628], [151.2227899, -33.8997162], [151.2228085, -33.8998714], [151.2228105, -33.8998882], [151.2228178, -33.8999419], [151.2228228, -33.8999838], [151.2228691, -33.9004386], [151.222892, -33.9006702], [151.2228964, -33.9007182], [151.2229055, -33.9007793], [151.2229144, -33.9008296], [151.222926, -33.9008822], [151.2229362, -33.9009218], [151.2229552, -33.9009854], [151.2229718, -33.9010328], [151.2229886, -33.9010816], [151.2230073, -33.9011241], [151.2230315, -33.9011739], [151.2230625, -33.9012317], [151.223092, -33.9012798], [151.2231227, -33.9013272], [151.22314, -33.9013514], [151.2231561, -33.9013738], [151.2231743, -33.9013987], [151.2231939, -33.9014232], [151.2232351, -33.9014712], [151.2232815, -33.9015213], [151.2233287, -33.9015698], [151.2234623, -33.9016999]], [[151.2234623, -33.9016999], [151.2235109, -33.9017465], [151.2235824, -33.9018167], [151.2237387, -33.9019651], [151.2238712, -33.9020844], [151.2239386, -33.9021427], [151.2240072, -33.9022006], [151.2242905, -33.9024362], [151.2244284, -33.9025506], [151.225451, -33.9034003], [151.2254953, -33.9034367], [151.2255795, -33.9035033], [151.2256362, -33.9035451], [151.2256949, -33.9035858], [151.2257623, -33.9036304], [151.2258403, -33.9036778], [151.2259035, -33.9037064]], [[151.2259035, -33.9037064], [151.2259729, -33.9037417], [151.2260389, -33.9037748], [151.226115, -33.903812], [151.226212, -33.9038551], [151.2262986, -33.9038922], [151.2263915, -33.90393], [151.2264185, -33.9039416]], [[151.2264185, -33.9039416], [151.2265125, -33.9039817], [151.2265761, -33.904009], [151.2266367, -33.904036], [151.2266968, -33.9040638], [151.2267661, -33.904096], [151.2268165, -33.9041227], [151.2268786, -33.9041575], [151.2269296, -33.9041866], [151.2270495, -33.9042629], [151.227067, -33.904274], [151.2270858, -33.904286], [151.2271088, -33.9043003], [151.2271579, -33.9043314], [151.2271937, -33.9043528]], [[151.2271937, -33.9043528], [151.227406, -33.9044871], [151.2275171, -33.9045573], [151.2275783, -33.9045957], [151.2276347, -33.9046291], [151.2276811, -33.9046555], [151.2277316, -33.9046834], [151.2277813, -33.9047083], [151.2278344, -33.9047357], [151.2278951, -33.9047612], [151.227947, -33.9047826], [151.2280077, -33.9048082], [151.2284286, -33.9049745], [151.2286558, -33.9050637], [151.2291202, -33.9052474], [151.229194, -33.9052764], [151.229215, -33.9052847], [151.2292677, -33.9053054], [151.2293681, -33.9053433], [151.2294122, -33.9053599], [151.230408, -33.9057507], [151.2306467, -33.905843]], [[151.2306467, -33.905843], [151.2307134, -33.9058694]], [[151.2307134, -33.9058694], [151.2307801, -33.9058958], [151.230819, -33.9059153], [151.230854, -33.9059343], [151.2308858, -33.9059542], [151.2309189, -33.9059805], [151.2309493, -33.9060097], [151.2309752, -33.9060387], [151.2309974, -33.9060669], [151.2310098, -33.9060866], [151.2310223, -33.9061094], [151.2310333, -33.9061359], [151.2310416, -33.9061623], [151.2310601, -33.9062248], [151.2310718, -33.9062721], [151.231082, -33.906304], [151.2310944, -33.9063377], [151.2311047, -33.9063618], [151.2311142, -33.9063791], [151.231134, -33.9064072], [151.2311539, -33.9064326], [151.2311709, -33.9064527], [151.2311938, -33.9064758], [151.2312153, -33.9064941], [151.231237, -33.9065113], [151.2312643, -33.9065291], [151.2312901, -33.9065443], [151.2314072, -33.9066059], [151.2316465, -33.9067449]], [[151.2316465, -33.9067449], [151.2318008, -33.9068279], [151.2319562, -33.9069092], [151.2321104, -33.9069882]], [[151.2321104, -33.9069882], [151.23273, -33.9073061], [151.2327801, -33.9073321], [151.2328191, -33.9073519], [151.2329124, -33.9074031], [151.2330106, -33.9074588], [151.2330902, -33.9075065], [151.2331661, -33.9075557], [151.2332422, -33.9076074], [151.2333154, -33.9076608], [151.2333864, -33.9077164], [151.2334552, -33.9077734], [151.2335071, -33.9078192], [151.2335723, -33.9078792], [151.2336423, -33.9079485], [151.2337019, -33.9080125], [151.2337779, -33.9080999], [151.2338316, -33.9081675], [151.2338774, -33.9082284], [151.2339262, -33.9082997], [151.2339775, -33.9083781], [151.2340218, -33.9084505], [151.2340549, -33.9085071], [151.2341233, -33.9086325], [151.2341363, -33.9086567], [151.2344162, -33.9091717], [151.2346206, -33.9095512], [151.2346812, -33.9096665], [151.2347179, -33.9097421]], [[151.2347179, -33.9097421], [151.2347535, -33.9098176], [151.2347928, -33.9099008], [151.2348284, -33.9099766], [151.2348548, -33.9100258], [151.2348905, -33.9100821], [151.2349306, -33.9101362], [151.2349601, -33.9101732], [151.2350042, -33.9102247], [151.2351429, -33.9103894], [151.2352965, -33.9105702], [151.2354487, -33.9107477], [151.2355012, -33.9108101]], [[151.2355012, -33.9108101], [151.2355541, -33.9108669], [151.2355805, -33.9108974], [151.2356006, -33.9109251], [151.2356189, -33.9109554], [151.2356298, -33.9109788], [151.235637, -33.9109975], [151.2356436, -33.9110173], [151.2356486, -33.9110385], [151.2356508, -33.9110643], [151.2356512, -33.9110913], [151.2356476, -33.9111349], [151.2356401, -33.9111792], [151.2356232, -33.9112665], [151.2355941, -33.9114276], [151.2355373, -33.9117302], [151.2355195, -33.9118497], [151.235506, -33.9119401], [151.2354805, -33.9120845], [151.2354679, -33.9121557], [151.2354522, -33.912267]], [[151.2354522, -33.912267], [151.2354408, -33.9123473], [151.235423, -33.9124593], [151.2353902, -33.912642], [151.2353598, -33.9128027], [151.2353015, -33.9131142], [151.2352424, -33.9134263], [151.2351771, -33.9137726], [151.235105, -33.9141557], [151.2350456, -33.9144663], [151.2349864, -33.9147798], [151.2348918, -33.9152801]], [[151.2348918, -33.9152801], [151.2348545, -33.9154777], [151.2348052, -33.9157438], [151.2347846, -33.9158508], [151.2347689, -33.9159471]], [[151.2347689, -33.9159471], [151.2347612, -33.9159942], [151.2347581, -33.916025], [151.2347577, -33.9160635], [151.2347601, -33.916081], [151.2347651, -33.9161023], [151.2347731, -33.916124], [151.2347808, -33.9161385], [151.2347883, -33.9161523], [151.2347983, -33.9161671], [151.2348055, -33.9161763], [151.2348115, -33.9161827], [151.2348217, -33.9161924], [151.2348288, -33.916199], [151.2348353, -33.9162049], [151.2348459, -33.9162132], [151.2348604, -33.916223], [151.2348822, -33.9162356], [151.234903, -33.9162469], [151.2349189, -33.9162533], [151.2349372, -33.9162583], [151.2349638, -33.9162644], [151.2349862, -33.9162693], [151.2350054, -33.9162728], [151.2351479, -33.9162941], [151.2359013, -33.9164031], [151.2359568, -33.9164108]], [[151.2359568, -33.9164108], [151.2363325, -33.9164679], [151.2363699, -33.916474], [151.2364655, -33.9164912], [151.2365483, -33.9165061], [151.2366577, -33.9165236], [151.2367845, -33.9165482], [151.2369121, -33.9165673], [151.2370405, -33.9165861], [151.2391136, -33.9168839]], [[151.2391136, -33.9168839], [151.2392193, -33.9168987], [151.2392551, -33.9169038], [151.2393813, -33.9169229], [151.2395119, -33.9169411], [151.2398061, -33.9169842]], [[151.2398061, -33.9169842], [151.2398587, -33.9169922], [151.2400069, -33.9170143], [151.2400823, -33.9170253], [151.2401466, -33.9170348]], [[151.2401466, -33.9170348], [151.2401574, -33.9170366], [151.2405715, -33.9170967]]]}}, {"type": "Feature", "properties": {"name": "Kingsford Line", "ref": "L3", "mode": "light_rail", "network": "Sydney Light Rail", "from": "Juniors Kingsford", "to": "Circular Quay"}, "geometry": {"type": "MultiLineString", "coordinates": [[[151.2288376, -33.924995], [151.2287027, -33.9249041]], [[151.2287027, -33.9249041], [151.2286046, -33.9248335], [151.2285273, -33.9247707], [151.2284594, -33.9247127], [151.2284175, -33.924674], [151.2283109, -33.9245744], [151.2282349, -33.9245113]], [[151.2282349, -33.9245113], [151.2281876, -33.9244706], [151.2280581, -33.9243591], [151.2280217, -33.9243248], [151.2279871, -33.9242907], [151.227954, -33.9242551], [151.2279166, -33.9242112], [151.2278871, -33.9241733], [151.2278592, -33.9241342], [151.2278335, -33.9240953], [151.227809, -33.9240543], [151.2277864, -33.9240136], [151.227639, -33.923733], [151.2275653, -33.9235924], [151.2274701, -33.9234106], [151.2273502, -33.923189], [151.2272524, -33.9230179], [151.2271937, -33.922917], [151.2271767, -33.9228879], [151.2271353, -33.9228134], [151.2270854, -33.9227302], [151.2270545, -33.9226776], [151.2270363, -33.922645], [151.2270273, -33.9226287], [151.2270016, -33.9225783], [151.226979, -33.9225276], [151.2269656, -33.922492], [151.2269563, -33.9224672], [151.2269404, -33.9224152], [151.2269292, -33.9223707], [151.2269271, -33.9223583], [151.2269049, -33.9222376]], [[151.2269049, -33.9222376], [151.2268966, -33.9221926], [151.226863, -33.921996], [151.2268326, -33.9218177], [151.2267906, -33.9215723], [151.2267745, -33.9214784], [151.2267726, -33.9214672], [151.2267654, -33.9214243], [151.226746, -33.9213127], [151.2267323, -33.9212134], [151.226728, -33.9211836], [151.226722, -33.9211334]], [[151.226722, -33.9211334], [151.2267129, -33.9210579], [151.2267017, -33.9209593], [151.2266925, -33.920878], [151.2266839, -33.9207975], [151.2266605, -33.9206181], [151.2266048, -33.920279], [151.2265248, -33.9198418], [151.2264815, -33.9196377], [151.2264674, -33.919575], [151.2264592, -33.9195437], [151.2264341, -33.9194277], [151.2264118, -33.9193252], [151.2264104, -33.9193185], [151.2263912, -33.9192213], [151.2263512, -33.918998], [151.2263285, -33.9188641], [151.2262735, -33.9185428], [151.2262002, -33.9181235], [151.2261734, -33.9179935], [151.2261515, -33.9178879], [151.2260904, -33.9176272], [151.2260457, -33.9174415]], [[151.2260457, -33.9174415], [151.2260098, -33.9172905], [151.2259427, -33.9170162], [151.2258948, -33.9168135], [151.2258134, -33.916478], [151.2257803, -33.9163393], [151.2257448, -33.9161948], [151.2257333, -33.9161426], [151.2257219, -33.9160903], [151.2257158, -33.9160627], [151.2256988, -33.9159737], [151.2256837, -33.9158832], [151.2256799, -33.9158578]], [[151.2256799, -33.9158578], [151.2256703, -33.9157942], [151.2256564, -33.9157049], [151.2256448, -33.9156236], [151.2256316, -33.9155433], [151.2256166, -33.9154631], [151.2256, -33.9153835], [151.2255481, -33.9151621], [151.225516, -33.9150299], [151.225509, -33.9150028], [151.2254725, -33.9148449], [151.2254408, -33.9147014], [151.2254354, -33.9146756]], [[151.2254354, -33.9146756], [151.2254096, -33.9145512], [151.2252979, -33.9139906], [151.2252869, -33.913938], [151.2252744, -33.9138844], [151.2252601, -33.9138317], [151.2252388, -33.9137712], [151.2252135, -33.913712], [151.225182, -33.9136542], [151.225146, -33.9135991], [151.2251108, -33.9135533], [151.2250653, -33.9135026], [151.2250247, -33.9134614], [151.2249815, -33.9134199], [151.2248635, -33.9133118], [151.2248373, -33.9132878], [151.2247307, -33.9131879], [151.2246292, -33.9130972], [151.2245506, -33.9130252]], [[151.2245506, -33.9130252], [151.2242391, -33.9127401], [151.2239916, -33.9125133], [151.2237956, -33.9123334], [151.2236785, -33.9122268], [151.2236279, -33.9121798], [151.2235861, -33.9121396], [151.2235381, -33.9120905], [151.2234922, -33.9120398], [151.2234545, -33.911995], [151.2234254, -33.911957], [151.2233977, -33.9119188], [151.2233661, -33.9118715], [151.2233458, -33.911836], [151.2233134, -33.9117827], [151.2232873, -33.9117329], [151.2232635, -33.9116826], [151.2232419, -33.9116315], [151.2232199, -33.9115713], [151.2231998, -33.9115109], [151.2231835, -33.9114486], [151.223172, -33.9113957], [151.2231616, -33.9113337], [151.2231529, -33.9112615], [151.2231484, -33.9111898], [151.2231484, -33.9111177], [151.2231515, -33.9110546], [151.2231576, -33.9109911], [151.2231891, -33.9107218], [151.223227, -33.9104083], [151.2232362, -33.9103179], [151.2232388, -33.9102735]], [[151.2232388, -33.9102735], [151.2232404, -33.9102463], [151.2232412, -33.9102128], [151.2232423, -33.9101653], [151.223241, -33.9101019], [151.2232397, -33.910046], [151.2232426, -33.9099758], [151.223249, -33.9099068]], [[151.223249, -33.9099068], [151.2232507, -33.9098891], [151.2232583, -33.9098058], [151.2232986, -33.9095004], [151.2233366, -33.9092144], [151.2233558, -33.9090713], [151.2233703, -33.9089638], [151.2233802, -33.90889], [151.2233935, -33.9088014], [151.2233978, -33.9087774]], [[151.2233978, -33.9087774], [151.2234273, -33.9086141], [151.2234641, -33.9084279], [151.2235139, -33.9081779], [151.2236197, -33.9076446], [151.2236776, -33.9073514], [151.2236825, -33.9073243], [151.2236976, -33.90724], [151.2237089, -33.9071728], [151.223724, -33.9070659], [151.2237401, -33.9069214], [151.2237498, -33.9068367], [151.2237606, -33.9067352], [151.2237718, -33.9066245], [151.2237728, -33.9066152], [151.2237817, -33.9065294], [151.2237937, -33.9064283], [151.2238245, -33.9062167]], [[151.2238245, -33.9062167], [151.2238368, -33.9061326], [151.2239218, -33.9055989], [151.2239354, -33.9055167], [151.2239685, -33.9052973], [151.223976, -33.9052475], [151.2239847, -33.9051907], [151.2239964, -33.9051138], [151.2239995, -33.9050877]], [[151.2239995, -33.9050877], [151.2240061, -33.9050326], [151.2240117, -33.9049608], [151.2240143, -33.9049067], [151.2240152, -33.9048257], [151.2240119, -33.9047443], [151.2240045, -33.9046636], [151.2239937, -33.9045837], [151.2239866, -33.9045445], [151.2239753, -33.904486], [151.2239623, -33.9044314], [151.2239401, -33.9043533], [151.2239139, -33.9042745], [151.223873, -33.9041713], [151.223808, -33.9040288], [151.2236608, -33.9037277], [151.2235012, -33.9034033], [151.2233751, -33.9031484], [151.2232169, -33.902825], [151.2231468, -33.9026816], [151.2230305, -33.902443], [151.2229734, -33.9023268], [151.2229292, -33.9022341], [151.2228952, -33.902158], [151.2228698, -33.9020986], [151.2228494, -33.902048], [151.2228236, -33.9019785], [151.222803, -33.9019174], [151.2227864, -33.9018656], [151.2227732, -33.9018219], [151.2227635, -33.9017886], [151.2227584, -33.901769], [151.2227363, -33.9016807], [151.2227246, -33.9016276], [151.2227152, -33.9015823], [151.2226955, -33.9014739], [151.2226726, -33.9013425], [151.2226422, -33.9011637], [151.2225967, -33.900896], [151.2224998, -33.9003248], [151.2224916, -33.9002712]], [[151.2224916, -33.9002712], [151.2224875, -33.9002261], [151.2224849, -33.9001815], [151.2224851, -33.9001357], [151.2224884, -33.900091], [151.2224937, -33.9000381], [151.222503, -33.8999922], [151.2225156, -33.8999397], [151.2225262, -33.8999056], [151.2225292, -33.8998961], [151.2225437, -33.8998527], [151.2226113, -33.8996841], [151.2226498, -33.8995673], [151.2226654, -33.8995072], [151.2226701, -33.8994803], [151.2226803, -33.8993899], [151.2226814, -33.8993451], [151.2226801, -33.8993002], [151.222676, -33.8992506]], [[151.222676, -33.8992506], [151.2226634, -33.8991772], [151.2226192, -33.8989199]], [[151.2226192, -33.8989199], [151.2225855, -33.898724], [151.222527, -33.8983852], [151.2224643, -33.8980189], [151.2224059, -33.8976797], [151.2223669, -33.8974539], [151.2223193, -33.8971749]], [[151.2223193, -33.8971749], [151.2223074, -33.8971077], [151.2222494, -33.8967787], [151.2222153, -33.8966006], [151.2221784, -33.8963954]], [[151.2221784, -33.8963954], [151.2221501, -33.896231], [151.2221218, -33.8960665], [151.2220586, -33.8956998], [151.2220258, -33.8955068]], [[151.2220258, -33.8955068], [151.2220197, -33.895471], [151.222016, -33.8954491], [151.2219989, -33.8953528], [151.2219853, -33.8952742], [151.2219693, -33.8951792], [151.2219584, -33.895125], [151.2219542, -33.8951006], [151.2219192, -33.8948959], [151.2218452, -33.894469], [151.2217973, -33.8941824], [151.2217954, -33.8941716], [151.2217719, -33.8940442]], [[151.2217719, -33.8940442], [151.2217559, -33.8939411], [151.2217069, -33.8936557], [151.221658, -33.8933703], [151.2216517, -33.8933257], [151.2216506, -33.893311]], [[151.2216506, -33.893311], [151.2216484, -33.8932806], [151.2216463, -33.8932266], [151.2216464, -33.8931722], [151.2216465, -33.89316], [151.2216467, -33.893131], [151.2216468, -33.8931228]], [[151.2216468, -33.8931228], [151.2216468, -33.8931095], [151.2216469, -33.8930738], [151.2216448, -33.8930282], [151.2216391, -33.8929828], [151.2216312, -33.8929384], [151.2216222, -33.8928986], [151.2216064, -33.8928256], [151.2216018, -33.8928079]], [[151.2216018, -33.8928079], [151.2215465, -33.8925614]], [[151.2215465, -33.8925614], [151.2215189, -33.8924389], [151.221491, -33.8923147], [151.2214142, -33.8919733], [151.2213425, -33.8916487]], [[151.2213425, -33.8916487], [151.22131, -33.8915012]], [[151.22131, -33.8915012], [151.2213012, -33.8914739]], [[151.2213012, -33.8914739], [151.2212962, -33.8914622], [151.2212844, -33.8914344], [151.2212664, -33.8913914], [151.2212462, -33.8913494], [151.2212232, -33.8913097], [151.2211965, -33.8912697], [151.2211672, -33.8912314], [151.2211006, -33.8911606], [151.2210645, -33.8911271], [151.2210248, -33.8910967], [151.2209832, -33.8910674]], [[151.2209832, -33.8910674], [151.2209399, -33.8910405], [151.2208955, -33.891015], [151.2201935, -33.8906425]], [[151.2201935, -33.8906425], [151.2197828, -33.8904249], [151.2197372, -33.8904004], [151.2196909, -33.8903773], [151.2196441, -33.8903546], [151.219597, -33.8903326], [151.2195486, -33.8903124], [151.2194998, -33.890293], [151.2194503, -33.8902749], [151.2193996, -33.8902584], [151.2193486, -33.8902433], [151.2192977, -33.8902297], [151.2192459, -33.8902175], [151.2191932, -33.8902062], [151.2191405, -33.8901956], [151.219067, -33.8901844], [151.2187354, -33.8901392]], [[151.2187354, -33.8901392], [151.2182968, -33.8900799]], [[151.2182968, -33.8900799], [151.2180528, -33.8900383]], [[151.2180528, -33.8900383], [151.217673, -33.8899875]], [[151.217673, -33.8899875], [151.2176566, -33.8899853], [151.2176083, -33.8899786], [151.2175458, -33.8899705]], [[151.2175458, -33.8899705], [151.2175339, -33.8899689]], [[151.2175339, -33.8899689], [151.2173049, -33.8899402]], [[151.2173049, -33.8899402], [151.2172982, -33.8899393]], [[151.2172982, -33.8899393], [151.2171835, -33.8899229], [151.2170973, -33.8899081], [151.215982, -33.8897669], [151.2154267, -33.8896916], [151.2153742, -33.8896842], [151.2153209, -33.8896748], [151.2152682, -33.8896649], [151.2152158, -33.8896536], [151.2151528, -33.8896386], [151.2151277, -33.8896319], [151.2151025, -33.8896252], [151.2150564, -33.8896125], [151.21499, -33.8895919]], [[151.21499, -33.8895919], [151.2149263, -33.8895702], [151.2148503, -33.8895413], [151.2147734, -33.8895102], [151.2145651, -33.889425], [151.214056, -33.889215], [151.2139898, -33.8891844], [151.2139348, -33.8891562], [151.213864, -33.8891192], [151.2138335, -33.8891036], [151.2137421, -33.8890549], [151.2136324, -33.8889969], [151.2135132, -33.8889366], [151.2134839, -33.8889231], [151.2134482, -33.8889066], [151.2134179, -33.8888926], [151.2133309, -33.8888521]], [[151.2133309, -33.8888521], [151.2131604, -33.8887719], [151.2131072, -33.8887471], [151.2130335, -33.8887093], [151.2128624, -33.8886137], [151.2126919, -33.8885181], [151.2126103, -33.8884733], [151.2125303, -33.8884333], [151.2123886, -33.8883625], [151.2123424, -33.8883381], [151.2117878, -33.888075], [151.2115914, -33.8879811], [151.2114223, -33.8879], [151.2113925, -33.887886], [151.2112727, -33.8878279], [151.2111221, -33.8877575], [151.2109691, -33.8876898], [151.2107756, -33.8876095], [151.2105724, -33.8875252], [151.2102151, -33.8873769], [151.2099429, -33.8872645], [151.209575, -33.8871119], [151.20912, -33.8869235], [151.2089261, -33.8868437], [151.2086459, -33.8867263], [151.2085789, -33.8866946], [151.2085162, -33.8866612], [151.2084539, -33.8866248], [151.2083949, -33.8865866], [151.2083696, -33.8865691], [151.2083332, -33.8865441], [151.2082361, -33.886475], [151.2081712, -33.8864302], [151.208148, -33.8864138], [151.2080486, -33.8863545], [151.2078978, -33.8862676], [151.2076984, -33.8861488], [151.2074104, -33.8859867], [151.2071688, -33.8858479], [151.2071167, -33.8858154]], [[151.2071167, -33.8858154], [151.2071002, -33.8858038], [151.207084, -33.8857915], [151.2070629, -33.8857739], [151.2070537, -33.8857653], [151.2070403, -33.8857516], [151.2070273, -33.885737], [151.2070149, -33.8857219], [151.2070093, -33.8857148], [151.2069984, -33.8856993], [151.2069825, -33.8856745]], [[151.2069825, -33.8856745], [151.2069745, -33.8856588], [151.2069667, -33.8856418], [151.2069599, -33.8856246], [151.2069542, -33.8856087], [151.2069492, -33.8855922], [151.2069448, -33.8855721], [151.2069419, -33.8855543], [151.2069398, -33.8855365], [151.2069383, -33.8855184], [151.2069378, -33.8855004], [151.2069378, -33.8854826], [151.2069416, -33.8853291], [151.2069436, -33.8852741], [151.2069444, -33.8852118], [151.206945, -33.8851941]], [[151.206945, -33.8851941], [151.2069455, -33.8851761], [151.206947, -33.885158], [151.206949, -33.8851401], [151.2069519, -33.885122], [151.2069557, -33.8851046], [151.2069607, -33.885087], [151.2069666, -33.8850694], [151.2069738, -33.8850525], [151.2069818, -33.8850356], [151.2069907, -33.8850193], [151.2070005, -33.8850033], [151.2070189, -33.8849765], [151.2070223, -33.8849723], [151.2070989, -33.8848737], [151.2072401, -33.8846922], [151.2073814, -33.8845108]], [[151.2073814, -33.8845108], [151.2073918, -33.8844984], [151.2074332, -33.884445], [151.2075639, -33.8842763], [151.2076579, -33.8841551], [151.2077345, -33.8840568], [151.2078239, -33.883942], [151.2078282, -33.8839365]], [[151.2078282, -33.8839365], [151.2078904, -33.8838556], [151.2079934, -33.8837242]], [[151.2079934, -33.8837242], [151.2080584, -33.8836408]], [[151.2080584, -33.8836408], [151.2080687, -33.8836281], [151.2080751, -33.8836207], [151.20811, -33.8835698], [151.2081169, -33.8835586], [151.2081368, -33.8835229], [151.2081432, -33.8835057], [151.2081486, -33.8834886], [151.2081529, -33.8834709], [151.2081558, -33.8834528], [151.2081578, -33.883435], [151.2081581, -33.8834167], [151.2081565, -33.883399], [151.2081547, -33.8833811], [151.2081515, -33.8833632], [151.2081483, -33.8833453], [151.2081081, -33.8831771], [151.2080969, -33.8831326], [151.2080914, -33.8831157], [151.2080858, -33.883098], [151.2080789, -33.8830811], [151.2080706, -33.8830646], [151.2080612, -33.8830478], [151.2080508, -33.8830329], [151.2080394, -33.8830172], [151.2080264, -33.8830025], [151.2080131, -33.8829888], [151.2079984, -33.8829744]], [[151.2079984, -33.8829744], [151.2079825, -33.8829631], [151.2079664, -33.8829513], [151.2079492, -33.8829401], [151.2079315, -33.8829295], [151.2079137, -33.8829192], [151.2078868, -33.8829048], [151.2077052, -33.8828061]], [[151.2077052, -33.8828061], [151.2075336, -33.8827127], [151.207488, -33.8826879], [151.2074217, -33.8826519], [151.2073929, -33.8826347], [151.2072541, -33.8825603]], [[151.2072541, -33.8825603], [151.2071713, -33.8825155], [151.2069177, -33.8823774], [151.206746, -33.882284], [151.2065523, -33.8821784], [151.2063568, -33.882072], [151.2063125, -33.8820473]], [[151.2063125, -33.8820473], [151.206232, -33.8820006], [151.2061708, -33.8819633], [151.2060784, -33.8819032]], [[151.2060784, -33.8819032], [151.2060627, -33.881893]], [[151.2060627, -33.881893], [151.2059912, -33.8818478], [151.2059762, -33.8818375], [151.2059442, -33.8818155]], [[151.2059442, -33.8818155], [151.2058629, -33.8817646], [151.2058364, -33.8817502], [151.2057313, -33.8816897], [151.2056614, -33.8816495], [151.2053356, -33.8814672], [151.2049893, -33.8812729], [151.2049715, -33.8812614], [151.2049539, -33.8812509]], [[151.2049539, -33.8812509], [151.2049348, -33.88124], [151.2049137, -33.8812253], [151.204903, -33.8812169]], [[151.204903, -33.8812169], [151.2048848, -33.8812015], [151.2048709, -33.8811865], [151.2048582, -33.8811714], [151.2048447, -33.8811505], [151.2048382, -33.881136], [151.2048336, -33.881125], [151.2048291, -33.881113], [151.2048256, -33.8811014], [151.2048213, -33.8810774], [151.2048195, -33.8810604], [151.2048195, -33.8810397], [151.2048219, -33.8810218], [151.2048257, -33.8810042], [151.2048305, -33.8809865], [151.2048355, -33.8809693], [151.2048415, -33.8809516], [151.2049758, -33.8805532], [151.2049852, -33.8805252], [151.2049989, -33.8804845], [151.2050169, -33.8804309], [151.2050528, -33.8803236], [151.2050663, -33.8802831], [151.2052233, -33.8798163], [151.2052331, -33.879787], [151.2052456, -33.8797499], [151.2052502, -33.8797364], [151.2052677, -33.8796861], [151.2052784, -33.8796543], [151.2053112, -33.8795548], [151.2053248, -33.8795147], [151.2053582, -33.8794152], [151.2053699, -33.8793807]], [[151.2053699, -33.8793807], [151.2053877, -33.8793283], [151.2054085, -33.8792586], [151.2054235, -33.8791958], [151.2054362, -33.8791251], [151.2054632, -33.8789665], [151.2054788, -33.8788754], [151.2055033, -33.8787324], [151.2055217, -33.8786253], [151.2055336, -33.878554], [151.2055519, -33.8784467], [151.2055607, -33.878393], [151.2055698, -33.8783397], [151.2055791, -33.878286], [151.2055864, -33.8782449], [151.2055886, -33.8782323], [151.2055972, -33.8781883], [151.2056081, -33.8781439]], [[151.2056081, -33.8781439], [151.2056206, -33.8781002], [151.2056351, -33.8780567], [151.2056533, -33.8780048], [151.205669, -33.8779615], [151.2056771, -33.8779374], [151.20569, -33.8778992], [151.2057051, -33.8778491], [151.205726, -33.8777788], [151.2057405, -33.8777263], [151.2057508, -33.877689], [151.205803, -33.8775065]], [[151.205803, -33.8775065], [151.2059241, -33.8771227], [151.2061244, -33.8765032], [151.2061343, -33.8764749], [151.2061546, -33.8764133], [151.2061627, -33.8763872], [151.2061745, -33.8763453], [151.2061759, -33.876339], [151.2061913, -33.8762931], [151.2062019, -33.8762609], [151.206266, -33.8760679], [151.2063722, -33.8757482], [151.2063906, -33.8756963], [151.2064062, -33.8756532], [151.2064227, -33.8756101], [151.2064395, -33.8755671], [151.206457, -33.8755247], [151.2064782, -33.8754733], [151.2065028, -33.8754133], [151.2065223, -33.8753624], [151.2065443, -33.8753019], [151.2065623, -33.8752499], [151.2065789, -33.8751976], [151.2066028, -33.8751192], [151.2066427, -33.8749876]], [[151.2066427, -33.8749876], [151.2066692, -33.8749005], [151.2067356, -33.874682]], [[151.2067356, -33.874682], [151.2067436, -33.8746558], [151.2067514, -33.8746295], [151.2067593, -33.8746032], [151.2067643, -33.8745858], [151.2067709, -33.8745593], [151.2067749, -33.8745415], [151.2067786, -33.8745237], [151.2067803, -33.8745149], [151.2067833, -33.874497], [151.2067868, -33.8744713], [151.2067986, -33.8743939], [151.2068045, -33.8743578]], [[151.2068045, -33.8743578], [151.2068096, -33.874319], [151.2068121, -33.8742988], [151.206822, -33.8742278], [151.2068233, -33.8742187], [151.2068658, -33.8739241], [151.2069239, -33.8735214]], [[151.2069239, -33.8735214], [151.2069597, -33.8732706], [151.2069655, -33.8732258], [151.2069709, -33.8731809], [151.2069762, -33.8731233], [151.2069783, -33.8731059], [151.2069788, -33.8731002], [151.2069817, -33.8730639], [151.2069842, -33.8730118], [151.2069866, -33.872974], [151.2069874, -33.8729449], [151.2069884, -33.8728647], [151.2069892, -33.8728161], [151.2069889, -33.8728025], [151.2069861, -33.8727125], [151.2069841, -33.8726667], [151.2069533, -33.8719376], [151.2069477, -33.871772], [151.2069341, -33.8711352], [151.2069288, -33.8708858], [151.2069283, -33.8708638], [151.2069275, -33.8708386], [151.2069264, -33.8707861], [151.2069265, -33.8707296], [151.2069261, -33.870704], [151.2069252, -33.8706809], [151.2069227, -33.8701373], [151.206922, -33.8698824], [151.2069209, -33.8696572], [151.2069203, -33.8694897], [151.2069193, -33.8690888], [151.2069199, -33.8690131], [151.2069225, -33.868918], [151.2069261, -33.8688228], [151.2069268, -33.8688072], [151.2069282, -33.8687857], [151.20693, -33.8687645], [151.2069328, -33.8687256], [151.2069365, -33.8686882], [151.2069386, -33.8686682], [151.2069409, -33.8686428], [151.2069411, -33.868629], [151.2069537, -33.8685038], [151.2069768, -33.8682969], [151.2070119, -33.8679739], [151.2070475, -33.8676482], [151.2070695, -33.8674461], [151.2070978, -33.8671873], [151.2071079, -33.8670906], [151.2071475, -33.8667289], [151.2071982, -33.8662641], [151.2072593, -33.8657034], [151.2072697, -33.865608], [151.2072731, -33.8655793]], [[151.2072731, -33.8655793], [151.2073266, -33.8651253], [151.2073386, -33.8650233], [151.207379, -33.8645875], [151.2074157, -33.8642018], [151.2074478, -33.8638668], [151.2074544, -33.8638013]], [[151.2074544, -33.8638013], [151.2074563, -33.8637821], [151.2074604, -33.8637547], [151.2074633, -33.8637321], [151.2074757, -33.8635722], [151.207484, -33.8634791], [151.2074918, -33.8633309], [151.2074938, -33.8632988], [151.2074948, -33.8632843]], [[151.2074948, -33.8632843], [151.2075266, -33.8627988], [151.2075312, -33.862754], [151.2075358, -33.862708], [151.2075446, -33.8626558], [151.207554, -33.8626109], [151.2075681, -33.8625593], [151.2075818, -33.8625147], [151.207615, -33.8624252], [151.2076206, -33.8624122], [151.2076412, -33.8623709], [151.2076509, -33.8623505], [151.2076958, -33.8622709], [151.2077555, -33.8621724], [151.2077701, -33.8621481], [151.2077833, -33.8621268]], [[151.2077833, -33.8621268], [151.2082073, -33.8614433], [151.208214, -33.8614345], [151.2082208, -33.861426], [151.2082318, -33.861412]], [[151.2082318, -33.861412], [151.2082567, -33.8613884], [151.2082645, -33.8613814], [151.208289, -33.8613641], [151.2083158, -33.8613497], [151.208345, -33.8613379], [151.2083602, -33.8613335], [151.2083946, -33.8613252], [151.2084078, -33.8613228], [151.2084272, -33.8613209], [151.2084395, -33.8613196]], [[151.2084395, -33.8613196], [151.2084718, -33.8613199], [151.2085163, -33.8613238], [151.2086334, -33.8613336], [151.2090411, -33.8613713]], [[151.2090411, -33.8613713], [151.2095656, -33.8614198], [151.209597, -33.8614226], [151.2096165, -33.861425], [151.2096413, -33.8614269], [151.2096882, -33.861431], [151.210146, -33.8614727]]]}}, {"type": "Feature", "properties": {"name": "Kingsford Line", "ref": "L3", "mode": "light_rail", "network": "Sydney Light Rail", "from": "Circular Quay", "to": "Juniors Kingsford"}, "geometry": {"type": "MultiLineString", "coordinates": [[[151.2101353, -33.8615691], [151.2096688, -33.8615264], [151.2096288, -33.8615228], [151.2096028, -33.8615204], [151.2095856, -33.8615184], [151.2095538, -33.8615122], [151.2095355, -33.8615078], [151.2095149, -33.8615019], [151.2094944, -33.8614961], [151.2094741, -33.8614901], [151.2094538, -33.8614842], [151.2094328, -33.8614786], [151.2094124, -33.8614739], [151.209391, -33.86147], [151.2093336, -33.8614626]], [[151.2093336, -33.8614626], [151.2090331, -33.8614354]], [[151.2090331, -33.8614354], [151.2086238, -33.8613972], [151.2085069, -33.8613871], [151.2084737, -33.8613852], [151.2084422, -33.8613853], [151.2084104, -33.8613883], [151.208405, -33.8613893], [151.2083682, -33.8613962], [151.2083477, -33.8614036], [151.2083224, -33.8614149], [151.2082931, -33.8614305], [151.2082676, -33.8614483], [151.2082477, -33.8614663], [151.208225, -33.8614889], [151.208207, -33.8615121], [151.2081905, -33.8615346], [151.207816, -33.8621366]], [[151.207816, -33.8621366], [151.2078025, -33.8621584], [151.2077862, -33.8621846], [151.2077261, -33.8622799]], [[151.2077261, -33.8622799], [151.2077107, -33.8623123], [151.2076843, -33.8623619], [151.2076747, -33.8623823], [151.2076561, -33.8624237], [151.2076381, -33.8624627], [151.2076185, -33.8625147], [151.2076022, -33.8625673], [151.2075884, -33.8626204], [151.2075789, -33.8626635], [151.2075702, -33.8627175], [151.2075645, -33.8627625], [151.20756, -33.8628074], [151.2075325, -33.8632493], [151.2075302, -33.8632857]], [[151.2075302, -33.8632857], [151.2075292, -33.8633012], [151.2075273, -33.863332], [151.2075246, -33.8633747], [151.2075238, -33.8634197], [151.2075232, -33.8634647], [151.2075282, -33.8635155], [151.2075346, -33.8635911], [151.207537, -33.8636365]], [[151.207537, -33.8636365], [151.2075362, -33.863752], [151.2075351, -33.8637684], [151.207524, -33.8638785], [151.2074711, -33.8644333], [151.2074692, -33.8644536], [151.2074635, -33.8645078], [151.2074557, -33.8645522], [151.2074466, -33.8645898], [151.2074355, -33.8646283], [151.2074121, -33.8647104], [151.2074025, -33.8647545], [151.2073965, -33.864799], [151.2073912, -33.8648447], [151.2073733, -33.865026], [151.2073176, -33.8654985], [151.2073075, -33.8655822]], [[151.2073075, -33.8655822], [151.207304, -33.8656109], [151.2072938, -33.8657046], [151.207271, -33.8659156], [151.2072326, -33.8662662], [151.207221, -33.8663724]], [[151.207221, -33.8663724], [151.2071817, -33.8667301], [151.2071646, -33.8668915], [151.2071422, -33.8670934], [151.2071349, -33.8671605], [151.2071047, -33.8674389], [151.2071036, -33.8674486], [151.2070481, -33.8679799], [151.2070067, -33.8683439], [151.2069881, -33.8685078], [151.2069835, -33.8685527], [151.2069785, -33.8686336], [151.2069778, -33.8686453], [151.2069758, -33.8686711], [151.2069742, -33.8686902], [151.2069709, -33.8687295], [151.206965, -33.8687898], [151.2069627, -33.86881], [151.2069598, -33.8688658], [151.2069569, -33.8689215], [151.2069548, -33.8690118], [151.2069538, -33.8690928], [151.2069541, -33.8691741], [151.2069546, -33.8693294], [151.2069552, -33.8694913], [151.2069557, -33.8696584], [151.2069559, -33.8697123], [151.2069562, -33.8697927], [151.2069566, -33.8699249], [151.2069571, -33.8700787], [151.2069573, -33.8701375], [151.2069576, -33.8702271], [151.2069579, -33.8703167], [151.206958, -33.8703551], [151.2069607, -33.8706804], [151.2069609, -33.8707038], [151.2069612, -33.8707267], [151.2069617, -33.8707832], [151.2069632, -33.8708324], [151.2069649, -33.8708633], [151.2069653, -33.8708844], [151.2069751, -33.8714634], [151.2069821, -33.8717704], [151.2069899, -33.8719775], [151.2070096, -33.8724442], [151.2070205, -33.8727075], [151.2070225, -33.8727618], [151.207023, -33.8728023], [151.2070236, -33.8728264], [151.2070237, -33.8728741], [151.2070233, -33.8729061], [151.2070222, -33.8729536], [151.2070205, -33.872987], [151.2070194, -33.8730177], [151.2070173, -33.87305], [151.2070147, -33.873086], [151.2070127, -33.8731088], [151.2070116, -33.873122], [151.2070081, -33.873158], [151.2070033, -33.8732028], [151.2069977, -33.8732475], [151.206989, -33.8733103], [151.2069806, -33.8733709], [151.2069546, -33.8735514]], [[151.2069546, -33.8735514], [151.2069002, -33.8739281]], [[151.2069002, -33.8739281], [151.2068582, -33.8742214], [151.2068562, -33.8742316]], [[151.2068562, -33.8742316], [151.2068552, -33.8742412], [151.2068494, -33.874281], [151.2068477, -33.8743016], [151.2068438, -33.8743217], [151.2068385, -33.874361], [151.2068333, -33.8743971], [151.2068258, -33.8744478], [151.2068207, -33.8744765], [151.2068177, -33.8745008], [151.2068113, -33.8745366], [151.2068031, -33.8745724], [151.2067961, -33.8745986], [151.2067755, -33.8746686], [151.2067734, -33.8746755], [151.2067701, -33.8746864]], [[151.2067701, -33.8746864], [151.2067039, -33.8749045]], [[151.2067039, -33.8749045], [151.2066763, -33.8749947], [151.206627, -33.875158], [151.2066053, -33.8752276], [151.2065882, -33.8752794], [151.2065667, -33.8753402], [151.2065406, -33.8754092], [151.2065201, -33.8754605], [151.2064954, -33.8755206], [151.2064748, -33.8755713], [151.2064575, -33.8756145]], [[151.2064575, -33.8756145], [151.2064411, -33.875657], [151.2064251, -33.8757005], [151.2064066, -33.8757524], [151.2062338, -33.8762726], [151.2062251, -33.8762987], [151.2062098, -33.8763441], [151.2062082, -33.8763502], [151.2061955, -33.8763926], [151.2061867, -33.8764184], [151.2061664, -33.8764829], [151.205959, -33.8771267], [151.2058376, -33.8775102], [151.2057982, -33.8776587], [151.2057874, -33.8776958], [151.2057775, -33.8777329], [151.2057642, -33.877787], [151.2057454, -33.8778566], [151.205733, -33.8779067], [151.2057284, -33.8779243], [151.2057181, -33.8779686], [151.2057058, -33.8780217], [151.2056964, -33.8780659], [151.2056875, -33.8781104], [151.2056793, -33.8781552], [151.2056705, -33.8782083], [151.2056626, -33.8782536], [151.2056551, -33.8782979], [151.2056458, -33.8783514], [151.2056373, -33.8784048], [151.205628, -33.8784585], [151.2056096, -33.8785655], [151.2055975, -33.8786366], [151.2055805, -33.8787353], [151.2055553, -33.8788866], [151.2055498, -33.8789171]], [[151.2055498, -33.8789171], [151.2055443, -33.8789477], [151.2055392, -33.8789763], [151.2054997, -33.8791256], [151.2054301, -33.8793342], [151.2054212, -33.8793602], [151.2054123, -33.8793862]], [[151.2054123, -33.8793862], [151.2053935, -33.8794412], [151.205361, -33.8795362], [151.2053334, -33.8796207], [151.2053246, -33.8796468], [151.2053184, -33.8796667], [151.2053075, -33.8796989], [151.2052897, -33.8797509], [151.2052867, -33.8797596], [151.2052689, -33.8798117], [151.2052454, -33.8798811], [151.2052275, -33.879933], [151.2051373, -33.8801927], [151.2051017, -33.8802966], [151.2050897, -33.880332], [151.2050548, -33.8804358], [151.2050219, -33.8805336], [151.2050127, -33.8805618], [151.2048798, -33.8809561], [151.204875, -33.880974], [151.2048701, -33.8809918], [151.204867, -33.8810095], [151.2048643, -33.8810275], [151.2048639, -33.8810443], [151.2048665, -33.8810644], [151.2048693, -33.8810813], [151.2048717, -33.8810915], [151.2048768, -33.8811065], [151.2048832, -33.881123], [151.2048866, -33.8811299], [151.2048938, -33.8811436], [151.2049054, -33.8811596], [151.2049172, -33.881174], [151.204931, -33.8811893], [151.2049458, -33.8812024], [151.2049621, -33.8812146], [151.2049772, -33.8812253], [151.2049951, -33.8812376], [151.2050114, -33.8812472], [151.2050292, -33.881257], [151.2050502, -33.8812687], [151.205354, -33.8814423], [151.2056345, -33.8815979]], [[151.2056345, -33.8815979], [151.2056553, -33.8816094], [151.2056874, -33.8816272], [151.2057572, -33.8816669], [151.2058625, -33.8817269], [151.2058832, -33.8817393], [151.2059635, -33.8817913]], [[151.2059635, -33.8817913], [151.2060822, -33.8818677]], [[151.2060822, -33.8818677], [151.2061827, -33.8819324], [151.2062351, -33.8819643], [151.2063073, -33.8820085]], [[151.2063073, -33.8820085], [151.2063767, -33.8820462], [151.2064764, -33.8821008], [151.2065491, -33.8821397], [151.2067754, -33.8822634]], [[151.2067754, -33.8822634], [151.2069287, -33.8823471], [151.2071282, -33.8824553], [151.2072977, -33.8825475], [151.2074102, -33.8826099]], [[151.2074102, -33.8826099], [151.2074471, -33.8826292], [151.2075075, -33.8826618], [151.2077164, -33.8827752]], [[151.2077164, -33.8827752], [151.2079606, -33.8829085], [151.207987, -33.8829246], [151.2080039, -33.8829359]], [[151.2080039, -33.8829359], [151.2080205, -33.8829482], [151.2080357, -33.8829605], [151.2080502, -33.8829739], [151.208063, -33.8829883], [151.2080758, -33.8830032], [151.2080868, -33.8830183], [151.2080968, -33.8830341], [151.2081051, -33.8830507], [151.2081137, -33.8830673], [151.2081205, -33.8830848], [151.2081262, -33.8831016], [151.2081312, -33.8831196], [151.2081444, -33.8831727], [151.2081888, -33.8833584], [151.2081927, -33.8833759], [151.2081955, -33.8833936], [151.208198, -33.8834116], [151.2081983, -33.8834298], [151.2081975, -33.8834477], [151.2081959, -33.8834658], [151.2081923, -33.8834834], [151.2081876, -33.8835013], [151.208182, -33.8835186], [151.2081752, -33.8835357], [151.2081519, -33.8835773], [151.2081474, -33.8835845], [151.2081458, -33.8835863], [151.2081358, -33.8836001], [151.2081003, -33.8836459], [151.2080654, -33.8836907]], [[151.2080654, -33.8836907], [151.2079234, -33.8838722], [151.2078889, -33.8839176]], [[151.2078889, -33.8839176], [151.207861, -33.8839536], [151.2076947, -33.8841673], [151.2075943, -33.8842958], [151.2074836, -33.8844381], [151.2074642, -33.8844632], [151.207424, -33.8845153], [151.2074147, -33.8845273]], [[151.2074147, -33.8845273], [151.2072709, -33.8847116], [151.207224, -33.8847717], [151.2071061, -33.8849234], [151.2070531, -33.8849915], [151.2070419, -33.8850066], [151.2070313, -33.8850227], [151.2070214, -33.8850387], [151.2070125, -33.8850556], [151.207005, -33.885072], [151.2069986, -33.8850892], [151.206993, -33.8851067], [151.2069888, -33.8851244], [151.2069857, -33.8851422], [151.2069836, -33.8851602], [151.2069824, -33.885178], [151.2069815, -33.8851962]], [[151.2069815, -33.8851962], [151.2069781, -33.8853313], [151.2069745, -33.8854848], [151.2069752, -33.8855113], [151.2069769, -33.8855384]], [[151.2069769, -33.8855384], [151.2069817, -33.8855677], [151.206987, -33.8855921], [151.2069957, -33.8856181], [151.2070066, -33.8856436], [151.2070118, -33.8856534], [151.2070197, -33.8856681]], [[151.2070197, -33.8856681], [151.2070297, -33.8856841], [151.207041, -33.8856992], [151.2070591, -33.8857223], [151.2070776, -33.8857412], [151.2070868, -33.8857503], [151.2071025, -33.8857642], [151.2071167, -33.8857755], [151.2071413, -33.8857933], [151.2071666, -33.8858097], [151.2074307, -33.8859622], [151.2077181, -33.8861255], [151.2080739, -33.886333]], [[151.2080739, -33.886333], [151.2081104, -33.8863542], [151.2081468, -33.8863754], [151.2081864, -33.8864033], [151.2082341, -33.8864358], [151.2082862, -33.8864725], [151.2083325, -33.8865055], [151.2083848, -33.8865422], [151.2084351, -33.8865764], [151.208487, -33.8866091], [151.2085401, -33.8866401], [151.2085952, -33.886669], [151.2086417, -33.8866917], [151.208699, -33.886717], [151.2087572, -33.8867414], [151.2091348, -33.8868976], [151.2095899, -33.8870859], [151.2099577, -33.8872381], [151.2102286, -33.8873505], [151.2109839, -33.8876642], [151.2111178, -33.8877224], [151.2112406, -33.8877799], [151.2113352, -33.8878249], [151.2114088, -33.8878604], [151.2114564, -33.8878829], [151.2116061, -33.887955], [151.2118026, -33.888049], [151.2122347, -33.8882553], [151.2123298, -33.8883004], [151.2123615, -33.8883153], [151.2124123, -33.8883407], [151.2125474, -33.8884133], [151.2129943, -33.8886533], [151.2130667, -33.8886924], [151.2131319, -33.8887251], [151.2131425, -33.8887303], [151.2131801, -33.8887485], [151.2133366, -33.888822], [151.2134541, -33.8888741], [151.2134853, -33.8888879], [151.2136388, -33.8889657], [151.213721, -33.889009], [151.2138028, -33.8890528], [151.2138845, -33.8890965], [151.2139664, -33.8891394], [151.2140708, -33.8891881], [151.2145748, -33.8893964], [151.2147881, -33.8894836], [151.2148559, -33.8895108], [151.214912, -33.8895324], [151.2149341, -33.889541], [151.2149952, -33.8895619], [151.215065, -33.8895847], [151.2151098, -33.8895972], [151.2151584, -33.8896101], [151.2152201, -33.889625], [151.215273, -33.8896359], [151.2153256, -33.8896462], [151.2153783, -33.889655], [151.2164224, -33.8897927]], [[151.2164224, -33.8897927], [151.2170375, -33.8898739], [151.2170509, -33.8898756]], [[151.2170509, -33.8898756], [151.2170642, -33.8898773], [151.217103, -33.8898815], [151.2171889, -33.8898928], [151.2172865, -33.8899074]], [[151.2172865, -33.8899074], [151.2173038, -33.88991]], [[151.2173038, -33.88991], [151.2175395, -33.8899396]], [[151.2175395, -33.8899396], [151.2176138, -33.8899499], [151.2180579, -33.8900115]], [[151.2180579, -33.8900115], [151.2183007, -33.8900507]], [[151.2183007, -33.8900507], [151.2187507, -33.8901115]], [[151.2187507, -33.8901115], [151.2190703, -33.8901553], [151.2191448, -33.8901677], [151.2191974, -33.8901772], [151.2192505, -33.890188], [151.2193016, -33.8902007], [151.2193536, -33.8902143], [151.2194042, -33.8902291], [151.2194553, -33.8902458], [151.2195047, -33.8902634], [151.2195545, -33.8902826], [151.2196017, -33.890303], [151.2196591, -33.8903284], [151.219706, -33.890351], [151.2197611, -33.8903792], [151.2198064, -33.8904032], [151.2202627, -33.8906451], [151.2209111, -33.890988], [151.2209561, -33.8910139], [151.2209992, -33.8910399]], [[151.2209992, -33.8910399], [151.2210414, -33.891068], [151.2210812, -33.8910985], [151.2211192, -33.8911307], [151.2211544, -33.8911649], [151.2211873, -33.8912008], [151.2212178, -33.8912384], [151.221245, -33.8912772], [151.2212694, -33.8913172], [151.2212909, -33.8913587], [151.2213097, -33.8914006], [151.2213259, -33.8914436], [151.2213307, -33.8914553], [151.2213336, -33.8914626]], [[151.2213336, -33.8914626], [151.221346, -33.8915037], [151.2213793, -33.8916418], [151.2214466, -33.8919352]], [[151.2214466, -33.8919352], [151.2214566, -33.8919742], [151.2215663, -33.8924897], [151.2215813, -33.8925564], [151.2216365, -33.8928023]], [[151.2216365, -33.8928023], [151.2216405, -33.8928199], [151.2216569, -33.8928933], [151.2216654, -33.8929313], [151.2216807, -33.8929936], [151.2216992, -33.8930646], [151.22171, -33.893102], [151.221714, -33.8931156]], [[151.221714, -33.8931156], [151.2217192, -33.8931336], [151.221724, -33.8931508], [151.2217364, -33.8931956], [151.2217551, -33.8932655], [151.2217626, -33.8933]], [[151.2217626, -33.8933], [151.2217656, -33.8933137], [151.2217779, -33.8933861], [151.2218299, -33.893685], [151.2218861, -33.8940131], [151.2218886, -33.8940278], [151.2219085, -33.8941437], [151.2219109, -33.8941577], [151.2219141, -33.8941763]], [[151.2219141, -33.8941763], [151.2219666, -33.8944825]], [[151.2219666, -33.8944825], [151.2219921, -33.8946309], [151.2220019, -33.8946941], [151.2220122, -33.8947654], [151.2220219, -33.8948374], [151.2220311, -33.8949087], [151.2220514, -33.8951081], [151.2220543, -33.8951363], [151.2220589, -33.8951862], [151.2220662, -33.8952772], [151.2220717, -33.895349], [151.2220734, -33.8953692], [151.2220797, -33.8954384], [151.2220843, -33.8954928]], [[151.2220843, -33.8954928], [151.2220888, -33.8955473], [151.2220995, -33.895655], [151.2221096, -33.8957441], [151.2221106, -33.8957529], [151.2221216, -33.8958345], [151.2221356, -33.8959329], [151.2221524, -33.8960396], [151.2221723, -33.8961565], [151.2222218, -33.8964415], [151.2222561, -33.8966273], [151.2222809, -33.8967606], [151.2223021, -33.896877], [151.2223416, -33.8971032], [151.2224, -33.8974167]], [[151.2224, -33.8974167], [151.2224055, -33.8974474], [151.2224121, -33.8974826], [151.2224474, -33.8976793], [151.2224981, -33.8980124]], [[151.2224981, -33.8980124], [151.2226543, -33.89892]], [[151.2226543, -33.89892], [151.2226606, -33.8989569], [151.2226828, -33.8990866], [151.2226861, -33.8991059], [151.22269, -33.8991291], [151.2226975, -33.8991728], [151.2227094, -33.8992421]], [[151.2227094, -33.8992421], [151.2227111, -33.8992574], [151.2227131, -33.8992753], [151.2227146, -33.8992933], [151.2227157, -33.8993114], [151.2227165, -33.8993293], [151.2227167, -33.8993473], [151.2227168, -33.8993649], [151.2227161, -33.8993834], [151.222715, -33.8994014], [151.2227137, -33.8994196], [151.2227118, -33.8994374], [151.2227101, -33.8994486], [151.2227094, -33.8994553], [151.2227, -33.8995087], [151.2226959, -33.8995266], [151.2226915, -33.8995442], [151.2226882, -33.8995545], [151.2226813, -33.8995792], [151.2226693, -33.8996122], [151.2226573, -33.8996485], [151.2226371, -33.8997161], [151.2226151, -33.89976], [151.2226024, -33.8997947], [151.2225782, -33.8998639], [151.2225683, -33.8998992], [151.222559, -33.8999345], [151.2225516, -33.8999697], [151.2225481, -33.8999868], [151.2225444, -33.900005], [151.222539, -33.9000411], [151.2225349, -33.9000771], [151.2225312, -33.9001133], [151.2225298, -33.9001489], [151.2225289, -33.900185], [151.2225295, -33.900221], [151.2225321, -33.9002663], [151.2225359, -33.900311], [151.2225409, -33.9003469], [151.2226329, -33.9008916], [151.2226782, -33.9011591], [151.2227124, -33.9013596], [151.2227335, -33.9014804], [151.222754, -33.9015913], [151.2227646, -33.9016411], [151.2227748, -33.9016854], [151.2227855, -33.9017295], [151.2227998, -33.9017821], [151.222807, -33.9018084], [151.2228173, -33.9018433], [151.2228311, -33.9018873]], [[151.2228311, -33.9018873], [151.2228453, -33.9019307], [151.2228637, -33.9019827], [151.2228857, -33.9020428], [151.2229136, -33.9021111], [151.2229469, -33.9021875], [151.2229779, -33.9022553], [151.2230061, -33.9023136], [151.2231211, -33.9025486], [151.2231906, -33.9026888], [151.2232088, -33.9027293], [151.2233812, -33.9030754], [151.2235005, -33.9033209], [151.2235751, -33.903473], [151.2236648, -33.903657], [151.2237915, -33.9039158], [151.2238696, -33.9040741], [151.2239099, -33.9041579], [151.2239399, -33.9042256], [151.2239709, -33.9043023], [151.2239951, -33.9043714], [151.2240194, -33.9044502], [151.2240386, -33.9045242], [151.2240555, -33.9046073], [151.2240678, -33.9046805], [151.2240769, -33.9047615], [151.2240823, -33.9048336], [151.2240837, -33.9049059], [151.2240828, -33.9049688], [151.2240798, -33.9050325], [151.2240776, -33.9050584], [151.2240744, -33.9050953]], [[151.2240744, -33.9050953], [151.2240688, -33.9051458], [151.2240656, -33.905167], [151.2240565, -33.9052295], [151.2239971, -33.9056083], [151.2239117, -33.9061504], [151.2239, -33.9062259], [151.2238603, -33.906481], [151.2238398, -33.9066176]], [[151.2238398, -33.9066176], [151.2237925, -33.9069323], [151.223765, -33.9070999], [151.2237542, -33.9071522], [151.2237334, -33.9072533], [151.2237121, -33.907365], [151.2235787, -33.9080407], [151.2235531, -33.9081931], [151.2235176, -33.9084346], [151.223486, -33.9086766], [151.2234771, -33.908744], [151.2234708, -33.9087916]], [[151.2234708, -33.9087916], [151.2234658, -33.9088297], [151.2234573, -33.9088943], [151.2234124, -33.9092316], [151.2233754, -33.90951], [151.2233536, -33.9096757], [151.2233343, -33.9098229], [151.2233337, -33.909835], [151.2233322, -33.9098658], [151.2233065, -33.9100524], [151.2232797, -33.9102744]], [[151.2232797, -33.9102744], [151.2232258, -33.9107201], [151.2231935, -33.910998], [151.223187, -33.9110786], [151.2231863, -33.9111523], [151.2231887, -33.9112154], [151.2231944, -33.9112861], [151.2232048, -33.9113581], [151.2232212, -33.9114389], [151.2232414, -33.9115091], [151.2232632, -33.9115787], [151.2232943, -33.9116545], [151.2233298, -33.9117308], [151.223378, -33.9118168], [151.2234145, -33.9118777], [151.223469, -33.9119547], [151.2235113, -33.9120071], [151.2235554, -33.9120577], [151.2236022, -33.9121075], [151.2236591, -33.9121631], [151.2237778, -33.9122722], [151.2240376, -33.9125104], [151.2242118, -33.9126699], [151.224496, -33.9129292], [151.2246109, -33.9130351], [151.2246426, -33.9130643], [151.2247368, -33.9131515], [151.2248496, -33.913253], [151.2248567, -33.9132594], [151.2248965, -33.9132962]], [[151.2248965, -33.9132962], [151.2250271, -33.9134169], [151.2250693, -33.9134575], [151.22511, -33.9134994], [151.2251538, -33.9135506], [151.225193, -33.9136046], [151.2252242, -33.9136531], [151.2252537, -33.9137109], [151.2252782, -33.9137699], [151.2252979, -33.9138314], [151.2253137, -33.9138924], [151.2253258, -33.9139464], [151.2254645, -33.9146397], [151.2254851, -33.914734], [151.2255099, -33.9148473], [151.225544, -33.9149963], [151.2255826, -33.9151527]], [[151.2255826, -33.9151527], [151.225653, -33.9154447], [151.2256881, -33.915586], [151.2257296, -33.9157445], [151.2257574, -33.9158465]], [[151.2257574, -33.9158465], [151.2257704, -33.9158941], [151.2257763, -33.9159166], [151.2257938, -33.9159836], [151.2258164, -33.9160703], [151.2258672, -33.9162828], [151.2259737, -33.9167245], [151.2260246, -33.916941], [151.2260438, -33.9170161], [151.2260592, -33.917078]], [[151.2260592, -33.917078], [151.2260868, -33.9172002], [151.2261063, -33.9173], [151.2261207, -33.9173893], [151.2261354, -33.9174879], [151.2261499, -33.9175864], [151.2261637, -33.9176759], [151.2261779, -33.9177654], [151.226184, -33.9177966], [151.2261972, -33.9178634], [151.2262384, -33.9181223]], [[151.2262384, -33.9181223], [151.2262951, -33.9184528], [151.2263498, -33.9187741], [151.2264029, -33.9190865], [151.2264257, -33.919211], [151.2264438, -33.9192993], [151.2264496, -33.9193277], [151.2264512, -33.9193353], [151.2264721, -33.9194304], [151.2264974, -33.9195451], [151.2265161, -33.9196281], [151.226563, -33.9198502], [151.2266409, -33.9202779], [151.2267025, -33.9206169], [151.2267585, -33.9209288], [151.2267893, -33.9211069], [151.226802, -33.9211812], [151.2268067, -33.9212083], [151.2268224, -33.9213047], [151.2268461, -33.9214425]], [[151.2268461, -33.9214425], [151.2268532, -33.9214838], [151.2269418, -33.9219996], [151.2269607, -33.92211], [151.2269739, -33.9221871], [151.2269817, -33.9222323]], [[151.2269817, -33.9222323], [151.2270091, -33.9223923], [151.2270195, -33.9224461], [151.2270319, -33.9224988], [151.2270472, -33.9225516], [151.2270662, -33.9226033], [151.2270873, -33.922654], [151.2271062, -33.9226923], [151.2271161, -33.9227123], [151.2271222, -33.9227229], [151.2271708, -33.9228071], [151.2272137, -33.922882], [151.2272759, -33.922989], [151.2273833, -33.923176], [151.2274415, -33.9232825], [151.2275031, -33.9233981], [151.2276116, -33.9236046], [151.2276723, -33.9237201], [151.2277806, -33.9239266], [151.2278195, -33.9240008], [151.2278424, -33.9240418], [151.2278676, -33.9240816], [151.227895, -33.9241206], [151.2279244, -33.9241584], [151.2279561, -33.9241951], [151.2279901, -33.9242304], [151.2280336, -33.92427], [151.2280721, -33.9243021], [151.228112, -33.9243318], [151.2281766, -33.924375], [151.2282022, -33.9243897], [151.2282581, -33.9244191], [151.2282799, -33.9244305], [151.2283114, -33.9244442], [151.2283569, -33.924464], [151.2284022, -33.9244807], [151.2286045, -33.924558], [151.2286513, -33.9245773], [151.2286999, -33.9245969], [151.2287476, -33.9246182], [151.2287939, -33.9246419], [151.2288382, -33.924667], [151.2288824, -33.924694], [151.2289245, -33.924722], [151.2289662, -33.9247501], [151.2290083, -33.9247786], [151.2293867, -33.9250338], [151.2295621, -33.9251494]]]}}, {"type": "Feature", "properties": {"name": "Westmead to Carlingford", "ref": "L4", "mode": "light_rail", "network": "Sydney Light Rail", "from": "Westmead", "to": "Carlingford"}, "geometry": {"type": "MultiLineString", "coordinates": [[[150.9876799, -33.8074096], [150.9875761, -33.8075744]], [[150.9878906, -33.8071409], [150.9877406, -33.8073132], [150.9877159, -33.8073525], [150.9876995, -33.8073784], [150.9876799, -33.8074096]], [[150.9878906, -33.8071409], [150.9879233, -33.8070957], [150.9880113, -33.8069553], [150.9880533, -33.8068875], [150.9881967, -33.8066555], [150.9882759, -33.8065294], [150.9883723, -33.8064052], [150.9884626, -33.8063078], [150.9884815, -33.8062873]], [[150.9884815, -33.8062873], [150.9889304, -33.8058354]], [[150.9889304, -33.8058354], [150.9889676, -33.805798], [150.989004, -33.8057613], [150.9896808, -33.8050799], [150.9897053, -33.8050553], [150.9897534, -33.8050068], [150.9898628, -33.8048966], [150.9901864, -33.8045708], [150.9903197, -33.8044366], [150.9903393, -33.8044169], [150.9904939, -33.8042704], [150.9905747, -33.8041978], [150.9906608, -33.8041205]], [[150.9906608, -33.8041205], [150.9908697, -33.803933], [150.9909161, -33.8038877], [150.9910042, -33.8038019], [150.9910392, -33.8037678], [150.991083, -33.803725], [150.992011, -33.8027871], [150.9921007, -33.8026866], [150.9922321, -33.8025248]], [[150.9922321, -33.8025248], [150.9923359, -33.802392], [150.9923602, -33.8023651], [150.9923857, -33.8023425], [150.9924181, -33.8023201], [150.9924568, -33.8023017], [150.9924994, -33.802288], [150.9925462, -33.80228], [150.9925919, -33.8022814], [150.9926312, -33.802286], [150.9926767, -33.8022988], [150.9927222, -33.8023186], [150.9927534, -33.8023372], [150.992779, -33.8023552], [150.9932194, -33.8026711], [150.9933686, -33.8027781]], [[150.9933686, -33.8027781], [150.9935602, -33.8029155], [150.9935971, -33.8029415], [150.9936568, -33.8029753], [150.9937027, -33.802998], [150.9937378, -33.8030114], [150.9937543, -33.8030172], [150.9937989, -33.8030286], [150.993852, -33.8030361], [150.9939038, -33.8030389], [150.9939422, -33.8030379], [150.9939821, -33.8030323], [150.9940253, -33.8030237], [150.9940701, -33.8030117], [150.9941123, -33.8029944], [150.9944178, -33.8028517], [150.9945066, -33.802812], [150.9946128, -33.8027666]], [[150.9946128, -33.8027666], [150.994728, -33.8027185], [150.9948589, -33.8026691], [150.9949997, -33.8026206], [150.995575, -33.8024262], [150.9961031, -33.8022509]], [[150.9961031, -33.8022509], [150.9968855, -33.8019839]], [[150.9968855, -33.8019839], [150.9969317, -33.8019679], [150.996982, -33.8019501], [150.9970216, -33.8019345], [150.9970672, -33.8019145], [150.9975047, -33.8017117], [150.9975661, -33.8016848], [150.9976345, -33.8016572], [150.9977203, -33.801626], [150.9977695, -33.8016101], [150.9978193, -33.8015948], [150.9978637, -33.8015829], [150.9979258, -33.8015654], [150.9979709, -33.8015548], [150.9980166, -33.801546], [150.998065, -33.8015376], [150.9981273, -33.8015272], [150.9981854, -33.8015185], [150.9982365, -33.8015125], [150.9982802, -33.8015086], [150.9990777, -33.8014507], [150.9992481, -33.8014365], [150.9993019, -33.801433], [150.9993627, -33.8014302], [150.9994194, -33.80143], [150.999468, -33.8014317], [150.9995091, -33.8014346], [150.9995496, -33.8014387], [150.9996011, -33.8014467], [150.9996481, -33.8014552], [150.9996986, -33.8014663], [150.9998644, -33.8015132], [151.000214, -33.8016152]], [[151.000214, -33.8016152], [151.000305, -33.8016409], [151.0003532, -33.8016538], [151.0004007, -33.8016657], [151.0004362, -33.8016721], [151.0004866, -33.8016797], [151.0005427, -33.8016842], [151.0005904, -33.8016858], [151.0006487, -33.8016843], [151.0007077, -33.8016801], [151.0007652, -33.8016707], [151.000823, -33.8016577], [151.0008894, -33.8016373], [151.0009486, -33.8016159], [151.0010664, -33.8015698], [151.0011612, -33.8015308]], [[151.0011612, -33.8015308], [151.0015579, -33.8013675], [151.0015958, -33.801352]], [[151.0015958, -33.801352], [151.0016717, -33.8013207], [151.0017048, -33.8013068], [151.0017263, -33.8012982], [151.0018195, -33.8012609], [151.0018939, -33.8012295], [151.0022037, -33.8011018]], [[151.0022037, -33.8011018], [151.0022572, -33.8010798]], [[151.0022572, -33.8010798], [151.0022776, -33.8010714], [151.0023056, -33.80106], [151.0026283, -33.8009217]], [[151.0026283, -33.8009217], [151.002656, -33.8009108], [151.002691, -33.8008968], [151.002805, -33.8008519], [151.0028721, -33.8008244], [151.0029683, -33.8007835], [151.0039592, -33.8003737]], [[151.0039592, -33.8003737], [151.0039888, -33.8003636], [151.0040271, -33.8003532], [151.0040632, -33.8003481], [151.0040985, -33.8003428], [151.0041331, -33.8003429], [151.0041777, -33.8003465], [151.0042036, -33.8003517], [151.0042303, -33.800359], [151.0042653, -33.8003715], [151.0043021, -33.800389], [151.0043376, -33.8004124], [151.0043634, -33.8004344], [151.0043921, -33.8004665], [151.0044188, -33.8005064], [151.0044369, -33.800537], [151.0046753, -33.8009731], [151.0046906, -33.8010017]], [[151.0046906, -33.8010017], [151.0047317, -33.8010765], [151.0048316, -33.801266]], [[151.0048316, -33.801266], [151.0048438, -33.8012897], [151.005716, -33.8032524]], [[151.005716, -33.8032524], [151.005725, -33.8032727], [151.0057404, -33.8033044], [151.0057828, -33.8034148], [151.0058119, -33.8034936], [151.0058323, -33.8036088], [151.0058431, -33.8036556], [151.0058631, -33.8038032], [151.0058671, -33.8038608], [151.0058844, -33.8042771], [151.005887, -33.8044926], [151.0058702, -33.8048767], [151.0058491, -33.8053605], [151.0058474, -33.8054001], [151.0058468, -33.8054132], [151.0058433, -33.8054927], [151.0058282, -33.8058384], [151.0058106, -33.8060531], [151.0057424, -33.8065634], [151.0057383, -33.8065942], [151.005726, -33.8066861], [151.005709, -33.8067826], [151.0057043, -33.8068095], [151.0055326, -33.8078431], [151.005411, -33.8084236], [151.0054031, -33.8084592], [151.0053709, -33.8086366], [151.0053596, -33.8086911], [151.0053409, -33.8087694], [151.0052421, -33.8092301], [151.0052333, -33.809272]], [[151.0052333, -33.809272], [151.0052061, -33.8094017], [151.0051915, -33.8094714], [151.0051631, -33.8095817], [151.0051068, -33.8097596], [151.0050804, -33.8098362], [151.0050439, -33.8099236], [151.0050346, -33.8099458], [151.0050047, -33.8100069], [151.0049482, -33.8101222], [151.0049098, -33.8102006], [151.0049021, -33.8102177]], [[151.0049021, -33.8102177], [151.0048977, -33.810226], [151.0048721, -33.8102703], [151.0047581, -33.8104654]], [[151.0047581, -33.8104654], [151.0044616, -33.8109642]], [[151.0044616, -33.8109642], [151.0043579, -33.811156], [151.0042551, -33.8113744], [151.0039477, -33.8120616], [151.003912, -33.8121454], [151.0039019, -33.8121693], [151.0038941, -33.8121867], [151.0038693, -33.812244], [151.0038459, -33.8123093], [151.0038412, -33.8123221], [151.0038069, -33.8124179], [151.0037295, -33.8126529], [151.0035811, -33.8131035], [151.0035406, -33.8132265], [151.0034733, -33.8134309], [151.0034615, -33.8134663], [151.0034547, -33.8134874], [151.0034319, -33.8135572], [151.0034093, -33.8136292], [151.0034036, -33.8136462], [151.003185, -33.8142794], [151.0030972, -33.8145308], [151.0030057, -33.8147928], [151.0029911, -33.8148404]], [[151.0029911, -33.8148404], [151.0029853, -33.8148702], [151.0029832, -33.8148946], [151.0029832, -33.8149175], [151.0029846, -33.8149254], [151.0029861, -33.814932], [151.0029937, -33.8149568], [151.0030034, -33.8149815], [151.0030126, -33.8149982], [151.0030258, -33.8150183], [151.0030506, -33.8150476], [151.0030595, -33.8150549], [151.0030823, -33.8150715], [151.0031102, -33.8150878], [151.0031428, -33.8151021], [151.0031841, -33.8151141], [151.0032663, -33.8151326], [151.0033542, -33.8151509], [151.003378, -33.8151561], [151.0034017, -33.8151613], [151.0034166, -33.8151646], [151.0034459, -33.8151711], [151.0034753, -33.8151775]], [[151.0034753, -33.8151775], [151.0035745, -33.8151994], [151.0037015, -33.8152274]], [[151.0037015, -33.8152274], [151.0037295, -33.8152336], [151.0040851, -33.815312], [151.0042054, -33.8153385], [151.0043613, -33.8153728], [151.0043703, -33.8153748], [151.0043839, -33.8153778], [151.0043975, -33.8153808], [151.0046818, -33.8154422]], [[151.0046818, -33.8154422], [151.0048455, -33.8154774], [151.0048875, -33.8154865]], [[151.0048875, -33.8154865], [151.0049081, -33.815491], [151.0053269, -33.8155819], [151.0053895, -33.8155955]], [[151.0053895, -33.8155955], [151.0057089, -33.8156649], [151.0057244, -33.815669], [151.0057806, -33.8156829], [151.0058492, -33.8157007], [151.0059248, -33.8157216], [151.006078, -33.8157617], [151.0063402, -33.8158279], [151.0065442, -33.8158762], [151.0070398, -33.8159868], [151.007189, -33.8160201], [151.0072448, -33.8160325], [151.0086323, -33.8163422], [151.0086657, -33.8163487], [151.0088132, -33.8163825], [151.0089392, -33.8164106], [151.0097978, -33.8166023], [151.0098292, -33.8166093], [151.0099031, -33.8166258], [151.0099339, -33.8166327], [151.0106546, -33.8167854], [151.0108669, -33.8168306], [151.0114012, -33.8169505], [151.0114544, -33.8169622]], [[151.0114544, -33.8169622], [151.0115198, -33.8169767], [151.0115257, -33.816978], [151.011598, -33.8169902], [151.0116375, -33.8169954], [151.011687, -33.8169964], [151.0117304, -33.8169928], [151.0117678, -33.8169825], [151.0118083, -33.8169657], [151.0118449, -33.8169452], [151.0118689, -33.8169266]], [[151.0118689, -33.8169266], [151.0118932, -33.8168992], [151.0119115, -33.8168712], [151.0119318, -33.8168336], [151.0119471, -33.8167918], [151.0121284, -33.8161806], [151.0121426, -33.8161394], [151.0121582, -33.8161054], [151.0121769, -33.8160779], [151.0122007, -33.8160518], [151.0122347, -33.8160254], [151.0122726, -33.8160044], [151.0123007, -33.8159925], [151.0123606, -33.815979], [151.0124007, -33.8159767], [151.0124415, -33.815979], [151.0124856, -33.8159878], [151.0125451, -33.8160052], [151.0127471, -33.8160751]], [[151.0127471, -33.8160751], [151.0136549, -33.8163701], [151.0137123, -33.8163887], [151.0137807, -33.816411], [151.0139128, -33.8164539], [151.0142656, -33.8165808], [151.0145359, -33.8166953], [151.0148988, -33.8168755], [151.0149182, -33.8168858]], [[151.0149182, -33.8168858], [151.0149492, -33.8169012], [151.0150253, -33.8169426], [151.0151465, -33.8170069], [151.015799, -33.8173465], [151.0158623, -33.8173742], [151.0159374, -33.8174028], [151.0160011, -33.8174226], [151.0160842, -33.8174439], [151.0162676, -33.8174855]], [[151.0162676, -33.8174855], [151.0171109, -33.8176731]], [[151.0171109, -33.8176731], [151.0171593, -33.8176836], [151.0171866, -33.817688], [151.0172135, -33.8176907], [151.0172388, -33.8176914], [151.0172762, -33.8176897], [151.0173189, -33.8176824], [151.0173592, -33.817671], [151.0173839, -33.817662], [151.0174143, -33.817645], [151.017447, -33.8176221], [151.0174695, -33.8176014], [151.0174861, -33.8175808], [151.0175296, -33.8175078], [151.0176532, -33.8172113], [151.0176669, -33.8171853], [151.0176887, -33.8171525], [151.0177124, -33.8171264], [151.0177403, -33.8171043], [151.017769, -33.817086], [151.0178016, -33.8170715], [151.0178384, -33.8170595], [151.0178773, -33.8170529], [151.0179167, -33.817052], [151.0179607, -33.817055], [151.018003, -33.8170618], [151.0181843, -33.8171046]], [[151.0181843, -33.8171046], [151.0186932, -33.8172267], [151.018769, -33.817245]], [[151.018769, -33.817245], [151.0188806, -33.8172716], [151.0198576, -33.8175107], [151.0204154, -33.8176394]], [[151.0204154, -33.8176394], [151.0206983, -33.8177122], [151.0213685, -33.8178728], [151.0216283, -33.8179267], [151.0220939, -33.8180105]], [[151.0220939, -33.8180105], [151.0224644, -33.8180772], [151.0226446, -33.8181214], [151.0227825, -33.8181686], [151.0229146, -33.8182262], [151.0230398, -33.8182937], [151.023157, -33.8183704]], [[151.023157, -33.8183704], [151.0232653, -33.8184559], [151.0234653, -33.8186404], [151.0235624, -33.8187143]], [[151.0235624, -33.8187143], [151.0236312, -33.8187542], [151.0237074, -33.8187914], [151.0237454, -33.8188099], [151.0237822, -33.8188263]], [[151.0237822, -33.8188263], [151.0238405, -33.8188414], [151.023887, -33.8188501], [151.0239335, -33.8188544], [151.0239862, -33.8188525], [151.0240503, -33.8188432], [151.0241068, -33.818826], [151.0241615, -33.8188004], [151.0242121, -33.8187683], [151.0242346, -33.818748], [151.0242728, -33.8187031], [151.0242882, -33.8186787], [151.0243111, -33.8186269]], [[151.0243111, -33.8186269], [151.0243833, -33.8184043], [151.0244037, -33.8183415]], [[151.0244037, -33.8183415], [151.0244217, -33.818286], [151.0244707, -33.8181348], [151.0245197, -33.8179836], [151.02454, -33.8179211], [151.0245601, -33.8178592], [151.0246009, -33.8177334], [151.0246266, -33.8176543], [151.0247118, -33.8173918]], [[151.0247118, -33.8173918], [151.0247591, -33.8172518]], [[151.0247591, -33.8172518], [151.0247821, -33.8171834], [151.0249554, -33.8166701]], [[151.0249554, -33.8166701], [151.0249624, -33.8166493], [151.0250948, -33.8162403]], [[151.0250948, -33.8162403], [151.0251205, -33.8161834], [151.0251772, -33.8160256]], [[151.0251772, -33.8160256], [151.0252026, -33.8159609], [151.0252922, -33.8157613], [151.0254306, -33.8154917], [151.0255759, -33.8152382]], [[151.0255759, -33.8152382], [151.0261801, -33.8141961]], [[151.0261801, -33.8141961], [151.0267823, -33.8131551], [151.0272059, -33.8124521], [151.0272975, -33.8123098], [151.0274644, -33.8120695], [151.0280402, -33.8113092], [151.0282545, -33.811039], [151.0284166, -33.8108482], [151.0284278, -33.8108359]], [[151.0284278, -33.8108359], [151.0285849, -33.8106612], [151.0286606, -33.8105783]], [[151.0286606, -33.8105783], [151.0286857, -33.8105517], [151.0286995, -33.810537]], [[151.0286995, -33.810537], [151.0290268, -33.8101902], [151.0293782, -33.8098181], [151.0293976, -33.8097975], [151.029417, -33.809777], [151.0294835, -33.8097066], [151.0296735, -33.8095053]], [[151.0296735, -33.8095053], [151.0297371, -33.8094379], [151.0299475, -33.8091752], [151.030128, -33.8088974], [151.030277, -33.8086068], [151.0303289, -33.8084856]], [[151.0303289, -33.8084856], [151.0308094, -33.8072994], [151.0308424, -33.8072181], [151.0317219, -33.8050462], [151.0317491, -33.8049867], [151.0318327, -33.8048312]], [[151.0318327, -33.8048312], [151.0319317, -33.8046821], [151.0320453, -33.8045405], [151.032173, -33.8044074], [151.0323136, -33.8042838], [151.0324662, -33.8041705]], [[151.0324662, -33.8041705], [151.0325239, -33.8041323], [151.032595, -33.8040885], [151.0327229, -33.8040175], [151.0328788, -33.8039425], [151.0329277, -33.8039214], [151.0333753, -33.8037194], [151.0334258, -33.8036967], [151.0335087, -33.8036595], [151.0336704, -33.8035868], [151.0338951, -33.8034772]], [[151.0338951, -33.8034772], [151.0343444, -33.8032581]], [[151.0343444, -33.8032581], [151.034609, -33.8031406]], [[151.034609, -33.8031406], [151.0352563, -33.8028531]], [[151.0352563, -33.8028531], [151.0355119, -33.8027378], [151.0357443, -33.8026447], [151.0358406, -33.8026112], [151.0360026, -33.8025616], [151.0372484, -33.8022423], [151.0375183, -33.8021661], [151.0376297, -33.8021289], [151.0378404, -33.8020446], [151.0380409, -33.8019445], [151.0382296, -33.8018295], [151.0384049, -33.8017006], [151.0385653, -33.8015588], [151.0386323, -33.8014913], [151.0388108, -33.8012901], [151.0393941, -33.8005863], [151.0395293, -33.8004139], [151.0396072, -33.8003027], [151.0397073, -33.8001343], [151.0397899, -33.7999594], [151.0398544, -33.7997792], [151.0399003, -33.7995951], [151.0399273, -33.7994084], [151.0399351, -33.7992205], [151.0399238, -33.7990327], [151.0398818, -33.7987958], [151.0398206, -33.7985829], [151.0397648, -33.7984195]], [[151.0397648, -33.7984195], [151.0396569, -33.7981034], [151.0395942, -33.7979043], [151.0395563, -33.7977566], [151.0395173, -33.7975179], [151.0395061, -33.7972772], [151.0395226, -33.7970368], [151.0395446, -33.7969028]], [[151.0395446, -33.7969028], [151.0395795, -33.7967656], [151.0396269, -33.796631], [151.0396868, -33.7964999], [151.0397505, -33.7963852], [151.0398277, -33.7962633], [151.0399302, -33.7961136], [151.0401973, -33.7957303]], [[151.0401973, -33.7957303], [151.0406871, -33.7950274]], [[151.0406871, -33.7950274], [151.0409233, -33.7946884], [151.0410523, -33.7945032], [151.0412108, -33.7942756], [151.0412467, -33.7942241], [151.0413066, -33.7941381], [151.0413334, -33.7940997]], [[151.0413334, -33.7940997], [151.0418265, -33.7933921], [151.0419069, -33.7932822], [151.0420006, -33.7931641], [151.0421835, -33.7929695], [151.0423571, -33.7928191], [151.0424734, -33.7927355], [151.0425466, -33.7926829], [151.0427506, -33.7925619], [151.0428824, -33.7924951], [151.0430311, -33.7924269], [151.0438753, -33.7920661], [151.0439777, -33.7920223], [151.0442048, -33.7919211], [151.0443366, -33.7918542], [151.0445271, -33.7917414], [151.044705, -33.7916149], [151.0448689, -33.7914759], [151.0450174, -33.7913254], [151.0451494, -33.7911645], [151.0452639, -33.7909945], [151.04536, -33.7908167], [151.045437, -33.7906326], [151.0454942, -33.7904435], [151.0455312, -33.7902509], [151.0455477, -33.7900563], [151.0455435, -33.7898613], [151.0455188, -33.7896674], [151.0454737, -33.789476], [151.045429, -33.7893394], [151.0453671, -33.7891801]], [[151.0453671, -33.7891801], [151.0446898, -33.7875825], [151.0446064, -33.7873749]], [[151.0446064, -33.7873749], [151.0445524, -33.7872137], [151.044505, -33.7870121], [151.0444798, -33.7868077], [151.0444771, -33.7866023], [151.0444969, -33.7863975], [151.0445391, -33.7861951], [151.0445846, -33.7860453], [151.0446667, -33.7858239], [151.0449933, -33.7849971], [151.0450546, -33.7848419]], [[151.0450546, -33.7848419], [151.0451128, -33.7846945], [151.0451654, -33.7845761], [151.0453057, -33.7843135]], [[151.0453057, -33.7843135], [151.0453556, -33.7841914]], [[151.0453556, -33.7841914], [151.0453981, -33.7840875], [151.0454406, -33.7839835], [151.0454686, -33.7839151], [151.0455436, -33.7837716]], [[151.0455436, -33.7837716], [151.0456259, -33.7836394], [151.0456852, -33.7835598], [151.0457307, -33.7835036], [151.0457977, -33.783429]], [[151.0457977, -33.783429], [151.0461317, -33.7830673], [151.0462139, -33.7829782]], [[151.0462139, -33.7829782], [151.0465627, -33.7825986]], [[151.0465627, -33.7825986], [151.0467644, -33.7823877], [151.0469313, -33.7822066]], [[151.0469313, -33.7822066], [151.0469656, -33.7821693], [151.0470108, -33.7821203], [151.0471643, -33.7819537]]]}}, {"type": "Feature", "properties": {"name": "Carlingford to Westmead", "ref": "L4", "mode": "light_rail", "network": "Sydney Light Rail", "from": "Carlingford", "to": "Westmead"}, "geometry": {"type": "MultiLineString", "coordinates": [[[151.0472014, -33.7819772], [151.047048, -33.7821407], [151.0470007, -33.7821913], [151.0469675, -33.7822267]], [[151.0469675, -33.7822267], [151.0469236, -33.7822718], [151.0468241, -33.7823694], [151.0467618, -33.7824262], [151.0465627, -33.7825986]], [[151.0462139, -33.7829782], [151.0465627, -33.7825986]], [[151.0457977, -33.783429], [151.0461317, -33.7830673], [151.0462139, -33.7829782]], [[151.0455436, -33.7837716], [151.0456259, -33.7836394], [151.0456852, -33.7835598], [151.0457307, -33.7835036], [151.0457977, -33.783429]], [[151.0453556, -33.7841914], [151.0453981, -33.7840875], [151.0454406, -33.7839835], [151.0454686, -33.7839151], [151.0455436, -33.7837716]], [[151.0453057, -33.7843135], [151.0453556, -33.7841914]], [[151.0453057, -33.7843135], [151.0452228, -33.7845242], [151.0451697, -33.7846592], [151.0450935, -33.7848528]], [[151.0450935, -33.7848528], [151.0446961, -33.7858591], [151.0446035, -33.7861182], [151.0445783, -33.7862059], [151.0445374, -33.7864039], [151.0445181, -33.7866042], [151.0445208, -33.7868051], [151.0445453, -33.787005], [151.0445914, -33.7872022], [151.0446452, -33.7873634]], [[151.0446452, -33.7873634], [151.0447336, -33.7875832], [151.0454058, -33.7891687]], [[151.0454058, -33.7891687], [151.0454722, -33.7893403], [151.0455127, -33.7894646], [151.045559, -33.7896593], [151.0455844, -33.7898568], [151.0455888, -33.7900553], [151.0455722, -33.7902534], [151.0455347, -33.7904494], [151.0454765, -33.790642], [151.0453982, -33.7908295], [151.0453004, -33.7910104], [151.0451837, -33.7911835], [151.0450492, -33.7913472], [151.0448978, -33.7915004], [151.0447309, -33.7916418], [151.0445496, -33.7917703], [151.0443554, -33.7918849], [151.0442235, -33.7919517], [151.0440897, -33.7920097], [151.0439956, -33.7920504], [151.0430634, -33.7924514], [151.0429145, -33.7925193], [151.0427823, -33.7925857], [151.0425704, -33.7927109], [151.0423853, -33.792844], [151.0422158, -33.7929908], [151.0420632, -33.79315], [151.0420274, -33.793192], [151.0419424, -33.7932995], [151.0418541, -33.7934204], [151.041521, -33.7938938]], [[151.041521, -33.7938938], [151.0413389, -33.7941526], [151.0412386, -33.7942978], [151.041083, -33.7945231], [151.0410372, -33.7945895], [151.0409575, -33.7947049], [151.0409318, -33.7947419]], [[151.0409318, -33.7947419], [151.0407187, -33.7950483], [151.040234, -33.795745]], [[151.040234, -33.795745], [151.0399367, -33.7961725], [151.0397846, -33.7964031], [151.0397097, -33.7965382], [151.039654, -33.7966629], [151.0396099, -33.7967908], [151.0395776, -33.7969212], [151.0395565, -33.7970552], [151.0395427, -33.7972435], [151.0395461, -33.7974321], [151.0395668, -33.79762], [151.0396185, -33.7978583], [151.0396661, -33.7980142], [151.039801, -33.7984102]], [[151.039801, -33.7984102], [151.0398618, -33.7985886], [151.0399223, -33.7988016], [151.0399622, -33.7990296], [151.039974, -33.7992212], [151.0399661, -33.7994129], [151.0399386, -33.7996034], [151.0398918, -33.7997912], [151.0398259, -33.7999749], [151.0397414, -33.8001533], [151.039639, -33.800325], [151.0395363, -33.8004688], [151.0394169, -33.8006191], [151.0388273, -33.8013301], [151.0386755, -33.8015011], [151.0385993, -33.8015784], [151.0384353, -33.8017237], [151.038256, -33.8018558], [151.0380628, -33.8019735], [151.0378575, -33.8020758], [151.0376418, -33.8021619], [151.0375303, -33.802199], [151.037289, -33.8022676], [151.0360146, -33.8025944], [151.0358551, -33.8026433], [151.0357613, -33.8026759], [151.0355313, -33.802768], [151.0352746, -33.8028811]], [[151.0352746, -33.8028811], [151.0346305, -33.8031714]], [[151.0346305, -33.8031714], [151.0343759, -33.8032861]], [[151.0343759, -33.8032861], [151.0336898, -33.8036169], [151.0335281, -33.8036896], [151.0330477, -33.8039056], [151.0329451, -33.8039502], [151.0328853, -33.8039786], [151.0327433, -33.8040472], [151.0326172, -33.8041174], [151.0325346, -33.8041688], [151.0324932, -33.8041988]], [[151.0324932, -33.8041988], [151.0323396, -33.8043104], [151.0322024, -33.8044314], [151.0320777, -33.8045615], [151.0319667, -33.8047], [151.0318699, -33.8048457]], [[151.0318699, -33.8048457], [151.0317881, -33.8049977], [151.0317573, -33.8050651], [151.0309155, -33.8071436], [151.0308808, -33.8072289], [151.0307191, -33.8076285], [151.03058, -33.8079719]], [[151.03058, -33.8079719], [151.030374, -33.8084806], [151.0302857, -33.8086806], [151.0301522, -33.8089318], [151.0299953, -33.8091734], [151.0298884, -33.8093086]], [[151.0298884, -33.8093086], [151.0297815, -33.8094437], [151.0296149, -33.8096263], [151.0295664, -33.8096777], [151.0295177, -33.8097292], [151.0291648, -33.8101028], [151.0290615, -33.8102121], [151.0287337, -33.8105593]], [[151.0287337, -33.8105593], [151.0286953, -33.8105999]], [[151.0286953, -33.8105999], [151.0286171, -33.8106825], [151.028459, -33.8108553]], [[151.028459, -33.8108553], [151.0284497, -33.8108685], [151.0282884, -33.8110584], [151.0280894, -33.8113086], [151.0274991, -33.8120878], [151.0273335, -33.8123262], [151.0272426, -33.8124674], [151.0268191, -33.8131703], [151.0262171, -33.8142114]], [[151.0262171, -33.8142114], [151.0256149, -33.8152533]], [[151.0256149, -33.8152533], [151.0254576, -33.8155248], [151.0253302, -33.8157743], [151.0252414, -33.8159719], [151.0252146, -33.8160353]], [[151.0252146, -33.8160353], [151.0251549, -33.8161915], [151.0251343, -33.8162506]], [[151.0251343, -33.8162506], [151.0250004, -33.8166593]], [[151.0250004, -33.8166593], [151.0249931, -33.8166791]], [[151.0249931, -33.8166791], [151.0248208, -33.817191], [151.0247969, -33.8172581]], [[151.0247969, -33.8172581], [151.0246714, -33.8176331]], [[151.0246714, -33.8176331], [151.0246618, -33.817663], [151.0246366, -33.8177419]], [[151.0246366, -33.8177419], [151.0245965, -33.8178671], [151.0245518, -33.8180068], [151.024482, -33.8182249], [151.0244563, -33.8183051], [151.0244424, -33.8183483]], [[151.0244424, -33.8183483], [151.0244353, -33.8183706], [151.0244219, -33.8184127], [151.0244096, -33.8184509]], [[151.0244096, -33.8184509], [151.0243365, -33.8186792], [151.0243136, -33.818731], [151.0242982, -33.8187554], [151.0242556, -33.8188028], [151.0242375, -33.8188206], [151.0241866, -33.8188558], [151.0241248, -33.8188822], [151.024062, -33.8188982], [151.0239958, -33.8189059], [151.0239519, -33.8189074], [151.0239043, -33.8189011], [151.0238613, -33.8188926], [151.0238071, -33.8188735]], [[151.0238071, -33.8188735], [151.0235594, -33.8187492]], [[151.0235594, -33.8187492], [151.0235001, -33.8187077], [151.0234454, -33.8186647], [151.0233603, -33.8185893], [151.0232399, -33.8184765], [151.0231294, -33.8183958]], [[151.0231294, -33.8183958], [151.0230155, -33.8183213], [151.0228939, -33.8182558], [151.0227657, -33.8181999], [151.0226318, -33.818154], [151.0224477, -33.8181091], [151.0216197, -33.8179602], [151.02137, -33.8179102]], [[151.02137, -33.8179102], [151.0209089, -33.8177981]], [[151.0209089, -33.8177981], [151.0206889, -33.8177454], [151.0204035, -33.8176741]], [[151.0204035, -33.8176741], [151.0198474, -33.8175413], [151.0188695, -33.8173059], [151.0183357, -33.8171773], [151.0182707, -33.8171612]], [[151.0182707, -33.8171612], [151.0181733, -33.8171371], [151.0180277, -33.8171031], [151.017969, -33.8170939], [151.0179197, -33.8170931], [151.0178669, -33.8171007], [151.0178141, -33.817117], [151.0177694, -33.8171407], [151.0177369, -33.8171659], [151.0177132, -33.8171903], [151.0176934, -33.8172185], [151.017677, -33.8172484], [151.0175532, -33.8175447], [151.017537, -33.8175757], [151.0175239, -33.8175974], [151.0175126, -33.8176146], [151.017494, -33.8176368], [151.0174748, -33.817655], [151.0174502, -33.8176745], [151.0174196, -33.8176924], [151.0173775, -33.8177083], [151.0173422, -33.8177186], [151.0173105, -33.8177241], [151.0172748, -33.8177277], [151.0172386, -33.8177274], [151.0171953, -33.8177224], [151.0171546, -33.8177154], [151.016072, -33.8174748], [151.0159858, -33.8174529], [151.0159055, -33.8174273], [151.0158337, -33.8173985], [151.0157783, -33.8173718]], [[151.0157783, -33.8173718], [151.0151511, -33.8170455], [151.0151272, -33.8170328], [151.0150163, -33.8169741], [151.0149235, -33.8169257], [151.0148967, -33.8169107]], [[151.0148967, -33.8169107], [151.014778, -33.8168478], [151.0145181, -33.8167221], [151.0142502, -33.8166086], [151.0138999, -33.8164826], [151.0137668, -33.8164394], [151.0136988, -33.8164173], [151.0134955, -33.8163512]], [[151.0134955, -33.8163512], [151.0126162, -33.8160618]], [[151.0126162, -33.8160618], [151.0125612, -33.8160443], [151.0125164, -33.8160314], [151.0124726, -33.8160236], [151.0124244, -33.8160206], [151.0123818, -33.8160235], [151.0123247, -33.8160353], [151.0123009, -33.8160475], [151.0122613, -33.8160685], [151.0122266, -33.8160949], [151.0122015, -33.8161205], [151.0121838, -33.8161466], [151.0121676, -33.8161805], [151.0121546, -33.8162165], [151.0119702, -33.8168392], [151.0119543, -33.8168841], [151.0119355, -33.8169181], [151.0119047, -33.8169564]], [[151.0119047, -33.8169564], [151.01188, -33.8169782], [151.011844, -33.8170015], [151.0118093, -33.8170173], [151.0117661, -33.8170301], [151.0117178, -33.8170374], [151.0116738, -33.8170362], [151.0116287, -33.8170304], [151.011588, -33.8170224]], [[151.011588, -33.8170224], [151.011253, -33.8169483], [151.0109963, -33.8168916], [151.0109501, -33.8168813]], [[151.0109501, -33.8168813], [151.0108582, -33.8168598], [151.0106677, -33.8168189], [151.0099661, -33.8166694], [151.0098943, -33.8166537], [151.0098206, -33.8166373], [151.0089502, -33.8164386], [151.0089312, -33.8164342], [151.0088053, -33.816406], [151.0086579, -33.8163735], [151.0086267, -33.8163668]], [[151.0086267, -33.8163668], [151.0073223, -33.8160793], [151.0072359, -33.8160603], [151.00718, -33.8160467], [151.0064588, -33.8158858], [151.0063187, -33.8158546], [151.00611, -33.8158003], [151.0060812, -33.8157928], [151.0059264, -33.8157529], [151.0057715, -33.8157135], [151.005623, -33.8156762], [151.0054702, -33.8156431], [151.0053796, -33.8156237]], [[151.0053796, -33.8156237], [151.0049644, -33.8155346], [151.0049002, -33.8155209], [151.0048789, -33.8155163]], [[151.0048789, -33.8155163], [151.004836, -33.8155071], [151.0046719, -33.8154707], [151.0043888, -33.8154088], [151.0043763, -33.815406], [151.0043621, -33.8154029], [151.0043534, -33.815401], [151.0041944, -33.8153658], [151.0040877, -33.8153423], [151.0040283, -33.8153291], [151.0037475, -33.8152672], [151.0035639, -33.8152266], [151.0034668, -33.8152052]], [[151.0034668, -33.8152052], [151.0034311, -33.8151973], [151.0034118, -33.815193], [151.0033925, -33.8151887], [151.0033589, -33.8151813], [151.0032869, -33.8151654], [151.0032577, -33.815159], [151.0031777, -33.8151426], [151.0031384, -33.8151339], [151.0031036, -33.8151249], [151.0030872, -33.8151191], [151.0030636, -33.8151073], [151.0030426, -33.8150955], [151.003024, -33.815083], [151.0030065, -33.8150704], [151.0030033, -33.8150674], [151.0029915, -33.8150565], [151.0029748, -33.8150362], [151.0029666, -33.8150233], [151.0029538, -33.8149969], [151.0029476, -33.8149813], [151.0029437, -33.8149677], [151.0029397, -33.8149506], [151.0029381, -33.814936], [151.0029371, -33.8149293], [151.0029383, -33.8148972], [151.002945, -33.8148617], [151.0029542, -33.8148294], [151.0030623, -33.8145238]], [[151.0030623, -33.8145238], [151.0031428, -33.8143026], [151.0033619, -33.8136672], [151.0033716, -33.8136383], [151.0033777, -33.8136214], [151.0034003, -33.8135501], [151.0034238, -33.8134802], [151.0034303, -33.8134589], [151.0034382, -33.8134338], [151.0035102, -33.8132197], [151.0036515, -33.812785], [151.0036644, -33.8127452], [151.0036969, -33.8126451], [151.0037804, -33.8123884], [151.0037965, -33.8123448], [151.0038077, -33.8123137], [151.003812, -33.8123011], [151.0038353, -33.8122357], [151.003861, -33.8121778], [151.0038683, -33.8121604], [151.0042607, -33.8112795], [151.0043355, -33.8111213], [151.0044296, -33.8109498]], [[151.0044296, -33.8109498], [151.0047257, -33.8104532]], [[151.0047257, -33.8104532], [151.0048203, -33.8102865], [151.0048368, -33.8102574], [151.0048638, -33.8102134], [151.0048733, -33.8101967]], [[151.0048733, -33.8101967], [151.0049037, -33.8101368], [151.0049657, -33.8100135], [151.0049961, -33.8099424], [151.0050393, -33.809827], [151.0050917, -33.8096792], [151.0051302, -33.8095569], [151.0051499, -33.809482], [151.0051705, -33.809396]], [[151.0051705, -33.809396], [151.0052724, -33.8089088], [151.0052811, -33.8088671], [151.0052942, -33.8087934], [151.0052996, -33.8087644], [151.0053179, -33.8086862], [151.0053288, -33.8086312], [151.0053621, -33.8084547], [151.005492, -33.807838], [151.0056636, -33.806805], [151.0056673, -33.8067786], [151.0056811, -33.8066814], [151.0056939, -33.8065901], [151.005756, -33.8061476], [151.0057745, -33.805916], [151.0057895, -33.8055751], [151.0057931, -33.8054917], [151.0058137, -33.8050233], [151.0058157, -33.8049785], [151.0058202, -33.8048754], [151.0058416, -33.8043864], [151.0058397, -33.8041935], [151.0058261, -33.803862], [151.0058187, -33.8037984]], [[151.0058187, -33.8037984], [151.0058025, -33.8036606], [151.005792, -33.803616], [151.0057677, -33.8035093], [151.0057504, -33.8034354], [151.0057025, -33.8033152], [151.0055156, -33.8029074]], [[151.0055156, -33.8029074], [151.0048357, -33.8013715], [151.0047892, -33.8012806]], [[151.0047892, -33.8012806], [151.004685, -33.8010939], [151.0044571, -33.8006735], [151.0044193, -33.8006064]], [[151.0044193, -33.8006064], [151.0044014, -33.8005763], [151.0043876, -33.8005547], [151.0043723, -33.8005293], [151.0043549, -33.8005031], [151.0043266, -33.8004735], [151.0042848, -33.800443], [151.0042427, -33.8004239], [151.0042166, -33.8004112], [151.0041791, -33.8004005], [151.004141, -33.8003957], [151.0040801, -33.8003932], [151.0040495, -33.8003948], [151.0040067, -33.8004019], [151.0039698, -33.8004114], [151.0039286, -33.8004273], [151.0037575, -33.800496]], [[151.0037575, -33.800496], [151.0030849, -33.8007788], [151.0030562, -33.8007905], [151.0030276, -33.8008023], [151.0029891, -33.8008181], [151.0028802, -33.80085], [151.0028176, -33.8008792], [151.0027108, -33.8009275], [151.0023211, -33.8010925], [151.0022951, -33.8011032], [151.0022727, -33.8011124]], [[151.0022727, -33.8011124], [151.0019739, -33.8012351]], [[151.0019739, -33.8012351], [151.0019356, -33.8012508], [151.001898, -33.8012662], [151.0018132, -33.8013017], [151.0017425, -33.8013301], [151.0017154, -33.801341], [151.0016125, -33.8013833], [151.001215, -33.8015467], [151.0011759, -33.8015628]], [[151.0011759, -33.8015628], [151.0010819, -33.8015988], [151.0010466, -33.8016127], [151.0009555, -33.8016498], [151.0009004, -33.8016715], [151.0008345, -33.8016918], [151.0007698, -33.8017057], [151.0007081, -33.8017154], [151.0006194, -33.8017207], [151.0005516, -33.8017196], [151.0004962, -33.8017148], [151.0004507, -33.8017096], [151.000409, -33.8016996], [151.0003085, -33.8016742], [151.0000414, -33.8015984]], [[151.0000414, -33.8015984], [150.9998523, -33.8015418], [150.9997072, -33.8015013], [150.9996464, -33.8014856], [150.9995996, -33.8014764], [150.99955, -33.8014695], [150.9995053, -33.8014651], [150.9994706, -33.801462], [150.9994207, -33.80146], [150.9993747, -33.8014609], [150.9993205, -33.8014632], [150.9992643, -33.8014668], [150.9990803, -33.8014791], [150.9982939, -33.8015385], [150.9982414, -33.8015432], [150.998197, -33.8015478], [150.9981385, -33.801556], [150.9980733, -33.8015659], [150.9980336, -33.8015734], [150.9979845, -33.8015833], [150.9979463, -33.8015932], [150.9978811, -33.8016095], [150.997832, -33.8016227], [150.9977792, -33.8016384], [150.9977278, -33.8016556], [150.9976585, -33.80168], [150.9975955, -33.8017047], [150.9975196, -33.8017361], [150.9970828, -33.8019418], [150.9970398, -33.8019609], [150.9969975, -33.801978], [150.9969477, -33.8019952], [150.9969001, -33.8020118]], [[150.9969001, -33.8020118], [150.9961163, -33.802277]], [[150.9961163, -33.802277], [150.9955863, -33.802454], [150.9949888, -33.8026569]], [[150.9949888, -33.8026569], [150.9948705, -33.8026988], [150.9947409, -33.8027478], [150.9946215, -33.8027965], [150.9944985, -33.8028491], [150.9940864, -33.8030418], [150.9940476, -33.8030563], [150.9940008, -33.8030702], [150.9939539, -33.8030794], [150.9939155, -33.8030847], [150.9938765, -33.8030861], [150.9938308, -33.8030843], [150.9937885, -33.8030799], [150.9937354, -33.8030698], [150.993687, -33.8030562], [150.9936437, -33.8030403], [150.9935882, -33.8030142], [150.9935493, -33.80299], [150.9933999, -33.8028813], [150.9928645, -33.8025039], [150.9928331, -33.8024814], [150.992825, -33.8024755]], [[150.992825, -33.8024755], [150.9928018, -33.8024588], [150.9927759, -33.8024412], [150.9927282, -33.802407], [150.9926928, -33.8023879], [150.9926567, -33.8023725], [150.9926228, -33.8023637], [150.9925882, -33.8023588], [150.9925542, -33.8023571], [150.9925113, -33.8023598], [150.9924703, -33.8023689], [150.9924388, -33.8023786], [150.9924065, -33.802394], [150.9923759, -33.8024156], [150.9923491, -33.8024392], [150.9923248, -33.8024649], [150.9922654, -33.802539]], [[150.9922654, -33.802539], [150.992131, -33.8027039], [150.9920294, -33.8028171], [150.9911331, -33.8037212], [150.99111, -33.8037445], [150.9910332, -33.803822], [150.9910219, -33.8038333], [150.9908653, -33.8039856], [150.9906274, -33.8041994], [150.9905231, -33.8042931], [150.9903533, -33.8044548], [150.9903493, -33.8044589], [150.9899559, -33.8048563], [150.9899336, -33.8048788], [150.9899165, -33.8048961], [150.9898949, -33.8049178], [150.9897875, -33.8050232], [150.9897371, -33.8050773], [150.9890368, -33.8057845], [150.988963, -33.805859]], [[150.988963, -33.805859], [150.9885747, -33.8062513], [150.9885442, -33.8062821]], [[150.9885442, -33.8062821], [150.9885206, -33.8063059], [150.9884963, -33.8063307], [150.9884032, -33.8064255], [150.9883091, -33.8065525], [150.9880786, -33.8069147]], [[150.9880786, -33.8069147], [150.9880555, -33.8069509]], [[150.9880555, -33.8069509], [150.9879207, -33.8071659]], [[150.9879207, -33.8071659], [150.9878024, -33.8073532], [150.9877815, -33.8073865], [150.987769, -33.8074062], [150.9877489, -33.807438]], [[150.9877489, -33.807438], [150.9876442, -33.8076039]]]}}, {"type": "Feature", "properties": {"name": "LX: Central Chalmers Street Light Rail => Juniors Kingsford Light Rail", "ref": "LX", "mode": "light_rail", "network": "Sydney Light Rail", "from": "Central Chalmers Street Light Rail", "to": "Juniors Kingsford Light Rail"}, "geometry": {"type": "MultiLineString", "coordinates": [[[151.2074992, -33.8844875], [151.2078978, -33.8839743], [151.2079188, -33.8839855], [151.2079243, -33.8839884], [151.2075307, -33.8845039], [151.2075213, -33.884499], [151.2074992, -33.8844875]], [[151.2079399, -33.8839964], [151.207924, -33.8840169], [151.2077579, -33.8842302], [151.2076286, -33.8843963], [151.2075436, -33.8845055], [151.2075036, -33.8845569], [151.2074637, -33.8846085]]]}}]}