{"type": "FeatureCollection", "features": [{"type": "Feature", "properties": {"name": "North Shore & Western Line", "ref": "T1", "mode": "train", "network": "Sydney Trains", "from": "Berowra", "to": "Richmond"}, "geometry": {"type": "MultiLineString", "coordinates": [[[151.1537402, -33.6231036], [151.1538003, -33.6230636], [151.153971, -33.6229498], [151.1542836, -33.622719]], [[151.1521565, -33.6241478], [151.1529577, -33.6236181], [151.1537402, -33.6231036]], [[151.1515278, -33.624566], [151.1521565, -33.6241478]], [[151.1515278, -33.624566], [151.1512713, -33.6247888]], [[151.1512713, -33.6247888], [151.1506807, -33.6251955], [151.1502807, -33.6254644], [151.149959, -33.6257277], [151.1496621, -33.6260242], [151.1494051, -33.6263206], [151.1491837, -33.62664], [151.1489885, -33.6269753], [151.1488401, -33.6273004], [151.148715, -33.6276667]], [[151.148715, -33.6276667], [151.1486339, -33.6280203], [151.1485899, -33.62839], [151.1485762, -33.6287677], [151.1486037, -33.6291432], [151.1486669, -33.6295346], [151.1487741, -33.63006], [151.1488456, -33.6304502], [151.1488854, -33.6308245], [151.1488827, -33.6312011], [151.1488511, -33.631573], [151.1487796, -33.6319244], [151.14866, -33.6323067], [151.1485102, -33.6326603], [151.1483232, -33.6329957], [151.1481239, -33.6333299], [151.1448026, -33.6387759]], [[151.1448026, -33.6387759], [151.1440261, -33.6400491], [151.1437732, -33.6404301], [151.1434942, -33.6408067], [151.1433072, -33.6410355], [151.1430364, -33.6413079], [151.1427354, -33.6415665], [151.1424082, -33.6418057], [151.1420632, -33.6420209], [151.1416879, -33.6422063], [151.141303, -33.6423665], [151.1409126, -33.6424969], [151.140492, -33.6426011], [151.1400782, -33.6426778], [151.1397194, -33.6427327]], [[151.1397194, -33.6427327], [151.1393662, -33.6427865], [151.1389455, -33.6428551], [151.1385675, -33.6429444], [151.1382184, -33.6430634], [151.1378568, -33.6432385], [151.137531, -33.6434433], [151.1372699, -33.6436585], [151.1370046, -33.6439354], [151.1368107, -33.6442078], [151.1366554, -33.6444859], [151.1365454, -33.6447525], [151.136463, -33.6450523], [151.1364245, -33.6453705], [151.13643, -33.645684], [151.1364822, -33.6459998], [151.1365716, -33.6463123], [151.1367035, -33.6466315], [151.1368863, -33.6469496], [151.1371283, -33.6473456], [151.1372657, -33.6476282], [151.1373785, -33.6479395], [151.1374458, -33.6482507], [151.1374706, -33.6485643], [151.1374541, -33.648871], [151.1373922, -33.6491628], [151.1372932, -33.649458], [151.1371516, -33.6497452], [151.1369097, -33.6502521], [151.1368048, -33.6505333], [151.136729, -33.6508456], [151.136692, -33.6511644], [151.1366834, -33.6513207], [151.136689, -33.6515083], [151.1367007, -33.6516665], [151.1367223, -33.6518184], [151.1367985, -33.6521545]], [[151.1367985, -33.6521545], [151.1368803, -33.6525018], [151.1369157, -33.6527011], [151.1369389, -33.6528785], [151.1369479, -33.6530365], [151.1369481, -33.6531575], [151.1369415, -33.6533418], [151.1369268, -33.6535005], [151.1368852, -33.6537437], [151.1368455, -33.6538821]], [[151.1368455, -33.6538821], [151.1367633, -33.6541317], [151.1366483, -33.6543999]], [[151.1366483, -33.6543999], [151.1365727, -33.6545494], [151.1363967, -33.654887], [151.1362851, -33.6550777], [151.1361927, -33.6552263], [151.1358963, -33.6556191], [151.1356255, -33.6559132], [151.1353148, -33.6561935], [151.1349822, -33.6564429], [151.134578, -33.656705]], [[151.134578, -33.656705], [151.1329155, -33.6577032], [151.1317258, -33.6584175], [151.1257722, -33.6619922], [151.1254653, -33.6621716], [151.1250318, -33.6624661], [151.1246702, -33.6627428], [151.1243339, -33.6630502], [151.1240287, -33.6633706], [151.1237546, -33.6637136], [151.1233969, -33.6642232], [151.1232044, -33.6644983], [151.1230255, -33.6647588], [151.1226542, -33.6652426], [151.1222654, -33.6657102], [151.1218533, -33.6661826], [151.1214004, -33.6666437], [151.1209571, -33.6670612], [151.1204653, -33.6674932], [151.1199579, -33.6679009], [151.1194233, -33.6682973], [151.1188731, -33.6686759], [151.1165053, -33.6701692], [151.1160951, -33.6704637]], [[151.1160951, -33.6704637], [151.1157783, -33.6707258], [151.1154886, -33.6709895], [151.1152934, -33.6711884], [151.1151194, -33.6713686]], [[151.1151194, -33.6713686], [151.1149909, -33.671514], [151.1148592, -33.6716666], [151.1146201, -33.6719705], [151.11449, -33.6721502], [151.1143599, -33.6723447], [151.1142691, -33.6724863], [151.1141455, -33.6726967], [151.1140947, -33.6727948]], [[151.1140947, -33.6727948], [151.1140225, -33.6729242], [151.113954, -33.6730663], [151.1138872, -33.6732108], [151.1138066, -33.6734017], [151.1137339, -33.6736075], [151.1136773, -33.6737809]], [[151.1136773, -33.6737809], [151.1116298, -33.6814198]], [[151.1116298, -33.6814198], [151.1112651, -33.6827872], [151.111162, -33.6831641], [151.1109948, -33.6837303], [151.1108043, -33.684277], [151.1105924, -33.6848109], [151.1103611, -33.6853204], [151.1101081, -33.6858262], [151.1098271, -33.6863282], [151.1094977, -33.6868636], [151.1091729, -33.6873435], [151.108801, -33.6878448], [151.1085756, -33.6881272]], [[151.1085756, -33.6881272], [151.108391, -33.6883488], [151.1082412, -33.6885213], [151.1080906, -33.6886905], [151.1079613, -33.6888345], [151.1076378, -33.6891763], [151.1074766, -33.6893381], [151.1074083, -33.689409]], [[151.1074083, -33.689409], [151.1073162, -33.6895046], [151.107142, -33.6896606], [151.1061962, -33.6904995], [151.1039364, -33.6925288], [151.1033337, -33.6930722]], [[151.1033337, -33.6930722], [151.1024725, -33.6938464]], [[151.1024725, -33.6938464], [151.1022991, -33.6940022], [151.1019489, -33.6942985], [151.1018397, -33.6944071], [151.1017155, -33.6945305], [151.1015829, -33.6946622], [151.1015206, -33.6947255], [151.1013752, -33.6948844], [151.1012308, -33.6950556], [151.1009716, -33.6953881], [151.1007817, -33.6956629], [151.1006826, -33.6958312]], [[151.1006826, -33.6958312], [151.1005916, -33.696022], [151.1004887, -33.6962215], [151.1004177, -33.6963591], [151.1003327, -33.6965468], [151.1002496, -33.6967328], [151.1001764, -33.6969105], [151.1001111, -33.6970866], [151.10003, -33.6973516], [151.0999784, -33.6975657], [151.0999357, -33.697781], [151.0999149, -33.6979738], [151.0998506, -33.6982502], [151.0995706, -33.6992764], [151.0995398, -33.6993894], [151.099491, -33.6995683], [151.0993767, -33.6999759], [151.0992407, -33.7004427], [151.0991372, -33.7008151], [151.0990464, -33.7011487], [151.099016, -33.7012693], [151.0988855, -33.7017394], [151.0988675, -33.7018119], [151.0988407, -33.70192]], [[151.0988407, -33.70192], [151.098806, -33.7022142], [151.0987802, -33.7023942], [151.0987429, -33.7025429], [151.0986378, -33.7029326], [151.0984781, -33.7034438], [151.0984683, -33.7034753], [151.0984612, -33.7034979], [151.0984479, -33.7035432], [151.0984422, -33.7035628]], [[151.0984422, -33.7035628], [151.0983587, -33.7038448], [151.0983374, -33.7039167]], [[151.0983374, -33.7039167], [151.0983047, -33.7040463], [151.0982823, -33.7041878], [151.0982711, -33.7043833], [151.0983092, -33.7046923], [151.0983506, -33.7048357], [151.0984255, -33.7050144], [151.0985669, -33.7052546], [151.0987075, -33.7054531], [151.0988779, -33.7056422], [151.098911, -33.7056714]], [[151.098911, -33.7056714], [151.0991663, -33.705897]], [[151.0991663, -33.705897], [151.0992353, -33.7059579]], [[151.0992353, -33.7059579], [151.0998415, -33.7064502], [151.1002193, -33.7067466]], [[151.1002193, -33.7067466], [151.1007474, -33.7071882], [151.101601, -33.7078805], [151.1025947, -33.708684], [151.1030461, -33.7090305], [151.1034255, -33.7093121], [151.1036543, -33.7094778]], [[151.1036543, -33.7094778], [151.1038183, -33.7095929], [151.1041839, -33.7098334], [151.1044051, -33.7099735], [151.1046744, -33.710139], [151.1050088, -33.7103349], [151.1050682, -33.7103691]], [[151.1050682, -33.7103691], [151.105238, -33.710461], [151.1054377, -33.7105706], [151.1056639, -33.7106959], [151.1062852, -33.7110355], [151.1074355, -33.7116504], [151.1086485, -33.7122994], [151.1099477, -33.7129899], [151.1113726, -33.7137544], [151.112535, -33.7143771], [151.1128841, -33.7145562]], [[151.1128841, -33.7145562], [151.1133076, -33.7147849]], [[151.1133076, -33.7147849], [151.1136238, -33.7149646], [151.1141412, -33.7152554], [151.1146675, -33.7155831], [151.1151664, -33.7159166], [151.1155674, -33.716205]], [[151.1155674, -33.716205], [151.1158933, -33.7164632], [151.1161183, -33.7166547], [151.1163209, -33.7168265]], [[151.1163209, -33.7168265], [151.1165769, -33.71705], [151.1167828, -33.7172296], [151.1169326, -33.7173638], [151.1172023, -33.7176214], [151.1174909, -33.7179039], [151.1175291, -33.7179447]], [[151.1175291, -33.7179447], [151.1177159, -33.7181443], [151.1182506, -33.7187276], [151.1183912, -33.7188893], [151.1185359, -33.7190733], [151.1188729, -33.7195152], [151.1191748, -33.7199382], [151.1194704, -33.7204008], [151.1197619, -33.7208823]], [[151.1197619, -33.7208823], [151.1200527, -33.7213861], [151.1211849, -33.7233111], [151.1213672, -33.7235874]], [[151.1213672, -33.7235874], [151.1215311, -33.7238133], [151.121685, -33.7240254], [151.1218471, -33.7242905], [151.1219784, -33.7245231], [151.1221524, -33.72485], [151.1221939, -33.7249229]], [[151.1221939, -33.7249229], [151.1223153, -33.725123], [151.1225326, -33.7254602], [151.1227722, -33.7257737], [151.1242184, -33.7275891], [151.1256221, -33.7291526], [151.1270409, -33.7307466], [151.127775, -33.7315522]], [[151.127775, -33.7315522], [151.1287897, -33.7326658], [151.1288876, -33.7327752], [151.1289179, -33.7328088]], [[151.1289179, -33.7328088], [151.129096, -33.7330064], [151.1298894, -33.7338237], [151.1367856, -33.7413987], [151.1370953, -33.7417414], [151.1374203, -33.7420638], [151.1377885, -33.7424066], [151.1381882, -33.7427267], [151.1386576, -33.7430713], [151.1390572, -33.7433367]], [[151.1390572, -33.7433367], [151.1394595, -33.7435731], [151.1398713, -33.7437906], [151.1402602, -33.7439612], [151.1406652, -33.7441273], [151.1409951, -33.7442578], [151.1410497, -33.7442793], [151.1413002, -33.7443818]], [[151.1413002, -33.7443818], [151.1413644, -33.7444081], [151.1416053, -33.7444987], [151.1426232, -33.7448338], [151.1429152, -33.7449367], [151.1429924, -33.7449667]], [[151.1429924, -33.7449667], [151.143216, -33.7450546], [151.1435003, -33.7451773], [151.1438114, -33.7453217], [151.1441615, -33.7455057], [151.1444283, -33.7456685], [151.1446442, -33.745828], [151.1448052, -33.7459528], [151.145056, -33.746177], [151.1452773, -33.7464167], [151.1454798, -33.746671], [151.1456514, -33.7469375], [151.1458667, -33.7473555], [151.1459518, -33.7475453], [151.146204, -33.7480671], [151.1464454, -33.7485589], [151.1467042, -33.749044], [151.1469989, -33.7495375], [151.1472827, -33.7500396], [151.1475307, -33.7504318]], [[151.1475307, -33.7504318], [151.1476914, -33.7506506], [151.1478924, -33.7508531]], [[151.1478924, -33.7508531], [151.1482452, -33.7511711], [151.1485604, -33.7514006], [151.1488741, -33.7516087], [151.1492268, -33.7517904], [151.1495929, -33.7519465], [151.1499957, -33.7520817], [151.1505907, -33.7522621], [151.1509582, -33.7523892]], [[151.1509582, -33.7523892], [151.151276, -33.7525275], [151.1515939, -33.7526981], [151.1518929, -33.7528887], [151.1521678, -33.7531017], [151.1524267, -33.7533292], [151.152656, -33.7535767], [151.1528639, -33.7538454], [151.1532112, -33.7543004], [151.1533722, -33.7545089], [151.1535803, -33.7547783], [151.1537825, -33.7550486]], [[151.1537825, -33.7550486], [151.1539199, -33.7552236], [151.1541053, -33.7554755], [151.1543113, -33.7557483], [151.1545717, -33.7560901], [151.1546671, -33.7562107], [151.1549403, -33.7565663], [151.1550073, -33.7566508]], [[151.1550073, -33.7566508], [151.1553936, -33.7571583]], [[151.1553936, -33.7571583], [151.1554674, -33.7572603]], [[151.1554674, -33.7572603], [151.1555476, -33.7573702]], [[151.1555476, -33.7573702], [151.1557734, -33.7576635], [151.1559966, -33.7579579], [151.1611681, -33.7647587]], [[151.1611681, -33.7647587], [151.1613856, -33.7650066], [151.1615825, -33.7652285], [151.1617252, -33.7653996], [151.1618437, -33.7655591], [151.1620347, -33.7658354], [151.1621646, -33.7660317]], [[151.1621646, -33.7660317], [151.1622628, -33.7661683], [151.1624168, -33.766385], [151.163489, -33.7677858], [151.1642024, -33.7687308], [151.1669009, -33.7722713], [151.1680699, -33.7737906]], [[151.1680699, -33.7737906], [151.1681669, -33.7739052]], [[151.1681669, -33.7739052], [151.1684015, -33.7741969], [151.1686466, -33.7745026]], [[151.1686466, -33.7745026], [151.1687477, -33.7746372], [151.1689013, -33.7748485], [151.1690251, -33.7750303], [151.1691554, -33.7752361], [151.1692806, -33.7754396], [151.1693995, -33.7756498], [151.1694433, -33.7757315], [151.1694903, -33.7758215]], [[151.1694903, -33.7758215], [151.1695215, -33.7758844], [151.1695644, -33.7759709], [151.1696626, -33.7761852], [151.1697144, -33.7763349], [151.1697597, -33.7764955], [151.1697935, -33.7766519], [151.1698333, -33.7768839], [151.1698573, -33.7770712], [151.1699038, -33.77733], [151.1699664, -33.7777465], [151.1699823, -33.7778403]], [[151.1699823, -33.7778403], [151.1700284, -33.7780936], [151.1701311, -33.7785337], [151.1702459, -33.7788459], [151.170388, -33.7791986], [151.1705821, -33.7795799], [151.1707958, -33.7799417], [151.1710565, -33.7803002], [151.1713565, -33.7806538], [151.1716506, -33.7809504], [151.1719936, -33.7812518], [151.1723524, -33.7815305], [151.1728037, -33.7818231], [151.1731487, -33.7820157], [151.1763544, -33.7836526], [151.1765333, -33.7837334]], [[151.1765333, -33.7837334], [151.1768323, -33.78388], [151.1768996, -33.7839164]], [[151.1768996, -33.7839164], [151.1772133, -33.7840859], [151.1774277, -33.7842095], [151.1776033, -33.7843192], [151.1777606, -33.7844265], [151.1779428, -33.7845526], [151.1780034, -33.7846006]], [[151.1780034, -33.7846006], [151.1780357, -33.7846255], [151.1784359, -33.7849539], [151.1786343, -33.7851426], [151.1787421, -33.7852555], [151.1790263, -33.7855645], [151.1793795, -33.7860006], [151.1796036, -33.7863116], [151.179783, -33.7865756], [151.17996, -33.7868668]], [[151.17996, -33.7868668], [151.1800207, -33.786974], [151.1800466, -33.7870254]], [[151.1800466, -33.7870254], [151.1801707, -33.7872627]], [[151.1801707, -33.7872627], [151.1802199, -33.787373], [151.1802786, -33.7875086], [151.1805298, -33.7881188], [151.1806234, -33.7883497], [151.1807662, -33.788781]], [[151.1807662, -33.788781], [151.1808202, -33.7889826]], [[151.1808202, -33.7889826], [151.1808925, -33.789384], [151.1809262, -33.7897135], [151.1809462, -33.7903559], [151.1809532, -33.7906444], [151.1809661, -33.791088], [151.1809786, -33.7915189], [151.1809731, -33.7919648], [151.1809564, -33.7922908], [151.1809324, -33.7926063], [151.1809232, -33.793099], [151.1809231, -33.7931721]], [[151.1809231, -33.7931721], [151.1809253, -33.7932862], [151.1809649, -33.7953945], [151.1809654, -33.7954145]], [[151.1809654, -33.7954145], [151.180971, -33.7957003]], [[151.180971, -33.7957003], [151.1809713, -33.7957338], [151.1809852, -33.7960072], [151.1810032, -33.7962203], [151.1810213, -33.796362], [151.1810476, -33.7965763], [151.1810739, -33.7968263], [151.1810918, -33.7970579], [151.1811115, -33.7974912], [151.1811099, -33.7977485], [151.1811105, -33.7980501], [151.1811044, -33.7983497], [151.1811038, -33.7983694], [151.1810997, -33.7985513]], [[151.1810997, -33.7985513], [151.1810866, -33.7987566]], [[151.1810866, -33.7987566], [151.1810587, -33.7991027], [151.1810534, -33.7992091], [151.1810504, -33.7993036], [151.1810487, -33.79941], [151.1810483, -33.7995141], [151.181049, -33.7997087], [151.1810451, -33.7998963], [151.1810684, -33.8005681], [151.1810712, -33.8008423], [151.1811165, -33.8014525]], [[151.1811165, -33.8014525], [151.18115, -33.8018787], [151.1811593, -33.802092], [151.1811782, -33.8023181], [151.1812103, -33.8026487], [151.1812469, -33.8029118], [151.1813003, -33.8032773], [151.1813742, -33.8037355], [151.1814577, -33.8041493], [151.1815661, -33.8045815], [151.1817505, -33.8050181]], [[151.1817505, -33.8050181], [151.1819723, -33.8054489], [151.182301, -33.806007], [151.1824658, -33.8062403], [151.18275, -33.8066228], [151.1830678, -33.807019], [151.1831638, -33.8071266]], [[151.1831638, -33.8071266], [151.183282, -33.8072552]], [[151.183282, -33.8072552], [151.1834798, -33.807459], [151.1836971, -33.8076683], [151.1840243, -33.8079575], [151.1843075, -33.8081889], [151.1844093, -33.8082669]], [[151.1844093, -33.8082669], [151.184658, -33.808456], [151.1849168, -33.808635], [151.185347, -33.8089138], [151.1854004, -33.8089457], [151.1856188, -33.809077], [151.1859626, -33.8092738], [151.1860328, -33.8093105]], [[151.1860328, -33.8093105], [151.186144, -33.8093649], [151.1864832, -33.809531]], [[151.1864832, -33.809531], [151.1869583, -33.8097533], [151.1879739, -33.8102302], [151.188979, -33.8106964], [151.1898749, -33.8111118], [151.1902973, -33.8113353], [151.1906756, -33.8115668], [151.191166, -33.8119071], [151.1913939, -33.8120966], [151.1917021, -33.8123791], [151.1919964, -33.8126909], [151.1921089, -33.8128144]], [[151.1921089, -33.8128144], [151.1923254, -33.8130828]], [[151.1923254, -33.8130828], [151.1924372, -33.8132402], [151.1924984, -33.8133361], [151.192607, -33.8135081], [151.1927426, -33.8137325], [151.1929251, -33.8140942], [151.1930755, -33.8144693], [151.1932124, -33.8148848], [151.1932764, -33.8151887], [151.193321, -33.8154708], [151.1933571, -33.8158438], [151.1933628, -33.816201], [151.1933581, -33.8167039], [151.1933534, -33.8172101], [151.1933614, -33.8174917], [151.1933679, -33.8176483], [151.1933923, -33.8178887], [151.1934528, -33.8182637], [151.1936666, -33.8194822], [151.1938581, -33.820573], [151.1938696, -33.8206387]], [[151.1938696, -33.8206387], [151.1939014, -33.8208203], [151.1939331, -33.8210008], [151.1939589, -33.8211229], [151.1939647, -33.8211554], [151.1939742, -33.8212092], [151.1939784, -33.8212327], [151.1939823, -33.8212548], [151.1940072, -33.8213948], [151.1940464, -33.8216161], [151.1941132, -33.8219925], [151.194143, -33.8221602]], [[151.194143, -33.8221602], [151.1942597, -33.8228195], [151.1942707, -33.8228819], [151.1942789, -33.8229281], [151.1943067, -33.8230852], [151.1943456, -33.823305], [151.1943894, -33.8235523]], [[151.1943894, -33.8235523], [151.194444, -33.8238279], [151.1944642, -33.823925]], [[151.1944642, -33.823925], [151.1945091, -33.8240938], [151.1945416, -33.8241917], [151.1945886, -33.8243335]], [[151.1945886, -33.8243335], [151.1946165, -33.8244175], [151.194722, -33.8247287], [151.1948241, -33.8249967], [151.1950054, -33.8254248], [151.1951154, -33.8257053], [151.1954966, -33.8265791], [151.1956095, -33.8268487], [151.1957076, -33.8271425], [151.1957495, -33.827334], [151.1957671, -33.8274952], [151.1957664, -33.8277154], [151.1957614, -33.8278098], [151.1957348, -33.82798], [151.195704, -33.8281118], [151.1956103, -33.8283774], [151.1954228, -33.8286977], [151.1953147, -33.8288478], [151.1951132, -33.8290641], [151.1948921, -33.8292596], [151.1946318, -33.8294264], [151.1943491, -33.8295736], [151.1941769, -33.8296372], [151.1936562, -33.8297905]], [[151.1936562, -33.8297905], [151.1931533, -33.8299281]], [[151.1931533, -33.8299281], [151.1928123, -33.8300631], [151.1925405, -33.8302199], [151.1923828, -33.830335], [151.1921207, -33.8305999], [151.1919697, -33.8308232], [151.1919095, -33.8309239], [151.191835, -33.8311042]], [[151.191835, -33.8311042], [151.1918006, -33.8312011], [151.1917727, -33.8313103], [151.1917472, -33.8314387], [151.1917389, -33.8315465], [151.1917362, -33.8316144], [151.19174, -33.8317525], [151.1917583, -33.831885], [151.1917776, -33.8319763], [151.1918151, -33.832108], [151.1918635, -33.8322294], [151.191917, -33.832346], [151.1919816, -33.8324638], [151.1920157, -33.8325107], [151.1920431, -33.8325483]], [[151.1920431, -33.8325483], [151.1921423, -33.8326772], [151.1922226, -33.8327667], [151.1922954, -33.8328363], [151.1923952, -33.8329213], [151.192512, -33.8330089], [151.1926535, -33.8330987], [151.1929436, -33.8332251], [151.1932456, -33.8333241], [151.1935325, -33.8333869], [151.1939192, -33.8334163], [151.1941727, -33.8334019], [151.1945759, -33.8333568], [151.1949896, -33.8333179], [151.1952719, -33.8333191], [151.1955815, -33.8333605], [151.195888, -33.8334483], [151.1961809, -33.8335813], [151.196427, -33.8337104], [151.1966822, -33.8339011], [151.1968277, -33.8340517], [151.19701, -33.8343252], [151.1971684, -33.8346034], [151.1972454, -33.8348869], [151.1972508, -33.8352891], [151.1972255, -33.8354582]], [[151.1972255, -33.8354582], [151.1972056, -33.8356424], [151.197179, -33.835883], [151.1971617, -33.8360517], [151.1971497, -33.8361996], [151.1971451, -33.8363216], [151.1971445, -33.8364484], [151.1971504, -33.8365759], [151.1971703, -33.8367427]], [[151.1971703, -33.8367427], [151.1971878, -33.8368765], [151.1972111, -33.8369992], [151.1972662, -33.837211], [151.1973242, -33.8373904], [151.1973305, -33.8374116], [151.1973542, -33.8374725]], [[151.1973542, -33.8374725], [151.197378, -33.8375356], [151.197464, -33.8377373], [151.1975326, -33.8378746], [151.197611, -33.8380123], [151.197714, -33.8381728], [151.1978126, -33.8383063], [151.1978762, -33.8383799], [151.198078, -33.8386069], [151.1982963, -33.8388125], [151.1983266, -33.838839], [151.1983569, -33.8388655]], [[151.1983569, -33.8388655], [151.1984688, -33.8389599], [151.1985991, -33.8390585], [151.1987623, -33.8391651], [151.1988959, -33.8392446], [151.1990279, -33.8393123], [151.1991732, -33.8393792], [151.1993542, -33.8394538], [151.1995105, -33.8395117], [151.1997568, -33.8395964], [151.2001425, -33.8397224], [151.2004972, -33.8398257], [151.2006248, -33.8398577]], [[151.2006248, -33.8398577], [151.2007749, -33.8398914]], [[151.2007749, -33.8398914], [151.2011506, -33.8399712], [151.2012507, -33.8399912], [151.2014687, -33.8400355], [151.2021126, -33.8401465], [151.2021571, -33.8401546]], [[151.2021571, -33.8401546], [151.2022614, -33.8401729], [151.2024553, -33.8402078], [151.2031958, -33.8403407], [151.2036744, -33.8404247], [151.2046598, -33.840598], [151.2050766, -33.8406695], [151.2054412, -33.8407345], [151.2056746, -33.8407759], [151.2058813, -33.8408193], [151.2060401, -33.8408586], [151.2061719, -33.840888], [151.2063417, -33.8409242]], [[151.2063417, -33.8409242], [151.2064575, -33.8409428], [151.2065555, -33.8409589]], [[151.2065555, -33.8409589], [151.2066503, -33.8409731]], [[151.2066503, -33.8409731], [151.2066923, -33.8409789], [151.2067802, -33.8409921], [151.2070522, -33.8410317], [151.2073338, -33.8410726], [151.2076555, -33.8411203], [151.2078367, -33.8411529], [151.2079849, -33.8411845], [151.2081374, -33.8412242], [151.2082334, -33.841253], [151.2082768, -33.8412684], [151.2084002, -33.8413105]], [[151.2084002, -33.8413105], [151.2085028, -33.8413501], [151.2087263, -33.8414463], [151.2088463, -33.8415073]], [[151.2088463, -33.8415073], [151.2090209, -33.841614], [151.2091243, -33.841681], [151.2092816, -33.8417894], [151.2093106, -33.8418097], [151.2094157, -33.8418908], [151.209553, -33.8420048], [151.2097127, -33.842148], [151.2097394, -33.8421731], [151.2097624, -33.8421954], [151.209902, -33.8423341], [151.2100076, -33.8424438]], [[151.2100076, -33.8424438], [151.2100814, -33.8425255], [151.2102028, -33.842673], [151.2103505, -33.8428552], [151.2104489, -33.8429797], [151.2105409, -33.8431014], [151.2106564, -33.8432751], [151.2108084, -33.8435208]], [[151.2108084, -33.8435208], [151.2110331, -33.8438891]], [[151.2110331, -33.8438891], [151.2111304, -33.8440445], [151.2112223, -33.8442103], [151.211301, -33.8443715], [151.2113452, -33.8444712], [151.2113922, -33.8445861], [151.2114666, -33.8447775], [151.2115755, -33.8450641]], [[151.2115755, -33.8450641], [151.2117902, -33.8456101], [151.2118749, -33.8458299], [151.2119848, -33.8461093], [151.212001, -33.8461498], [151.212055, -33.84629], [151.2120979, -33.8464013], [151.212165, -33.8465898]], [[151.212165, -33.8465898], [151.2122064, -33.8466951]], [[151.2122064, -33.8466951], [151.2122168, -33.8467238], [151.2124173, -33.8472896], [151.212461, -33.8474549], [151.2124951, -33.8476287], [151.2125193, -33.8478121], [151.2125326, -33.8479745], [151.212535, -33.8481541], [151.2125318, -33.8482555], [151.2125125, -33.8485121], [151.2124738, -33.8487456], [151.2124276, -33.8489415], [151.2123708, -33.8491355], [151.212299, -33.8493292], [151.2122235, -33.8495069], [151.2121312, -33.8496911], [151.2120443, -33.8498428], [151.2120333, -33.8498611], [151.2118424, -33.8501688], [151.2111437, -33.8512925], [151.2092508, -33.8543367], [151.2090882, -33.8545983], [151.2085584, -33.8554279], [151.2082818, -33.855861], [151.2075848, -33.8569762], [151.2072123, -33.8575653]], [[151.2072123, -33.8575653], [151.2070344, -33.8578467]], [[151.2070344, -33.8578467], [151.2065038, -33.8586859]], [[151.2065038, -33.8586859], [151.2063771, -33.8588862]], [[151.2063771, -33.8588862], [151.2063534, -33.8589252]], [[151.2063534, -33.8589252], [151.2063219, -33.8589778], [151.2062432, -33.8591121], [151.2061719, -33.8592475], [151.2061067, -33.8593843], [151.2060802, -33.8594401], [151.2060215, -33.859578], [151.2059793, -33.8596891], [151.2059201, -33.859874], [151.2058291, -33.8601892], [151.2058041, -33.8602643], [151.2057469, -33.8604139], [151.2056878, -33.8605549], [151.2055337, -33.8608963], [151.2054592, -33.8610647], [151.2053985, -33.8612224], [151.2053602, -33.86134], [151.2053246, -33.8614602], [151.2052836, -33.8616255], [151.2052559, -33.8617735], [151.2052336, -33.8619035], [151.2052202, -33.8620047], [151.2052112, -33.8621355], [151.2052108, -33.8622018], [151.2052054, -33.8623021], [151.2052122, -33.8624802], [151.2052219, -33.862623], [151.2052612, -33.8628854], [151.2052781, -33.8629794], [151.2052992, -33.8630734], [151.2053486, -33.8632946], [151.2053778, -33.8634796], [151.2054273, -33.863905], [151.2054555, -33.8641369], [151.2054741, -33.8642878], [151.2055062, -33.8645186], [151.2055463, -33.8647252]], [[151.2055463, -33.8647252], [151.2055699, -33.864826], [151.2056082, -33.8649648], [151.2056467, -33.8651125], [151.2056621, -33.8651793], [151.2056839, -33.8652921], [151.205701, -33.8654021], [151.2057144, -33.8655037], [151.205737, -33.865685], [151.2057729, -33.8659805], [151.2058002, -33.8662069], [151.205819, -33.8663591], [151.2058302, -33.8664651], [151.2058374, -33.8665501], [151.2058386, -33.8666455]], [[151.2058386, -33.8666455], [151.2058371, -33.8668023], [151.2058318, -33.8669547], [151.2058323, -33.8670564], [151.2058465, -33.8672954], [151.2058894, -33.8676696], [151.2059244, -33.867953], [151.2060361, -33.8688517], [151.2060933, -33.8693652], [151.2061212, -33.8695006], [151.2061965, -33.8697341], [151.2062904, -33.8699323], [151.2064014, -33.870104], [151.2065065, -33.8702509], [151.20664, -33.8704357], [151.2067464, -33.8706076], [151.2068233, -33.8707717], [151.2068664, -33.8708838], [151.2069218, -33.8710985], [151.2069516, -33.8713849], [151.2069622, -33.8716041], [151.2069984, -33.8720336]], [[151.2069984, -33.8720336], [151.2070079, -33.8721771], [151.2070146, -33.8722918], [151.2070186, -33.872451], [151.2070186, -33.87254], [151.2070159, -33.8726165], [151.20701, -33.8727281], [151.2070042, -33.8728083], [151.2069878, -33.8729541], [151.2069656, -33.8731202], [151.2068053, -33.8742386], [151.2067921, -33.8743312], [151.206778, -33.8744336], [151.2067637, -33.874534], [151.2067536, -33.8746045], [151.2067337, -33.8747212], [151.2066941, -33.8749363]], [[151.2066941, -33.8749363], [151.2066652, -33.8751493], [151.2066579, -33.8752709], [151.2066611, -33.87539], [151.2066705, -33.8754736], [151.2066908, -33.8755951], [151.2067051, -33.8756756], [151.2067652, -33.8758589], [151.2068385, -33.8760233], [151.2068898, -33.8761189], [151.2069915, -33.8762671], [151.2070922, -33.8763844], [151.2072168, -33.8765185], [151.2073961, -33.876672], [151.2077069, -33.8768934], [151.2079265, -33.8770631], [151.2081163, -33.8772259], [151.20829, -33.8773936], [151.2083807, -33.8774979], [151.2085027, -33.8776599], [151.208594, -33.8778003], [151.2086698, -33.8779423], [151.2087083, -33.8780231], [151.2087538, -33.8781396], [151.2087951, -33.878256], [151.2088204, -33.8783749]], [[151.2088204, -33.8783749], [151.2088395, -33.8785249], [151.2088422, -33.8785967], [151.2088422, -33.8787507], [151.2088342, -33.8788681], [151.2088204, -33.8789926], [151.2087457, -33.8795971]], [[151.2087457, -33.8795971], [151.2087193, -33.8797593]], [[151.2087193, -33.8797593], [151.2086716, -33.8799968], [151.208629, -33.8801747]], [[151.208629, -33.8801747], [151.2085421, -33.8805062]], [[151.2085421, -33.8805062], [151.2085256, -33.8805686], [151.2084509, -33.8808582], [151.2083947, -33.8810732]], [[151.2083947, -33.8810732], [151.208317, -33.8813678], [151.2082222, -33.8817317], [151.2081868, -33.881866], [151.2081264, -33.8820896], [151.2080884, -33.8822129], [151.2080655, -33.8822855], [151.2080445, -33.8823473]], [[151.2080445, -33.8823473], [151.2080306, -33.8823843]], [[151.2080306, -33.8823843], [151.2080211, -33.8824112]], [[151.2080211, -33.8824112], [151.2079859, -33.8825033], [151.2078588, -33.8827913], [151.2077821, -33.8829667], [151.2077168, -33.8831064]], [[151.2077168, -33.8831064], [151.2076772, -33.8831786], [151.2076332, -33.8832514], [151.2075772, -33.8833311], [151.2075162, -33.8834085], [151.2074035, -33.8835415], [151.2072708, -33.8836891]], [[151.2072708, -33.8836891], [151.2071198, -33.883857], [151.2070667, -33.8839205], [151.2069062, -33.8841128], [151.2067476, -33.8843155], [151.2067009, -33.8843752], [151.2066348, -33.8844582], [151.2064453, -33.8846963], [151.2063885, -33.8847643], [151.2063506, -33.8848097], [151.2062459, -33.8849352]], [[151.2062459, -33.8849352], [151.2060056, -33.8851803], [151.2058507, -33.8853293], [151.2056249, -33.8855372], [151.205389, -33.8857235], [151.2051256, -33.8859109]], [[151.2051256, -33.8859109], [151.2046783, -33.8861744], [151.2043923, -33.8863513], [151.2038373, -33.8867496], [151.203584, -33.8869239]], [[151.203584, -33.8869239], [151.2033746, -33.8870841], [151.2031064, -33.8872892], [151.2027141, -33.8875787], [151.2023493, -33.8878743], [151.2021375, -33.8880736], [151.2017818, -33.8884459], [151.2016676, -33.888576]], [[151.2016676, -33.888576], [151.2012958, -33.8890582], [151.2012597, -33.889105]], [[151.2012597, -33.889105], [151.2012437, -33.889125], [151.2011373, -33.8892586], [151.2010451, -33.8893743], [151.2007984, -33.8896615], [151.2007485, -33.8897196], [151.2006919, -33.8897823], [151.2005429, -33.8899472], [151.2004637, -33.8900349], [151.2002245, -33.8903065], [151.2001993, -33.8903352], [151.1998684, -33.8906991], [151.1996614, -33.8909384], [151.1994006, -33.8911933], [151.1990781, -33.8914636], [151.1990475, -33.8914908]], [[151.1990475, -33.8914908], [151.1987133, -33.8917584]], [[151.1987133, -33.8917584], [151.1985949, -33.891849], [151.1983523, -33.8920287], [151.1982356, -33.8921124], [151.198029, -33.8922476], [151.1977606, -33.8924281], [151.197605, -33.8925215], [151.1972261, -33.8927492], [151.1970999, -33.8928328], [151.1966764, -33.8930575], [151.1962314, -33.893262], [151.1956788, -33.8935118], [151.1953534, -33.8936588], [151.1949, -33.8938527], [151.1947042, -33.8939288]], [[151.1947042, -33.8939288], [151.1945084, -33.894005], [151.1941265, -33.8941263], [151.19362, -33.8942666], [151.1933765, -33.8943238], [151.1930447, -33.8943938], [151.1926404, -33.8944921], [151.1923459, -33.8945744], [151.1920525, -33.8946674], [151.1917867, -33.8947602], [151.1910518, -33.8949942], [151.1905024, -33.8951757], [151.1901706, -33.8952838]], [[151.1901706, -33.8952838], [151.1899541, -33.895337], [151.1898069, -33.8953687], [151.1895181, -33.8954309], [151.189248, -33.895501]], [[151.189248, -33.895501], [151.1890916, -33.8955525], [151.1884982, -33.8957527], [151.1880154, -33.8959318], [151.1876895, -33.8960533], [151.1871976, -33.8962362], [151.1866839, -33.8964239], [151.1860359, -33.8966392], [151.1855561, -33.8967969], [151.1854163, -33.8968444]], [[151.1854163, -33.8968444], [151.185231, -33.8969045]], [[151.185231, -33.8969045], [151.1850728, -33.8969566], [151.1843557, -33.8971828], [151.1839076, -33.8973158], [151.1833259, -33.8974497], [151.1826422, -33.8975834], [151.182188, -33.8976474], [151.1818898, -33.8976809], [151.1809688, -33.8977236], [151.1803989, -33.8977303], [151.1798329, -33.8977225], [151.1790814, -33.8976925], [151.1790366, -33.8976914]], [[151.1790366, -33.8976914], [151.1782843, -33.897666]], [[151.1782843, -33.897666], [151.1776391, -33.8976561], [151.1773052, -33.8976461], [151.1768814, -33.8976194], [151.1764797, -33.8975464], [151.1761228, -33.897474], [151.1757578, -33.8973696], [151.1754617, -33.897272], [151.1751099, -33.8971371], [151.1747337, -33.8969808], [151.174458, -33.8968462], [151.1740767, -33.8966391], [151.1737705, -33.8964506], [151.1732981, -33.8961426], [151.1729939, -33.895949], [151.1726614, -33.8957793], [151.1722841, -33.8956057], [151.1718766, -33.8954575], [151.1715896, -33.8953597]], [[151.1715896, -33.8953597], [151.1714057, -33.895297]], [[151.1714057, -33.895297], [151.1709438, -33.8951394], [151.1705037, -33.8949711], [151.1700677, -33.8948028], [151.1696249, -33.8946308], [151.1692789, -33.8944964], [151.1688511, -33.8943651], [151.1684435, -33.894254], [151.1679669, -33.8941632], [151.1675492, -33.8941076], [151.1674143, -33.8940948], [151.1670929, -33.8940655], [151.1666509, -33.8940762], [151.1661657, -33.8940891], [151.165676, -33.8941193], [151.1651833, -33.894159], [151.1646279, -33.8942222], [151.1641087, -33.8942968], [151.1634487, -33.8944071], [151.1629677, -33.8944919], [151.1625483, -33.8945565], [151.162179, -33.8945972], [151.1618325, -33.8946178], [151.1614434, -33.8946083], [151.160974, -33.8945675], [151.1605766, -33.8945033], [151.1601842, -33.8944022], [151.1596894, -33.8942742], [151.1591642, -33.8940941], [151.1587384, -33.8939544], [151.1583774, -33.8938366], [151.1580388, -33.8937642], [151.1577184, -33.8937003], [151.1573067, -33.893643], [151.1569154, -33.893606], [151.1564658, -33.8936091], [151.1560529, -33.8936221], [151.155665, -33.8936575], [151.1553566, -33.8937063], [151.1548288, -33.8937961], [151.15433, -33.8938788], [151.153758, -33.8939746], [151.1532795, -33.8940403], [151.152807, -33.894084], [151.152373, -33.894084], [151.151929, -33.8940689], [151.1513996, -33.8940164], [151.1510854, -33.8939763], [151.1499498, -33.8937811], [151.1491457, -33.8936424], [151.148728, -33.8935535], [151.148333, -33.8934444], [151.1478218, -33.8932733], [151.1472453, -33.8930736], [151.1470019, -33.8929926]], [[151.1470019, -33.8929926], [151.1467584, -33.8929115], [151.1461259, -33.8927061]], [[151.1461259, -33.8927061], [151.1459279, -33.8926441]], [[151.1459279, -33.8926441], [151.1456771, -33.8925776], [151.1451083, -33.8923827], [151.1448196, -33.8922812]], [[151.1448196, -33.8922812], [151.143984, -33.8919846]], [[151.143984, -33.8919846], [151.1428768, -33.8916248], [151.1424793, -33.8914969], [151.142015, -33.8913387], [151.1414472, -33.8911266], [151.1409524, -33.8909431], [151.1405499, -33.8908029], [151.1399953, -33.890575], [151.1395149, -33.8903894], [151.1390416, -33.8902335], [151.1386022, -33.8901167], [151.1380042, -33.8899714], [151.1376027, -33.8898895], [151.1372795, -33.8898423], [151.1368835, -33.8898018], [151.1365033, -33.8897772], [151.1361776, -33.8897606], [151.1357237, -33.8897362], [151.1356027, -33.8897303], [151.1354164, -33.8897215], [151.1347572, -33.8896912], [151.1332506, -33.8896107], [151.1329323, -33.8895819], [151.132638, -33.88955], [151.1321655, -33.8894776], [151.1314926, -33.8893547], [151.1310017, -33.8892503], [151.1306024, -33.8891442], [151.1301924, -33.8890195], [151.1288545, -33.888565], [151.1286311, -33.8884911], [151.1280112, -33.8882653], [151.1265738, -33.8877338], [151.1261727, -33.8875848], [151.125646, -33.8873941], [151.1251476, -33.8872233], [151.1246615, -33.8870747], [151.1244776, -33.8870135]], [[151.1244776, -33.8870135], [151.124258, -33.8869447]], [[151.124258, -33.8869447], [151.1236576, -33.8867703], [151.1230729, -33.8865946], [151.1224493, -33.8863939], [151.1219086, -33.8862072], [151.1213257, -33.8860046], [151.1208243, -33.8858291], [151.1203301, -33.8856419], [151.119853, -33.8854427], [151.1196082, -33.8853249]], [[151.1196082, -33.8853249], [151.1194789, -33.8852635]], [[151.1194789, -33.8852635], [151.1189749, -33.885024], [151.118394, -33.8847143], [151.1178328, -33.8844003], [151.1173425, -33.8841158], [151.1169061, -33.8838532], [151.1164438, -33.8835703], [151.1162112, -33.8834294], [151.1160123, -33.883309], [151.1154106, -33.8829471], [151.1148418, -33.8825994], [151.114311, -33.8822762], [151.1139105, -33.8820246], [151.1134411, -33.8817198], [151.1130163, -33.8814362], [151.1125777, -33.8811096], [151.1121663, -33.8807746], [151.1111354, -33.8799353], [151.1107035, -33.8795869], [151.1103263, -33.8792956]], [[151.1103263, -33.8792956], [151.1099106, -33.8790094], [151.1095395, -33.8787872], [151.1091137, -33.8785532], [151.1086805, -33.8783624], [151.1082499, -33.8781727], [151.1078788, -33.8780447], [151.1070334, -33.8777961]], [[151.1070334, -33.8777961], [151.106374, -33.8776023], [151.1060419, -33.8774912], [151.1056142, -33.8773625], [151.105206, -33.8772412], [151.1050024, -33.8771868], [151.1047942, -33.8771383], [151.1047181, -33.8771212], [151.1046444, -33.8771046], [151.1045946, -33.8770934], [151.1044214, -33.877059], [151.104223, -33.8770146], [151.1040474, -33.8769849], [151.1039277, -33.8769685], [151.1038991, -33.876964]], [[151.1038991, -33.876964], [151.1036624, -33.8769296]], [[151.1036624, -33.8769296], [151.1035884, -33.8769182], [151.1033575, -33.8768854], [151.1030942, -33.8768492], [151.1028315, -33.8768114], [151.102274, -33.8767313], [151.1017691, -33.8766587], [151.1015218, -33.8766155], [151.1013028, -33.8765772], [151.1009049, -33.876485], [151.1004755, -33.8763529], [151.1000351, -33.876167], [151.0997205, -33.8760195], [151.0993689, -33.8758305], [151.0990302, -33.8756384], [151.0986971, -33.8754126], [151.0984177, -33.8752144], [151.098103, -33.8749363], [151.0977052, -33.874566], [151.0973924, -33.8742571], [151.0971722, -33.8740328], [151.0968132, -33.8736333], [151.0966837, -33.8734889]], [[151.0966837, -33.8734889], [151.0965541, -33.8733444], [151.0964042, -33.8731831], [151.0960729, -33.8728604], [151.0956806, -33.8725255], [151.0952919, -33.8722212], [151.0949126, -33.8719539], [151.094622, -33.8717603], [151.0943074, -33.8715313], [151.0939228, -33.8712328], [151.0937657, -33.8711124], [151.0937508, -33.871101], [151.0937162, -33.8710738], [151.0935775, -33.8709649], [151.0929657, -33.8704665], [151.092663, -33.8702162]], [[151.092663, -33.8702162], [151.0925401, -33.8701146]], [[151.0925401, -33.8701146], [151.0922421, -33.8698657], [151.0920163, -33.8696982]], [[151.0920163, -33.8696982], [151.0917638, -33.8695225], [151.0915085, -33.8693665], [151.0911336, -33.8691558], [151.0907986, -33.8690006], [151.0904544, -33.8688577], [151.0900232, -33.8686718], [151.0896068, -33.8684751], [151.0892275, -33.8682646], [151.0888846, -33.8680547], [151.0885235, -33.8678292], [151.0883193, -33.8677109], [151.087988, -33.8675242], [151.0876947, -33.8673658], [151.0871833, -33.8670947]], [[151.0871833, -33.8670947], [151.0869594, -33.8669743], [151.0865504, -33.866764], [151.0862651, -33.8666396], [151.0859486, -33.8665244], [151.0857512, -33.8664574], [151.0855395, -33.8663977], [151.0851226, -33.8662873]], [[151.0851226, -33.8662873], [151.0849189, -33.8662343], [151.0846453, -33.8661634], [151.0843781, -33.8660916], [151.0842004, -33.8660454]], [[151.0842004, -33.8660454], [151.083903, -33.8659594]], [[151.083903, -33.8659594], [151.0833836, -33.8658031], [151.0811197, -33.8651156], [151.080603, -33.8649615], [151.0801207, -33.8648439], [151.0796557, -33.8647565], [151.0790912, -33.8646754], [151.0787461, -33.8646401]], [[151.0787461, -33.8646401], [151.0786243, -33.8646325], [151.0785924, -33.8646305]], [[151.0785924, -33.8646305], [151.0782951, -33.8646166], [151.0777956, -33.864615], [151.0775354, -33.8646214], [151.0773, -33.8646341], [151.0767699, -33.8646818], [151.0762513, -33.8647517], [151.0756121, -33.8648598], [151.0749749, -33.8649519], [151.0748294, -33.8649662], [151.0743319, -33.8650155], [151.0736774, -33.8650616], [151.0730899, -33.8650918], [151.0726196, -33.8651189], [151.0720967, -33.865093], [151.0715206, -33.8650563], [151.0710757, -33.865012], [151.0706614, -33.8649595], [151.0703376, -33.8649078], [151.0698726, -33.8648231], [151.0694103, -33.8647298], [151.0689869, -33.8646414], [151.0685252, -33.8645449], [151.0679059, -33.8644167]], [[151.0679059, -33.8644167], [151.0675662, -33.8643537]], [[151.0675662, -33.8643537], [151.0669543, -33.8642417], [151.0666549, -33.8641844], [151.0658995, -33.8640544], [151.0654964, -33.8639927], [151.0651126, -33.8639525], [151.0646301, -33.8639153], [151.0639965, -33.8638718], [151.0632853, -33.8638361], [151.062649, -33.8638276], [151.0621261, -33.8638248], [151.0614699, -33.8638362], [151.0608623, -33.8638486], [151.0604092, -33.8638622], [151.0602193, -33.8638728], [151.060033, -33.8638856], [151.0598867, -33.8638984], [151.0596789, -33.8639207], [151.0594587, -33.8639477], [151.0592469, -33.8639787], [151.0591511, -33.863994], [151.0590111, -33.8640173], [151.0588894, -33.8640401], [151.0587457, -33.8640683], [151.058482, -33.864125], [151.0581959, -33.8641951], [151.0579256, -33.8642634], [151.0575393, -33.8643609], [151.0573867, -33.8643976], [151.057234, -33.8644313], [151.0570369, -33.8644699]], [[151.0570369, -33.8644699], [151.0567851, -33.8645212], [151.0564661, -33.8645547]], [[151.0564661, -33.8645547], [151.0562069, -33.8645619], [151.0558835, -33.8645719], [151.0555578, -33.8645653], [151.0552963, -33.8645539], [151.0550184, -33.8645316], [151.0544248, -33.8644832], [151.0539782, -33.86446], [151.0535761, -33.8644549], [151.0530399, -33.8644662], [151.0524344, -33.8644773], [151.0518792, -33.8644675], [151.0512394, -33.864455], [151.0508309, -33.864445]], [[151.0508309, -33.864445], [151.0505326, -33.8644359], [151.0500832, -33.8644293], [151.049658, -33.86442]], [[151.049658, -33.86442], [151.0491391, -33.8644033], [151.0480824, -33.8643737], [151.0476557, -33.8643461], [151.0473968, -33.8643219], [151.0472111, -33.864302], [151.0470184, -33.8642742], [151.0468305, -33.8642383], [151.0466073, -33.8641908], [151.0462754, -33.8641168], [151.0461165, -33.8640658], [151.045947, -33.8640101], [151.0457464, -33.863938], [151.0454575, -33.8638278], [151.0451019, -33.8636963], [151.0449013, -33.8636186], [151.0446456, -33.8635213], [151.0444102, -33.8634251], [151.0441914, -33.8633277], [151.0437493, -33.8631013]], [[151.0437493, -33.8631013], [151.043345, -33.8628573], [151.0429637, -33.8626005], [151.0426123, -33.8623286], [151.042398, -33.8621264]], [[151.042398, -33.8621264], [151.042033, -33.861756]], [[151.042033, -33.861756], [151.041961, -33.8616777], [151.0416868, -33.8613783], [151.0414675, -33.8610814], [151.0411833, -33.860682], [151.0408875, -33.86025], [151.0406532, -33.8599165], [151.0403423, -33.8594711], [151.0401814, -33.8592401]], [[151.0401814, -33.8592401], [151.040014, -33.8590078]], [[151.040014, -33.8590078], [151.0397988, -33.8586935], [151.0395005, -33.8582597]], [[151.0395005, -33.8582597], [151.0390965, -33.8576722], [151.0365026, -33.8539768], [151.0362486, -33.8536149]], [[151.0362486, -33.8536149], [151.0359852, -33.8532396]], [[151.0359852, -33.8532396], [151.0357844, -33.8529535], [151.0341437, -33.8507258], [151.0339838, -33.8505367], [151.0337394, -33.8502372], [151.0336422, -33.8501202], [151.0334474, -33.8498957], [151.0332531, -33.8496844], [151.033099, -33.8495236], [151.0330536, -33.8494787], [151.0329024, -33.8493224], [151.0326616, -33.8490886], [151.0323189, -33.8487568], [151.0322773, -33.8487181], [151.0321672, -33.8486143], [151.0320436, -33.8484955], [151.0316315, -33.848086], [151.0314386, -33.8478876], [151.0311538, -33.8476051], [151.0308619, -33.8473161], [151.0306291, -33.8471027], [151.030486, -33.8469695], [151.0303581, -33.8468555], [151.0301552, -33.8466574], [151.0298864, -33.8463966], [151.0295956, -33.8461389], [151.0293683, -33.8459305], [151.0289669, -33.8455581], [151.0286562, -33.8452537], [151.028269, -33.8448928], [151.0277946, -33.8444597], [151.0273313, -33.8440254], [151.0268661, -33.843584], [151.0264074, -33.8431295], [151.0259649, -33.8426903], [151.0256414, -33.8423676]], [[151.0256414, -33.8423676], [151.0255357, -33.8422622], [151.0251084, -33.8418328], [151.0247266, -33.8414557], [151.0243229, -33.8410741], [151.023923, -33.840723], [151.02349, -33.8403681], [151.0230833, -33.8400475], [151.0226829, -33.8397136], [151.0223533, -33.8394556], [151.0218991, -33.8391197], [151.0216084, -33.8389189], [151.0211217, -33.8385979], [151.0206222, -33.8382827], [151.0205305, -33.8382239], [151.0200547, -33.8379225], [151.019505, -33.8375693], [151.0192585, -33.8374114], [151.0191886, -33.8373672], [151.0190881, -33.8373035]], [[151.0190881, -33.8373035], [151.0188319, -33.8371386]], [[151.0188319, -33.8371386], [151.0184129, -33.8368642], [151.0181806, -33.8366982], [151.0178923, -33.8365064], [151.0175836, -33.8362938], [151.0174871, -33.8362258], [151.0171866, -33.836034], [151.0166576, -33.835685], [151.0164637, -33.8355654], [151.0163706, -33.8355092], [151.0163351, -33.8354863]], [[151.0163351, -33.8354863], [151.0161032, -33.8353622], [151.0160429, -33.8353334], [151.0159409, -33.8352901], [151.0158375, -33.835248]], [[151.0158375, -33.835248], [151.0156821, -33.835182], [151.0155396, -33.8351171], [151.0153586, -33.8350308]], [[151.0153586, -33.8350308], [151.0150378, -33.8348401], [151.0146285, -33.834584], [151.0141318, -33.8342783], [151.0136986, -33.834033]], [[151.0136986, -33.834033], [151.0131847, -33.833741], [151.0129419, -33.8336129], [151.0125832, -33.8334184], [151.0121621, -33.8331659], [151.0119703, -33.8330299], [151.0116985, -33.8328287], [151.0116281, -33.8327766], [151.0115742, -33.8327346], [151.0114557, -33.8326423], [151.0114459, -33.8326349], [151.0111309, -33.832397], [151.0107754, -33.8321543]], [[151.0107754, -33.8321543], [151.0103081, -33.8318509]], [[151.0103081, -33.8318509], [151.0101213, -33.8317105]], [[151.0101213, -33.8317105], [151.0099662, -33.8315939]], [[151.0099662, -33.8315939], [151.0098753, -33.8315256]], [[151.0096936, -33.8314073], [151.0098753, -33.8315256]], [[151.0096936, -33.8314073], [151.0095371, -33.8312922], [151.0094083, -33.8311851], [151.009219, -33.8310025], [151.009126, -33.8309045], [151.0090623, -33.8308368], [151.0090016, -33.8307634], [151.0088549, -33.8305676], [151.0085527, -33.8301156], [151.008502, -33.8300275], [151.0083998, -33.8298593], [151.0083023, -33.829667]], [[151.0083023, -33.829667], [151.0081555, -33.8293613], [151.0080124, -33.829039]], [[151.0080124, -33.829039], [151.0078671, -33.8287205]], [[151.0078671, -33.8287205], [151.0076673, -33.8282635], [151.0074985, -33.8278296], [151.0073757, -33.8274427], [151.0073264, -33.8272669]], [[151.0073264, -33.8272669], [151.0072739, -33.8270485], [151.0072239, -33.8267763]], [[151.0072239, -33.8267763], [151.0071898, -33.826512]], [[151.0071898, -33.826512], [151.0071725, -33.8263528], [151.0071543, -33.8259951]], [[151.0071543, -33.8259951], [151.0071385, -33.8255354], [151.0071472, -33.8251838]], [[151.0071472, -33.8251838], [151.0071732, -33.8248061], [151.0072053, -33.8246109]], [[151.0072053, -33.8246109], [151.0072199, -33.8245209], [151.0072369, -33.8244382]], [[151.0072369, -33.8244382], [151.0072846, -33.8241781], [151.0073587, -33.8238499], [151.0074171, -33.8236092], [151.0075121, -33.8232777], [151.0075179, -33.8232581], [151.0075836, -33.8230355], [151.007655, -33.8227542], [151.007693, -33.8225622], [151.0077106, -33.8224762]], [[151.0077106, -33.8224762], [151.0077283, -33.8223839], [151.0077582, -33.8221245], [151.0077646, -33.8220683], [151.0077813, -33.8219142], [151.0077833, -33.8217487], [151.0077833, -33.8215228], [151.0077754, -33.8213638], [151.007743, -33.821049], [151.0076792, -33.820704], [151.007583, -33.8203721], [151.0074642, -33.8200598], [151.0073013, -33.8197148]], [[151.0073013, -33.8197148], [151.0070747, -33.8193322]], [[151.0070747, -33.8193322], [151.0068426, -33.819009], [151.0065946, -33.8187042], [151.0064716, -33.8185727]], [[151.0064716, -33.8185727], [151.0064439, -33.8185468], [151.006381, -33.8184825], [151.0063542, -33.8184552]], [[151.0063542, -33.8184552], [151.0061603, -33.8182798]], [[151.0061603, -33.8182798], [151.0061043, -33.8182324], [151.0058977, -33.8180579], [151.0058485, -33.8180163], [151.0056993, -33.8178969], [151.0055026, -33.8177518], [151.0053529, -33.8176447], [151.0052572, -33.8175833], [151.0052092, -33.8175543], [151.0051271, -33.8175046], [151.0047993, -33.817326], [151.0046256, -33.8172354], [151.0045166, -33.8171799], [151.0044727, -33.8171595], [151.0043688, -33.8171116], [151.0043179, -33.8170885], [151.0041545, -33.8170195], [151.0040136, -33.8169681], [151.003913, -33.8169295], [151.0036552, -33.8168498], [151.0035682, -33.8168268]], [[151.0035682, -33.8168268], [151.0032732, -33.8167433]], [[151.0032732, -33.8167433], [151.0028745, -33.8166505], [151.0026495, -33.816599], [151.0023544, -33.8165408], [151.0021386, -33.8164944], [151.001339, -33.8163223]], [[151.001339, -33.8163223], [151.001128, -33.8162794]], [[151.001128, -33.8162794], [150.999485, -33.8159358]], [[150.999485, -33.8159358], [150.9992675, -33.8158909]], [[150.9992675, -33.8158909], [150.998928, -33.8158157], [150.9984548, -33.8156885], [150.9980158, -33.8155366], [150.9976067, -33.8153671]], [[150.9976067, -33.8153671], [150.9973595, -33.8152493]], [[150.9973595, -33.8152493], [150.9972557, -33.815201], [150.9968742, -33.814991], [150.9965156, -33.8147721], [150.9963107, -33.81463], [150.9960311, -33.8144237], [150.9958529, -33.8142771], [150.9957862, -33.8142208], [150.9955459, -33.8139982], [150.9952905, -33.8137305], [150.9950791, -33.813478], [150.9949346, -33.8132861], [150.9948367, -33.813147]], [[150.9948367, -33.813147], [150.9947456, -33.8130125], [150.9943843, -33.8124576], [150.9941262, -33.8121084], [150.9938846, -33.811809], [150.9936255, -33.8115404], [150.9933569, -33.8112771], [150.9930552, -33.8110309], [150.9927662, -33.8108154], [150.9924234, -33.8105793], [150.9922125, -33.8104461]], [[150.9922125, -33.8104461], [150.9921155, -33.8103798]], [[150.9921155, -33.8103798], [150.9920621, -33.8103432], [150.9916572, -33.8101086], [150.9912609, -33.8099088], [150.9908898, -33.8097431], [150.99041, -33.8095225], [150.9899928, -33.8093365]], [[150.9899928, -33.8093365], [150.9896035, -33.8091737], [150.9892927, -33.8090666], [150.9887331, -33.8088974]], [[150.9887331, -33.8088974], [150.9884907, -33.8088217], [150.9882435, -33.8087347], [150.9875957, -33.8084962], [150.9874732, -33.8084527], [150.9871638, -33.8083524], [150.9866549, -33.8082098]], [[150.9866549, -33.8082098], [150.9860806, -33.8080815]], [[150.9860806, -33.8080815], [150.9855189, -33.8079859], [150.9849731, -33.8079187], [150.9843256, -33.8078683], [150.9837455, -33.8078259], [150.9832375, -33.8078218], [150.9826645, -33.8078514], [150.9821001, -33.807885], [150.9816228, -33.807937], [150.9810792, -33.8080053], [150.980397, -33.808092], [150.9795644, -33.8082073], [150.9789969, -33.8082731], [150.9787046, -33.8083012], [150.9782924, -33.8083282], [150.9778403, -33.8083454], [150.9772726, -33.8083402], [150.976744, -33.808309], [150.97651, -33.8082847], [150.9759979, -33.8082227], [150.9756101, -33.8081623], [150.975077, -33.8080563], [150.9750028, -33.8080395]], [[150.9750028, -33.8080395], [150.9747287, -33.8079777]], [[150.9747287, -33.8079777], [150.9745113, -33.807924], [150.974236, -33.8078534], [150.973776, -33.8077222], [150.9735478, -33.8076541], [150.973355, -33.8075947], [150.9729188, -33.8074445], [150.9725279, -33.8073014], [150.9721474, -33.8071541], [150.9719072, -33.8070558], [150.9717881, -33.8070071], [150.9712364, -33.8067659], [150.9707108, -33.8065299], [150.9702026, -33.8062965]], [[150.9702026, -33.8062965], [150.9698535, -33.8061371]], [[150.9698535, -33.8061371], [150.9679629, -33.8052864], [150.9673389, -33.8050157], [150.9667851, -33.8047909], [150.9662789, -33.8045993], [150.9657226, -33.8044223], [150.9651914, -33.8042807], [150.964625, -33.8041558], [150.9640412, -33.8040558], [150.9616355, -33.8036873], [150.9611794, -33.8036123], [150.9607033, -33.8035207], [150.9602172, -33.8034041], [150.9597411, -33.803275], [150.9592599, -33.8031042], [150.9589255, -33.8029699], [150.9579468, -33.8025449], [150.9576091, -33.8023912], [150.9574125, -33.8022966], [150.9571792, -33.8021714], [150.9569507, -33.802041], [150.9567657, -33.8019261], [150.956427, -33.8016881], [150.9561927, -33.8015081], [150.9558526, -33.8012071], [150.9557302, -33.8010811], [150.9555576, -33.8009036], [150.9553603, -33.8006728], [150.9551474, -33.8004085]], [[150.9551474, -33.8004085], [150.954819, -33.7999856], [150.9542557, -33.7992415], [150.95395, -33.7988146], [150.9536793, -33.7984044], [150.9534212, -33.7979588], [150.9531807, -33.7975027], [150.9529601, -33.7970321], [150.9527747, -33.7965531], [150.9526118, -33.7960658], [150.9524865, -33.7956306], [150.9523813, -33.7951287], [150.9523036, -33.7946352], [150.9522485, -33.7941791], [150.9517746, -33.7902827], [150.951659, -33.7892889], [150.9516036, -33.7888943], [150.9515757, -33.7887319], [150.9515262, -33.7884953], [150.9514413, -33.7881191], [150.9511131, -33.7867445], [150.9510913, -33.7866557], [150.9510083, -33.7863185], [150.9509472, -33.7860952], [150.9507769, -33.7855575], [150.9507087, -33.7853662]], [[150.9507087, -33.7853662], [150.9506017, -33.7850905]], [[150.9506017, -33.7850905], [150.9504085, -33.7846209], [150.950187, -33.7841806], [150.9499549, -33.7837432], [150.9496749, -33.7832542], [150.9493683, -33.7827682], [150.9490299, -33.7822734], [150.9487021, -33.7818198], [150.9483459, -33.7813735], [150.9479685, -33.7809273], [150.9476319, -33.7805546], [150.947196, -33.7801099], [150.9467884, -33.7797078], [150.9463454, -33.7793138], [150.9458958, -33.7789272], [150.9454333, -33.7785561], [150.9449301, -33.7781908], [150.9444233, -33.7778373], [150.9439343, -33.7775192], [150.9434045, -33.7772025], [150.9428764, -33.776908], [150.9423358, -33.7766228], [150.941848, -33.7763803], [150.9414164, -33.7761804], [150.9394903, -33.7753453], [150.9390207, -33.7751553], [150.9385317, -33.7749829], [150.9380196, -33.7748386], [150.9375571, -33.7747296], [150.937006, -33.7746324], [150.935808, -33.7744496], [150.9354377, -33.7743893], [150.935174, -33.7743502], [150.9349438, -33.7743233], [150.9346758, -33.7743006], [150.9344314, -33.7742863]], [[150.9344314, -33.7742863], [150.9327306, -33.7741614]], [[150.9327306, -33.7741614], [150.9323377, -33.7741325], [150.9319993, -33.7741119], [150.931512, -33.774106], [150.9311559, -33.7741369]], [[150.9311559, -33.7741369], [150.9307394, -33.7742003], [150.9303385, -33.7742997], [150.9297786, -33.7744772], [150.9293764, -33.7745943], [150.9290007, -33.7746767], [150.9286065, -33.7747342], [150.928222, -33.7747578], [150.9278277, -33.7747541], [150.9274282, -33.7747209], [150.9270188, -33.7746495], [150.9266264, -33.7745464], [150.9262368, -33.7744144]], [[150.9262368, -33.7744144], [150.925736, -33.7742297]], [[150.925736, -33.7742297], [150.925409, -33.7741229], [150.9250626, -33.7740206], [150.924702, -33.7739513], [150.9243406, -33.7739138], [150.923988, -33.7738954], [150.9236203, -33.7738961], [150.9232668, -33.7739241], [150.9228256, -33.7739793], [150.9224136, -33.774036], [150.9220326, -33.7740699], [150.9216437, -33.774078], [150.9213354, -33.774064], [150.9210412, -33.774039], [150.9206904, -33.7739801], [150.9201101, -33.7738497], [150.919722, -33.7737444], [150.9191701, -33.7735868], [150.9186252, -33.7734012], [150.9181867, -33.7732407], [150.9177525, -33.773061], [150.9173264, -33.772871], [150.9168152, -33.7726213], [150.9164369, -33.7724217], [150.9159567, -33.7721448], [150.9156156, -33.7719349], [150.9152639, -33.7717125], [150.9149821, -33.7715365], [150.9145453, -33.7712633], [150.9141653, -33.7710173], [150.9136868, -33.770719], [150.913196, -33.7704281], [150.9129293, -33.7702793], [150.9128177, -33.7702219], [150.9125316, -33.7700817]], [[150.9125316, -33.7700817], [150.9124651, -33.7700488], [150.9122835, -33.769959], [150.9118555, -33.7697587], [150.911285, -33.7695296], [150.9109572, -33.7694154], [150.910805, -33.7693633], [150.9104433, -33.7692394], [150.9099144, -33.76907], [150.9096646, -33.7689957], [150.9093802, -33.768909]], [[150.9093802, -33.768909], [150.9089327, -33.7687592], [150.9087387, -33.7686775], [150.908661, -33.7686414], [150.9084615, -33.7685291], [150.9083379, -33.7684612], [150.9081678, -33.768355], [150.9080594, -33.7682827], [150.9079393, -33.7681984], [150.907888, -33.7681624], [150.9076826, -33.7680043], [150.9075439, -33.7678697], [150.9074646, -33.7677868], [150.9073489, -33.7676576], [150.9072533, -33.7675456], [150.9072136, -33.7674959], [150.9072041, -33.7674828]], [[150.9072041, -33.7674828], [150.9071946, -33.7674697], [150.9071414, -33.7673965], [150.9070182, -33.7672229], [150.9068941, -33.7670108], [150.9067985, -33.766834], [150.9066762, -33.7665748], [150.906653, -33.7665171], [150.9064822, -33.7660931], [150.9063771, -33.7657403]], [[150.9063771, -33.7657403], [150.9063381, -33.7656061], [150.9063019, -33.7654807]], [[150.9063019, -33.7654807], [150.906113, -33.7647969]], [[150.906113, -33.7647969], [150.9046752, -33.7592444], [150.9045246, -33.7586747], [150.9043684, -33.758102], [150.9042003, -33.757533], [150.9040698, -33.757113], [150.9039982, -33.7568839], [150.9038421, -33.7564059], [150.9036473, -33.7558362], [150.9033387, -33.754981], [150.9029561, -33.7540189], [150.9028712, -33.7537907]], [[150.9028712, -33.7537907], [150.9028489, -33.7537362]], [[150.9028489, -33.7537362], [150.902558, -33.7530673], [150.9023143, -33.7525214], [150.9019328, -33.7516945], [150.9018475, -33.7514963]], [[150.9018475, -33.7514963], [150.9017769, -33.7513426]], [[150.9017769, -33.7513426], [150.9014714, -33.7506918], [150.9013793, -33.7505021], [150.9007472, -33.7491335]], [[150.9007472, -33.7491335], [150.900576, -33.7487607], [150.9004249, -33.7483651], [150.9003024, -33.7479676], [150.9002473, -33.747728], [150.9001904, -33.7474282], [150.9001822, -33.7473327]], [[150.9001822, -33.7473327], [150.9001626, -33.7472276], [150.9001485, -33.7471042], [150.9001369, -33.7469155], [150.9001284, -33.7467964], [150.9001237, -33.7465815], [150.9001159, -33.7458155], [150.9001152, -33.7457305], [150.900114, -33.7455548]], [[150.900114, -33.7455548], [150.9001124, -33.745273]], [[150.9001124, -33.745273], [150.9001097, -33.7449602]], [[150.9001097, -33.7449602], [150.9001022, -33.7440898], [150.9000872, -33.7423011]], [[150.9000872, -33.7423011], [150.9000848, -33.7420159], [150.9000693, -33.7416893], [150.9000306, -33.7413627], [150.8999687, -33.7410812], [150.8998855, -33.7408189], [150.8997578, -33.7405309], [150.8996011, -33.7402558], [150.8994134, -33.74], [150.8991987, -33.7397329]], [[150.8991987, -33.7397329], [150.8984441, -33.7388512], [150.8981481, -33.7385278], [150.8978462, -33.7382318], [150.8975077, -33.737947], [150.8971845, -33.7376992], [150.8965554, -33.7372368]], [[150.8965554, -33.7372368], [150.8925442, -33.7343046]], [[150.8925442, -33.7343046], [150.8924379, -33.7342283]], [[150.8924379, -33.7342283], [150.891918, -33.7338279], [150.8915543, -33.733548], [150.8912021, -33.7332471], [150.8908713, -33.7329365], [150.8905559, -33.7326067], [150.8894994, -33.7313464]], [[150.8894994, -33.7313464], [150.8893563, -33.7311757], [150.888743, -33.730444], [150.8878704, -33.729403], [150.8877082, -33.7292144], [150.8875256, -33.7290174], [150.8872034, -33.7286716], [150.8869136, -33.7283465], [150.8867776, -33.7281885], [150.8866679, -33.7280739], [150.8865935, -33.7279844], [150.8864925, -33.7278599], [150.8862222, -33.7275048], [150.8861068, -33.7273371], [150.8860332, -33.7272345], [150.8858917, -33.7270469], [150.8857243, -33.726824], [150.8854946, -33.7265487], [150.8853176, -33.726331], [150.8851482, -33.726129], [150.8848551, -33.7257735], [150.8845544, -33.7254077], [150.8843389, -33.7251462], [150.8839603, -33.7246983], [150.8837283, -33.7244175]], [[150.8837283, -33.7244175], [150.8830683, -33.7236188], [150.8825662, -33.7230133], [150.8822377, -33.7226048], [150.8821551, -33.7224942]], [[150.8821551, -33.7224942], [150.8821013, -33.7224221]], [[150.8821013, -33.7224221], [150.8818738, -33.7221201], [150.88154, -33.7216331], [150.8812801, -33.7212098], [150.8810146, -33.7207569], [150.8785219, -33.7163201]], [[150.8785219, -33.7163201], [150.8784597, -33.7162108]], [[150.8784597, -33.7162108], [150.8761305, -33.7120672], [150.8759499, -33.7117075], [150.8757884, -33.7113411], [150.8756626, -33.710961], [150.8755668, -33.7106059], [150.8754853, -33.7102613]], [[150.8754853, -33.7102613], [150.8754419, -33.7100776], [150.8751372, -33.7087895], [150.8749408, -33.7079565], [150.874776, -33.7072576], [150.8746556, -33.7068342], [150.8745137, -33.7064496], [150.8743632, -33.7060533], [150.87397, -33.7050608], [150.8738226, -33.7046924], [150.873683, -33.7043508], [150.873501, -33.7038979], [150.8731756, -33.7030928], [150.8730308, -33.7027365], [150.872882, -33.7024061], [150.8727555, -33.7021287]], [[150.8727555, -33.7021287], [150.87247, -33.7015982]], [[150.87247, -33.7015982], [150.8722693, -33.7012269], [150.8721451, -33.7009837]], [[150.8721451, -33.7009837], [150.8717524, -33.7002713], [150.8707837, -33.6984546], [150.8703416, -33.6976398], [150.8691857, -33.6955064], [150.868784, -33.6947614], [150.8630396, -33.6841895]], [[150.8630396, -33.6841895], [150.8616102, -33.6815586]], [[150.8616102, -33.6815586], [150.8611614, -33.6807326]], [[150.8611614, -33.6807326], [150.8607459, -33.6800054], [150.8606829, -33.6798928]], [[150.8606829, -33.6798928], [150.8606393, -33.6798098], [150.8603798, -33.6793155], [150.8602302, -33.6790406], [150.8600854, -33.6787675], [150.8599547, -33.6785108], [150.8598304, -33.6782522], [150.8596029, -33.6777558], [150.8595823, -33.6777118], [150.8593541, -33.6771876], [150.8591893, -33.6767804]], [[150.8591893, -33.6767804], [150.8591267, -33.6766025], [150.8590433, -33.6763712], [150.8589961, -33.6762443], [150.8589145, -33.6759926]], [[150.8589145, -33.6759926], [150.8588565, -33.6758276], [150.8586988, -33.6753347]], [[150.8586988, -33.6753347], [150.8585011, -33.6747349], [150.8583265, -33.6742222], [150.8579532, -33.6730066]], [[150.8579532, -33.6730066], [150.8577682, -33.6724297], [150.857589, -33.6718577], [150.8573996, -33.6712771], [150.857216, -33.6707088], [150.8570764, -33.6702418], [150.8570015, -33.6698642], [150.8569545, -33.6694865], [150.8569061, -33.6690379], [150.8568415, -33.6686455], [150.8567342, -33.6682421], [150.8565932, -33.6678547], [150.8564243, -33.667477], [150.856229, -33.6671286]], [[150.856229, -33.6671286], [150.8559661, -33.6667546], [150.8557253, -33.666449], [150.8553434, -33.6660138], [150.8546663, -33.6652645], [150.8543388, -33.6648611], [150.8540172, -33.6644259], [150.8537249, -33.6639944], [150.8534576, -33.6635385], [150.8532109, -33.6630715], [150.8529906, -33.6625814], [150.8528805, -33.6623155], [150.8527967, -33.6620961], [150.8526278, -33.6616095], [150.8524868, -33.6611059], [150.8524148, -33.6607942], [150.8523767, -33.6605864], [150.8522944, -33.6600815], [150.8522782, -33.6599329], [150.8522386, -33.6595681], [150.8522108, -33.6590429]], [[150.8522108, -33.6590429], [150.8520742, -33.6565763], [150.8520497, -33.6559781], [150.8520181, -33.655369], [150.8519904, -33.6548322], [150.8519646, -33.654207], [150.8519367, -33.6536165], [150.8519249, -33.6533599], [150.8519028, -33.653065], [150.8518754, -33.6528041], [150.8518482, -33.6525948], [150.85181, -33.6523387], [150.8517586, -33.6520868], [150.8517113, -33.6518847], [150.8515941, -33.6514625], [150.8515113, -33.6511914], [150.8514066, -33.6509063], [150.8513265, -33.6507084], [150.8512398, -33.6504993], [150.8511489, -33.6503002], [150.8510881, -33.6501805], [150.8510544, -33.6501192], [150.8509063, -33.6498329], [150.8506601, -33.649424], [150.8504024, -33.649041], [150.8500675, -33.6485732], [150.8440657, -33.6409528], [150.8349246, -33.6293182], [150.8349056, -33.6292949], [150.8348162, -33.6291845], [150.8345078, -33.6288469], [150.8341788, -33.6285253], [150.8338145, -33.6282147], [150.8334503, -33.6279359], [150.8330552, -33.627673], [150.832716, -33.6274675], [150.8322031, -33.6272048], [150.8320842, -33.6271484]], [[150.8320842, -33.6271484], [150.8319208, -33.6270872], [150.8317794, -33.6270441], [150.830572, -33.6267296], [150.8300419, -33.6265868], [150.8298626, -33.6265377], [150.8297873, -33.6265171]], [[150.8297873, -33.6265171], [150.8293914, -33.6264135], [150.8290958, -33.6263361], [150.8289, -33.6262883], [150.8286842, -33.6262504]], [[150.8286842, -33.6262504], [150.828121, -33.6262135], [150.8273377, -33.6261681]], [[150.8273377, -33.6261681], [150.8267818, -33.6261358], [150.8261703, -33.6260868], [150.8257054, -33.6260285], [150.8252647, -33.6259364], [150.8248133, -33.6258002], [150.8244219, -33.6256544], [150.8241397, -33.6255357], [150.8233757, -33.6252075]], [[150.8233757, -33.6252075], [150.8225808, -33.6248705], [150.8215511, -33.6244207]], [[150.8215511, -33.6244207], [150.8208798, -33.6241331], [150.8205617, -33.6239601], [150.8202632, -33.6237664], [150.8199597, -33.6235304], [150.8196962, -33.6232815], [150.8194434, -33.6230032], [150.8192251, -33.6227073], [150.8190088, -33.6223854], [150.8187867, -33.622078], [150.818536, -33.6218065], [150.8182635, -33.6215537], [150.8179592, -33.6213175], [150.816618, -33.6203042], [150.8162959, -33.6200416], [150.8161244, -33.6198699], [150.8159686, -33.619725], [150.8157169, -33.6194418], [150.815479, -33.6191264], [150.8152263, -33.618748], [150.8149108, -33.6182683], [150.8145919, -33.6177793], [150.8142756, -33.617299], [150.8139611, -33.6168123], [150.8136382, -33.6163232], [150.8133529, -33.6159011], [150.8130958, -33.6155724], [150.8128278, -33.6152699], [150.8124794, -33.6148952]], [[150.8124794, -33.6148952], [150.8122526, -33.6146787]], [[150.8122526, -33.6146787], [150.8120077, -33.6144608]], [[150.8120077, -33.6144608], [150.811857, -33.6143322]], [[150.811857, -33.6143322], [150.8117852, -33.6142751], [150.8115458, -33.6140813], [150.8114158, -33.6139767], [150.8112809, -33.6138792], [150.811127, -33.6137819], [150.8109738, -33.6136877], [150.810821, -33.6136007], [150.8106559, -33.6135169], [150.8104892, -33.6134415], [150.8103039, -33.6133688], [150.810143, -33.613307], [150.8098794, -33.6132228], [150.8095639, -33.6131457], [150.8090096, -33.613051], [150.8089428, -33.6130419], [150.8086161, -33.6130109]], [[150.8086161, -33.6130109], [150.8079267, -33.6129313], [150.8070913, -33.6128397], [150.8066879, -33.6127932], [150.8060022, -33.6127], [150.8053006, -33.6125837], [150.8047396, -33.6124859]], [[150.8047396, -33.6124859], [150.8040514, -33.6123613], [150.8035827, -33.6122698]], [[150.8035827, -33.6122698], [150.8011311, -33.611834], [150.8003414, -33.6116842]], [[150.8003414, -33.6116842], [150.7989405, -33.6114418]], [[150.7989405, -33.6114418], [150.7979509, -33.6112642], [150.7973093, -33.6111526], [150.7956191, -33.6108509], [150.7947138, -33.6106876], [150.7940784, -33.6105778], [150.7934391, -33.6104622], [150.7930836, -33.6103993], [150.7924442, -33.6102817], [150.7918391, -33.6101466], [150.79156, -33.6100725]], [[150.79156, -33.6100725], [150.7912809, -33.6099983], [150.7908377, -33.6098658]], [[150.7908377, -33.6098658], [150.7906573, -33.6098133], [150.7903482, -33.6097218], [150.789938, -33.6095787], [150.7897288, -33.609498], [150.789557, -33.6094226], [150.7893725, -33.6093427], [150.7891575, -33.6092439], [150.788996, -33.6091672], [150.7887437, -33.6090415], [150.7885193, -33.6089236], [150.7883591, -33.6088403], [150.7881228, -33.6087186], [150.7878897, -33.6086035], [150.7877639, -33.6085437], [150.7876996, -33.6085157], [150.7875415, -33.6084474], [150.7872933, -33.6083413], [150.7870406, -33.6082416], [150.7867207, -33.6081234], [150.7865121, -33.6080516]], [[150.7865121, -33.6080516], [150.7862438, -33.6079585], [150.7859626, -33.607861], [150.7856216, -33.6077406], [150.7853688, -33.6076707]], [[150.7853688, -33.6076707], [150.7849409, -33.6075665], [150.776027, -33.6055437], [150.7746651, -33.6052373], [150.7738788, -33.6050604], [150.7730912, -33.6048802], [150.7726529, -33.6047802], [150.7719037, -33.6046149], [150.7705071, -33.6042998], [150.7694288, -33.6040592], [150.7686694, -33.6038884], [150.767244, -33.6035677], [150.7664175, -33.6033818], [150.7658347, -33.6032507], [150.7655553, -33.6031878], [150.7646708, -33.6029888], [150.7636765, -33.6027651], [150.7627444, -33.6025566], [150.7618187, -33.6023504]], [[150.7618187, -33.6023504], [150.7613117, -33.6022371], [150.7602982, -33.6020023], [150.7597811, -33.6018866], [150.7593882, -33.6017991], [150.758793, -33.6016624], [150.7587038, -33.6016408], [150.7586164, -33.6016193], [150.7583578, -33.6015555], [150.7583159, -33.6015428], [150.7582659, -33.6015277], [150.7580836, -33.6014725], [150.757977, -33.6014373], [150.7576255, -33.6013139], [150.757363, -33.601207], [150.7571715, -33.6011263], [150.7564642, -33.6007919], [150.75617, -33.6006563]], [[150.75617, -33.6006563], [150.7557387, -33.6004475], [150.7554095, -33.6002892], [150.7549234, -33.6000483]], [[150.7549234, -33.6000483], [150.7547535, -33.5999535], [150.7546322, -33.5998866], [150.7544929, -33.5997945], [150.754381, -33.5997241], [150.7540733, -33.5995308]], [[150.7540733, -33.5995308], [150.7538787, -33.599413], [150.7537092, -33.5993173], [150.7534298, -33.5991613], [150.7530929, -33.5989748], [150.7527967, -33.5988089], [150.7524999, -33.598645], [150.7524758, -33.598632]]]}}, {"type": "Feature", "properties": {"name": "Inner West & Leppington Line", "ref": "T2", "mode": "train", "network": "Sydney Trains", "from": "Leppington", "to": "City Circle"}, "geometry": {"type": "MultiLineString", "coordinates": [[[150.8036241, -33.9536447], [150.8044998, -33.9537918], [150.8057793, -33.9540151]], [[150.8057793, -33.9540151], [150.8069777, -33.9542172], [150.8071401, -33.9542473]], [[150.8094957, -33.9546499], [150.809133, -33.9545883], [150.8089321, -33.9545537], [150.8084854, -33.9544777], [150.808048, -33.9544029], [150.8076063, -33.9543272], [150.8071401, -33.9542473]], [[150.8094957, -33.9546499], [150.8099072, -33.9547199], [150.8104506, -33.9547996], [150.811064, -33.9548576], [150.8113972, -33.9548697], [150.8116823, -33.9548742]], [[150.8116823, -33.9548742], [150.8125383, -33.9548866], [150.8141198, -33.9548897], [150.8149648, -33.9548952]], [[150.8149648, -33.9548952], [150.8160706, -33.9548891]], [[150.8160706, -33.9548891], [150.8168452, -33.9549015]], [[150.8168452, -33.9549015], [150.8174097, -33.9549124], [150.8175319, -33.9549147]], [[150.8175319, -33.9549147], [150.8182304, -33.9549069], [150.8186734, -33.9548772], [150.8194019, -33.9548089], [150.8198057, -33.9547592], [150.8201682, -33.9547047], [150.8209079, -33.9545689], [150.8220509, -33.9542951], [150.8225167, -33.9541736], [150.8230255, -33.9540498]], [[150.8230255, -33.9540498], [150.823275, -33.9539866], [150.8276652, -33.9528749], [150.8292171, -33.9524838], [150.8307333, -33.9520837], [150.8313663, -33.951932]], [[150.8313663, -33.951932], [150.831725, -33.9518554], [150.8320338, -33.9518002], [150.8325941, -33.9517357], [150.8331166, -33.9516962], [150.8336404, -33.9516751], [150.8341931, -33.9516834], [150.8344826, -33.9516994], [150.8347708, -33.9517285], [150.8352631, -33.9517852], [150.835539, -33.9518294], [150.8357147, -33.9518576]], [[150.8357147, -33.9518576], [150.8359893, -33.9519131], [150.8362446, -33.951971], [150.8364859, -33.9520333], [150.8368893, -33.9521468]], [[150.8368893, -33.9521468], [150.8371437, -33.9522357], [150.8375604, -33.952379], [150.8380109, -33.9525677], [150.8384518, -33.952779], [150.8388819, -33.9530115], [150.8392973, -33.9532665], [150.8396874, -33.9535353], [150.8400645, -33.9538276], [150.8404194, -33.9541311], [150.8406837, -33.9543871], [150.8408918, -33.9546033], [150.8410896, -33.9548273], [150.8412802, -33.9550573], [150.8414623, -33.9552961], [150.8418666, -33.9558973], [150.84211, -33.9563432], [150.8424231, -33.9570835], [150.8431408, -33.9589749], [150.8433869, -33.9596206], [150.8438123, -33.9606384], [150.8439319, -33.9608718], [150.8443345, -33.9615601], [150.8444946, -33.961798]], [[150.8444946, -33.961798], [150.8450286, -33.9624873]], [[150.8450286, -33.9624873], [150.8455109, -33.9630112], [150.8458399, -33.9633263], [150.8462171, -33.9636533], [150.8470794, -33.9642916], [150.8486618, -33.9653247], [150.849924, -33.9661597], [150.8509921, -33.966819], [150.8518015, -33.9672719], [150.852692, -33.9676898], [150.8535692, -33.9680203]], [[150.8535692, -33.9680203], [150.8541428, -33.9682081], [150.855092, -33.9684703], [150.8561444, -33.9686994]], [[150.8561444, -33.9686994], [150.8577636, -33.9690302], [150.8595023, -33.9694258], [150.8599126, -33.9695159]], [[150.8599126, -33.9695159], [150.8623775, -33.9701271], [150.8659508, -33.9709278]], [[150.8659508, -33.9709278], [150.868559, -33.9715213]], [[150.868559, -33.9715213], [150.8709348, -33.9720586], [150.8716891, -33.972223], [150.8727769, -33.9724515]], [[150.8727769, -33.9724515], [150.8736391, -33.9726401]], [[150.8736391, -33.9726401], [150.8754902, -33.9730834], [150.8760702, -33.9732132]], [[150.8760702, -33.9732132], [150.8770617, -33.9734351], [150.8791272, -33.9739396], [150.8801711, -33.9743096], [150.8813575, -33.9748024], [150.8823827, -33.9752442], [150.8830934, -33.9755339]], [[150.8830934, -33.9755339], [150.8843291, -33.976061]], [[150.8843291, -33.976061], [150.8846844, -33.976206], [150.8850165, -33.9763075], [150.8853175, -33.9763813], [150.885812, -33.9764579]], [[150.885812, -33.9764579], [150.8861162, -33.9764786], [150.8863618, -33.9764871], [150.8866193, -33.97648], [150.8868388, -33.9764623]], [[150.8868388, -33.9764623], [150.8873037, -33.9764074], [150.8876245, -33.9763347], [150.8882029, -33.9761201]], [[150.8882029, -33.9761201], [150.8884229, -33.9760199], [150.8888051, -33.975813], [150.88898, -33.9756974], [150.8892743, -33.9754831], [150.8896682, -33.9751359], [150.8900697, -33.9747755]], [[150.8900697, -33.9747755], [150.8905486, -33.9743518], [150.8910168, -33.973935]], [[150.8910168, -33.973935], [150.891543, -33.9735441], [150.891952, -33.9732127]], [[150.891952, -33.9732127], [150.8924027, -33.9728169], [150.8927649, -33.9725005], [150.893496, -33.9718479], [150.8935479, -33.9718016], [150.8935949, -33.9717597]], [[150.8935949, -33.9717597], [150.894027, -33.9713818], [150.8941705, -33.9712551], [150.8945642, -33.9709076], [150.8951542, -33.9703924]], [[150.8951542, -33.9703924], [150.8958884, -33.9697404], [150.8967819, -33.9689466], [150.8970224, -33.968735]], [[150.8970224, -33.968735], [150.8975782, -33.9682458], [150.8979289, -33.9679365], [150.8981974, -33.9677001], [150.8989515, -33.9670338]], [[150.8989515, -33.9670338], [150.8992194, -33.9667895]], [[150.8992194, -33.9667895], [150.8996171, -33.9664267], [150.9006372, -33.9655206], [150.9011985, -33.9650275], [150.9016212, -33.964649], [150.9020359, -33.9642848], [150.9024832, -33.9638902], [150.9065211, -33.9603217], [150.9083365, -33.9587173], [150.9087486, -33.9583352], [150.9091385, -33.9579381], [150.9095082, -33.9575259], [150.9098557, -33.9571053]], [[150.9098557, -33.9571053], [150.9102012, -33.9566763], [150.9105224, -33.9562322], [150.9108274, -33.9557815], [150.9110921, -33.9553408], [150.9113244, -33.9549118], [150.911486, -33.9545448], [150.9116173, -33.954156], [150.9117082, -33.9537656], [150.9117628, -33.9533701], [150.911783, -33.9529713], [150.9117648, -33.9525356], [150.9117486, -33.9524166]], [[150.9117486, -33.9524166], [150.9117062, -33.9519842]], [[150.9117062, -33.9519842], [150.9116759, -33.9515921], [150.9116618, -33.9512251], [150.9116889, -33.9508409], [150.9117008, -33.9507493], [150.9117202, -33.9506175], [150.9117375, -33.9505138], [150.9117689, -33.9503754], [150.9118255, -33.9501554], [150.9118872, -33.9499639], [150.9119674, -33.9497487], [150.9120319, -33.9495877], [150.912151, -33.9493091], [150.9122003, -33.9492008], [150.9123699, -33.9488823], [150.9126204, -33.9484399], [150.9128962, -33.9480227], [150.9132076, -33.9476009], [150.9135504, -33.9471885], [150.9139304, -33.9467737], [150.914339, -33.9463471], [150.9146732, -33.9459655], [150.914956, -33.9456057], [150.9152166, -33.9452236], [150.915455, -33.9448147], [150.9157176, -33.9443085], [150.9175001, -33.9407273]], [[150.9175001, -33.9407273], [150.9177279, -33.9402709]], [[150.9177279, -33.9402709], [150.9188921, -33.9379219]], [[150.9188921, -33.9379219], [150.9190097, -33.9376847]], [[150.9190097, -33.9376847], [150.9192275, -33.9372452]], [[150.9192275, -33.9372452], [150.9193468, -33.9369946]], [[150.9193468, -33.9369946], [150.9220976, -33.931462], [150.9223394, -33.9309944], [150.9226504, -33.9304966]], [[150.9226504, -33.9304966], [150.9229125, -33.930083]], [[150.9229125, -33.930083], [150.9231599, -33.9296925]], [[150.9231599, -33.9296925], [150.923424, -33.9293229], [150.9237156, -33.9289333], [150.9240448, -33.9285304], [150.9255652, -33.9267747]], [[150.9255652, -33.9267747], [150.9258852, -33.9264133], [150.9259839, -33.9262994]], [[150.9259839, -33.9262994], [150.9263353, -33.9258963], [150.9273375, -33.9247466]], [[150.9273375, -33.9247466], [150.9277033, -33.9243269]], [[150.9277033, -33.9243269], [150.9279349, -33.9240513], [150.9281374, -33.9238414], [150.9283679, -33.9236142], [150.9286485, -33.923365], [150.9289602, -33.9231038], [150.9292515, -33.9229032], [150.9293912, -33.9227974], [150.9298924, -33.9224866], [150.93048, -33.9221487], [150.9309344, -33.9218699], [150.9313307, -33.9216074], [150.9317585, -33.9212769], [150.9317936, -33.9212434], [150.9321588, -33.9209299], [150.9324882, -33.9206145], [150.9328357, -33.92025], [150.9331467, -33.9198841], [150.9334595, -33.9194637], [150.9336592, -33.9191217], [150.9338195, -33.918799], [150.9339956, -33.9183727], [150.9341325, -33.9179043]], [[150.9341325, -33.9179043], [150.9342283, -33.9174783], [150.9344176, -33.9165495], [150.9348838, -33.9142336]], [[150.9348838, -33.9142336], [150.9348898, -33.9142039], [150.9351575, -33.9128911], [150.9352068, -33.9126459]], [[150.9352068, -33.9126459], [150.9353014, -33.9121755], [150.9366999, -33.9052567], [150.9368756, -33.9044409]], [[150.9368756, -33.9044409], [150.9371076, -33.9033113]], [[150.9371076, -33.9033113], [150.9371579, -33.9030435]], [[150.9371579, -33.9030435], [150.9372405, -33.9026308]], [[150.9372405, -33.9026308], [150.9384548, -33.8966353]], [[150.9384548, -33.8966353], [150.9385505, -33.8961636], [150.9386399, -33.8957221], [150.9387872, -33.8949941], [150.9387915, -33.8949772], [150.9389167, -33.8944824], [150.9389614, -33.8943311], [150.9390463, -33.8940437]], [[150.9390463, -33.8940437], [150.9391905, -33.8935786], [150.9392857, -33.893286], [150.9394054, -33.8929498]], [[150.9394054, -33.8929498], [150.9395371, -33.8926339], [150.9397, -33.8922888], [150.9400708, -33.8915496]], [[150.9400708, -33.8915496], [150.9402507, -33.8912212], [150.9404602, -33.8908967], [150.9407053, -33.8905812], [150.9409938, -33.890245], [150.9413941, -33.8897853]], [[150.9413941, -33.8897853], [150.9433603, -33.8875182]], [[150.9433603, -33.8875182], [150.9439325, -33.8868613], [150.9439762, -33.8868106], [150.944495, -33.8862098], [150.9445664, -33.8861285]], [[150.9445664, -33.8861285], [150.9445828, -33.8861094], [150.9447163, -33.8859662]], [[150.9447163, -33.8859662], [150.9451792, -33.885434]], [[150.9451792, -33.885434], [150.9549345, -33.8741716], [150.9551791, -33.8739326], [150.9553193, -33.8737955], [150.9555892, -33.8735302], [150.9558142, -33.8733285], [150.9561819, -33.8730021]], [[150.9561819, -33.8730021], [150.9565511, -33.8727097], [150.956849, -33.8724984], [150.9569503, -33.8724301], [150.9572616, -33.8722202], [150.9576727, -33.8719626], [150.95785, -33.8718532], [150.958024, -33.8717518], [150.9581157, -33.871702]], [[150.9581157, -33.871702], [150.9584826, -33.8715027], [150.9590351, -33.8712023], [150.9611872, -33.8700321]], [[150.9611872, -33.8700321], [150.9616223, -33.8697955]], [[150.9616223, -33.8697955], [150.9635548, -33.8687447], [150.9636172, -33.8687108], [150.9642316, -33.8683767]], [[150.9642316, -33.8683767], [150.9644991, -33.8682313]], [[150.9644991, -33.8682313], [150.9701774, -33.8651436]], [[150.9701774, -33.8651436], [150.9716344, -33.8643513], [150.9718205, -33.8642501]], [[150.9718205, -33.8642501], [150.9762945, -33.8618172], [150.9768619, -33.8615087]], [[150.9768619, -33.8615087], [150.9770329, -33.8614156]], [[150.9770329, -33.8614156], [150.9784411, -33.8606498], [150.9789267, -33.8603677], [150.9794045, -33.8600688], [150.9798606, -33.8597648], [150.9803089, -33.8594195], [150.9807325, -33.8590627], [150.9811467, -33.8586801], [150.9815361, -33.8582936], [150.9819096, -33.8578934], [150.982255, -33.8574572], [150.9827384, -33.8568043], [150.9830657, -33.8563302], [150.9838415, -33.8552118]], [[150.9838415, -33.8552118], [150.9847297, -33.8539312], [150.9848174, -33.8538048]], [[150.9848174, -33.8538048], [150.985996, -33.8521057]], [[150.985996, -33.8521057], [150.9888999, -33.847919]], [[150.9888999, -33.847919], [150.9902766, -33.8459341], [150.9904674, -33.8456583], [150.9906334, -33.8454071], [150.9907932, -33.8451275], [150.9909235, -33.8448582], [150.9910352, -33.8445631], [150.9911205, -33.8442745], [150.9911841, -33.8439691], [150.9912167, -33.8436882], [150.9912229, -33.8433983], [150.9912074, -33.8430903], [150.9911578, -33.8427914], [150.9910864, -33.8425079], [150.9909871, -33.8422141], [150.9908707, -33.8419268], [150.9907559, -33.8416278], [150.9906458, -33.8412954], [150.9905729, -33.8410029], [150.9905155, -33.8406962], [150.9904845, -33.8403999], [150.9904736, -33.8400996], [150.9904876, -33.8397929], [150.9905263, -33.839503], [150.9905915, -33.8391925], [150.9906737, -33.8389038], [150.9907885, -33.8386139], [150.9909297, -33.8383368], [150.9910864, -33.8380637], [150.9912788, -33.8377853], [150.9914835, -33.8375353], [150.9917364, -33.8372776], [150.9919924, -33.8370495], [150.9921903, -33.8368945]], [[150.9921903, -33.8368945], [150.9923435, -33.8367745], [150.9924576, -33.8366852], [150.9934517, -33.8358894], [150.9935531, -33.8358082]], [[150.9935531, -33.8358082], [150.9941145, -33.8353588]], [[150.9941145, -33.8353588], [150.9948022, -33.8348082]], [[150.9948022, -33.8348082], [150.9948905, -33.8347376]], [[150.9948905, -33.8347376], [150.9963443, -33.8335738], [150.9972825, -33.8328227], [150.9980522, -33.8322066]], [[150.9980522, -33.8322066], [150.9983978, -33.8319058], [150.9986507, -33.8316817]], [[150.9986507, -33.8316817], [150.9989035, -33.8314575], [150.999147, -33.8312425], [150.9994421, -33.8310055], [150.9999777, -33.8305916], [151.0001453, -33.8304788], [151.0005117, -33.8302547]], [[151.0005117, -33.8302547], [151.0009077, -33.8300432], [151.0013015, -33.829861], [151.0017337, -33.8296951], [151.0021747, -33.8295575], [151.0026044, -33.8294403], [151.0030407, -33.8293488], [151.0033666, -33.8293034], [151.0036821, -33.8292775], [151.0040395, -33.8292527]], [[151.0040395, -33.8292527], [151.0043683, -33.8292442], [151.0047919, -33.8292525], [151.0051719, -33.8292875], [151.0054715, -33.8293282], [151.0056748, -33.8293631]], [[151.0056748, -33.8293631], [151.0061074, -33.8294701], [151.0065155, -33.8295831], [151.0069335, -33.8297325], [151.007335, -33.8299038], [151.007686, -33.8300788], [151.0080744, -33.8303121], [151.0084277, -33.830557], [151.0088653, -33.830867], [151.0091132, -33.831032], [151.0093439, -33.8311785], [151.0095632, -33.8313245], [151.0096936, -33.8314073]], [[151.0096936, -33.8314073], [151.0098753, -33.8315256]], [[151.0098753, -33.8315256], [151.0099696, -33.8315855]], [[151.0099696, -33.8315855], [151.0101335, -33.8316899]], [[151.0101335, -33.8316899], [151.0103842, -33.8318494]], [[151.0103842, -33.8318494], [151.0108101, -33.8321313]], [[151.0108101, -33.8321313], [151.011667, -33.8326631], [151.0122348, -33.8330146], [151.0128119, -33.8333718], [151.0131892, -33.8336048], [151.0132666, -33.8336572], [151.0139108, -33.8340373]], [[151.0139108, -33.8340373], [151.0146797, -33.8345185], [151.0150659, -33.834756], [151.0154191, -33.8349774], [151.015555, -33.8350615], [151.0157212, -33.8351706], [151.0158375, -33.835248]], [[151.0158375, -33.835248], [151.0159546, -33.8353265], [151.0161105, -33.8354323], [151.0164438, -33.8356641], [151.0168512, -33.8359504], [151.0171027, -33.8361261], [151.0174029, -33.8363435], [151.0174852, -33.8363967], [151.0175713, -33.8364477], [151.0178137, -33.8365971], [151.0181435, -33.8367867]], [[151.0181435, -33.8367867], [151.0183617, -33.8369103], [151.0186248, -33.8370723], [151.0187974, -33.8371799]], [[151.0187974, -33.8371799], [151.0190511, -33.8373396]], [[151.0190511, -33.8373396], [151.0191551, -33.8374067], [151.0194668, -33.8376026], [151.0200212, -33.8379567], [151.0204968, -33.8382636], [151.02109, -33.8386293], [151.0215803, -33.8389541], [151.0218607, -33.8391546], [151.0223142, -33.8394843], [151.0226415, -33.8397473], [151.0230637, -33.8400838], [151.0234492, -33.8404006], [151.0238803, -33.8407516], [151.0242783, -33.8411081], [151.0245637, -33.8413735], [151.0247898, -33.841597], [151.0250406, -33.8418453], [151.0252195, -33.84202], [151.0254972, -33.8422978], [151.0259248, -33.8427235], [151.0263753, -33.8431547], [151.0268317, -33.8436014], [151.0273074, -33.8440687], [151.0277649, -33.8444843], [151.028237, -33.844923], [151.0286351, -33.8453034], [151.0289278, -33.8455883], [151.0293288, -33.8459622], [151.0295611, -33.8461749], [151.0298437, -33.8464393], [151.0301128, -33.8466894], [151.0305866, -33.8471309], [151.030813, -33.8473427], [151.0311148, -33.8476361], [151.0314082, -33.847909], [151.0315105, -33.8480078], [151.0318946, -33.8484064]], [[151.0318946, -33.8484064], [151.0320664, -33.848567], [151.0321403, -33.8486371], [151.032276, -33.848772], [151.0326345, -33.8491154], [151.0328675, -33.84934], [151.0330413, -33.8495146], [151.0332362, -33.8497218], [151.0333197, -33.8498098], [151.0334039, -33.8499029], [151.0336714, -33.8502109], [151.0339635, -33.8505691], [151.0343023, -33.8510086], [151.0343671, -33.851092], [151.0357369, -33.8529761], [151.0357824, -33.853041]], [[151.0357824, -33.853041], [151.0359365, -33.8532608]], [[151.0359365, -33.8532608], [151.0362287, -33.8536773]], [[151.0362287, -33.8536773], [151.0390483, -33.8576975], [151.0397524, -33.8587168], [151.0399678, -33.8590313], [151.0402937, -33.8594968], [151.0404534, -33.8597213]], [[151.0404534, -33.8597213], [151.0406048, -33.8599411]], [[151.0406048, -33.8599411], [151.0408379, -33.8602732], [151.0411355, -33.8607068], [151.0414187, -33.8611065], [151.0416451, -33.8614082], [151.041906, -33.8617225], [151.0420561, -33.8618571]], [[151.0420561, -33.8618571], [151.0423808, -33.8621702]], [[151.0423808, -33.8621702], [151.0425813, -33.8623669], [151.042921, -33.8626392], [151.0432973, -33.8629168], [151.0434133, -33.8629964], [151.0435926, -33.8631226], [151.0438747, -33.8632933]], [[151.0438747, -33.8632933], [151.0445694, -33.8636206], [151.0448292, -33.8637336], [151.0449807, -33.8637979], [151.0453528, -33.8639383], [151.0455551, -33.8640042], [151.0457843, -33.8640729], [151.0460823, -33.8641543], [151.0464165, -33.8642165], [151.0465616, -33.8642515], [151.0467093, -33.8642778], [151.0469433, -33.8643152], [151.0471995, -33.8643488]], [[151.0471995, -33.8643488], [151.0477411, -33.8644012], [151.0481615, -33.8644223], [151.0485804, -33.8644369]], [[151.0485804, -33.8644369], [151.0491233, -33.8644511], [151.0496516, -33.8644623], [151.0501641, -33.8644822], [151.0508361, -33.8645048], [151.0513326, -33.8645147], [151.0521594, -33.8645404], [151.052672, -33.8645541], [151.05317, -33.8645683], [151.0542678, -33.8646004], [151.0549671, -33.8646229], [151.0555141, -33.864621], [151.0558816, -33.864616], [151.0563443, -33.8646009], [151.056466, -33.8645904]], [[151.056466, -33.8645904], [151.0567971, -33.8645518], [151.0570458, -33.8645039]], [[151.0570458, -33.8645039], [151.057197, -33.8644775], [151.0574497, -33.8644264], [151.057583, -33.8643969], [151.0577437, -33.8643578], [151.0579747, -33.8643011], [151.0584571, -33.8641826], [151.0587844, -33.8641056], [151.0589285, -33.8640749], [151.0590574, -33.8640488], [151.0592296, -33.8640176], [151.0594277, -33.8639872], [151.059591, -33.8639658], [151.0597754, -33.8639446], [151.0599794, -33.8639257], [151.0601449, -33.8639151], [151.0603092, -33.8639074], [151.060467, -33.8639018], [151.0606445, -33.8638995], [151.0608242, -33.8638956], [151.0614625, -33.8638834], [151.0621371, -33.8638712], [151.0626461, -33.8638665], [151.0632877, -33.8638857], [151.063996, -33.8639173], [151.0646168, -33.8639566], [151.065104, -33.8639988], [151.0654522, -33.8640353], [151.065893, -33.8640985], [151.0664568, -33.8641936], [151.0668773, -33.8642716], [151.0675342, -33.8643931]], [[151.0675342, -33.8643931], [151.0676898, -33.8644259], [151.0679491, -33.8644761]], [[151.0679491, -33.8644761], [151.0681663, -33.8645247], [151.0683052, -33.8645562], [151.0685838, -33.8646152]], [[151.0685838, -33.8646152], [151.0690405, -33.8647104], [151.0700052, -33.8648874], [151.0702868, -33.8649391], [151.0705211, -33.8649797], [151.0707736, -33.8650253], [151.0712011, -33.8650861], [151.0716171, -33.8651332], [151.0721216, -33.8651664], [151.0726211, -33.8651791], [151.0731052, -33.8651585], [151.073687, -33.865114], [151.0743376, -33.8650568], [151.074839, -33.8650044], [151.0756255, -33.8648947], [151.0762609, -33.8647867], [151.0767737, -33.864712], [151.0773038, -33.8646675], [151.0775392, -33.8646564], [151.0777956, -33.8646516], [151.0782913, -33.8646548], [151.0785889, -33.8646669]], [[151.0785889, -33.8646669], [151.0786262, -33.8646707], [151.0787425, -33.8646788]], [[151.0787425, -33.8646788], [151.0790835, -33.864712], [151.0796462, -33.8647898], [151.0801112, -33.8648788], [151.0805839, -33.8649948], [151.0811025, -33.8651442], [151.0833976, -33.8658402], [151.0838895, -33.8659912]], [[151.0838895, -33.8659912], [151.0841867, -33.8660783]], [[151.0841867, -33.8660783], [151.0842036, -33.8660828], [151.0844593, -33.8661604], [151.0846561, -33.8662208], [151.0850045, -33.8663271], [151.085353, -33.8664365], [151.0857199, -33.8665624], [151.0860701, -33.8667021], [151.0863199, -33.8668097], [151.0866825, -33.8669764], [151.0870675, -33.8671553], [151.0871392, -33.8671887], [151.0877213, -33.8674596]], [[151.0877213, -33.8674596], [151.0879806, -33.8675811]], [[151.0879806, -33.8675811], [151.0881554, -33.8676931], [151.0882182, -33.8677338], [151.0883155, -33.867806], [151.0885739, -33.8680043]], [[151.0885739, -33.8680043], [151.0888024, -33.8681542], [151.0889586, -33.8682523]], [[151.0889586, -33.8682523], [151.0891414, -33.8683671], [151.0904185, -33.8691577], [151.0908018, -33.8694038]], [[151.0908018, -33.8694038], [151.0909848, -33.8695154]], [[151.0909848, -33.8695154], [151.0924469, -33.8704272], [151.0927518, -33.8706445], [151.0930397, -33.8708694], [151.0934048, -33.8711943], [151.0935094, -33.8712921], [151.0937633, -33.871542], [151.0940368, -33.8717788], [151.0943338, -33.8720005], [151.094426, -33.8720559], [151.0946571, -33.8721949], [151.094836, -33.8722914], [151.094886, -33.872318], [151.0949149, -33.872334]], [[151.0949149, -33.872334], [151.0952185, -33.8724981], [151.095488, -33.8726611], [151.0957432, -33.8728273], [151.0960128, -33.8730305], [151.0960367, -33.8730515], [151.096285, -33.8732695], [151.0964407, -33.8734205], [151.0967037, -33.8737052], [151.0970583, -33.8741017], [151.0972459, -33.8743057], [151.0973161, -33.874382], [151.0975163, -33.87457], [151.0977008, -33.8747569], [151.0978867, -33.8749307], [151.0980751, -33.8751078], [151.0983185, -33.8753045], [151.0986077, -33.8755087], [151.0989545, -33.8757303], [151.0992947, -33.8759292], [151.0996533, -33.8761258], [151.099983, -33.8762779], [151.1004293, -33.876455], [151.1008676, -33.876593]], [[151.1008676, -33.876593], [151.1012681, -33.8766886], [151.1017405, -33.8767777], [151.102913, -33.8769993], [151.1034936, -33.8771349], [151.1036119, -33.8771675]], [[151.1036119, -33.8771675], [151.1038663, -33.8772322]], [[151.1038663, -33.8772322], [151.10415, -33.8773021], [151.1044094, -33.8773499], [151.104712, -33.8774005], [151.1051271, -33.8774732], [151.1053402, -33.8775124], [151.1055398, -33.8775535], [151.1059722, -33.877646], [151.1063178, -33.8777396], [151.1070017, -33.8779237]], [[151.1070017, -33.8779237], [151.1073177, -33.8780032], [151.1078338, -33.8781592], [151.108188, -33.8782794], [151.1086162, -33.8784667], [151.1090426, -33.8786532], [151.1094584, -33.878883], [151.1098284, -33.8791044], [151.1102428, -33.879396], [151.1106199, -33.8796805], [151.11105, -33.880027], [151.1120708, -33.8808572], [151.1124964, -33.8812034], [151.1129412, -33.8815319], [151.1133623, -33.8818145], [151.1138444, -33.882121], [151.1142167, -33.8823799], [151.1147128, -33.8827642], [151.115183, -33.8831285], [151.1155577, -33.8833859], [151.1158731, -33.8835703], [151.1162689, -33.8837704], [151.1167861, -33.8840071], [151.117251, -33.8842251], [151.1177572, -33.884494], [151.1183248, -33.8848118], [151.1189113, -33.885125], [151.1193899, -33.8853535]], [[151.1193899, -33.8853535], [151.1195113, -33.8854103]], [[151.1195113, -33.8854103], [151.1197979, -33.8855453], [151.1202809, -33.8857489], [151.1207756, -33.8859345], [151.1212728, -33.8861106], [151.1218617, -33.886316], [151.1223938, -33.8865015], [151.1230259, -33.8867007], [151.1236079, -33.8868779], [151.1240656, -33.8870295], [151.1241886, -33.8870647]], [[151.1241886, -33.8870647], [151.124408, -33.8871421]], [[151.124408, -33.8871421], [151.1245904, -33.8872162]], [[151.1245904, -33.8872162], [151.1250714, -33.8873873], [151.1255684, -33.8875653], [151.1261023, -33.8877376], [151.126446, -33.8878409]], [[151.126446, -33.8878409], [151.1266771, -33.8879081], [151.1269199, -33.8879885], [151.1272325, -33.8881018], [151.1273965, -33.8881644], [151.1277099, -33.8882789], [151.1286818, -33.888616], [151.1293389, -33.8888481], [151.1301559, -33.8891284], [151.130407, -33.8892112], [151.1308794, -33.8893505], [151.1311963, -33.8894296], [151.1317091, -33.8895359], [151.1321718, -33.8896179], [151.1324624, -33.8896571], [151.1326933, -33.8896822], [151.1331079, -33.8897143], [151.1334274, -33.8897353], [151.1337774, -33.8897533], [151.1339793, -33.8897649], [151.1344482, -33.8897883], [151.1352557, -33.8898255], [151.1360501, -33.8898658], [151.1364828, -33.8898884], [151.1368759, -33.8899135], [151.1372532, -33.8899542], [151.1375689, -33.8900006], [151.1379701, -33.8900804], [151.1382682, -33.8901566], [151.1385632, -33.8902456]], [[151.1385632, -33.8902456], [151.1389675, -33.8903953], [151.1394296, -33.8905629], [151.1399065, -33.8907267], [151.1401897, -33.8908229], [151.1404795, -33.8909213]], [[151.1404795, -33.8909213], [151.1408948, -33.8910459], [151.1413981, -33.8912304], [151.1419631, -33.8914352], [151.1424291, -33.8915994], [151.1428277, -33.8917256], [151.1439293, -33.8920926]], [[151.1439293, -33.8920926], [151.1447659, -33.8923848]], [[151.1447659, -33.8923848], [151.1450536, -33.892491], [151.1455846, -33.8926849], [151.1459182, -33.892789]], [[151.1459182, -33.892789], [151.1460917, -33.892852]], [[151.1460917, -33.892852], [151.1461908, -33.8928857], [151.1464409, -33.8929822]], [[151.1464409, -33.8929822], [151.1466782, -33.8930648], [151.1472058, -33.8932382], [151.1477561, -33.893413], [151.1480549, -33.8935006], [151.1481838, -33.8935394]], [[151.1481838, -33.8935394], [151.1482802, -33.8935674], [151.1486716, -33.8936741], [151.1490973, -33.8937739], [151.1494221, -33.8938378], [151.14962, -33.893873], [151.1502122, -33.893962], [151.1506424, -33.8940323], [151.1510711, -33.8940906], [151.1513804, -33.8941356], [151.1519202, -33.8941876], [151.1521296, -33.8942021], [151.1523687, -33.8942094], [151.1528147, -33.8941965], [151.1532979, -33.894162], [151.1537998, -33.8940918], [151.1539941, -33.8940611], [151.1542242, -33.8940191]], [[151.1542242, -33.8940191], [151.1543581, -33.8939967], [151.1551602, -33.8938758], [151.1553054, -33.8938505], [151.1556968, -33.8938019], [151.1559881, -33.8937716], [151.1560905, -33.8937643], [151.1563744, -33.8937561]], [[151.1563744, -33.8937561], [151.1567322, -33.8937549], [151.1569054, -33.8937621], [151.1572818, -33.8937973], [151.1576857, -33.893855], [151.1579997, -33.8939113], [151.1583155, -33.8939822], [151.1586816, -33.8940831], [151.1591137, -33.8942232], [151.1596549, -33.8943941], [151.1601412, -33.8945256], [151.160549, -33.8946163], [151.1609531, -33.8946806], [151.1614268, -33.8947296], [151.1618232, -33.8947575], [151.1621475, -33.8947685], [151.1625411, -33.8947686], [151.162954, -33.8947413], [151.1632321, -33.8947071], [151.1635113, -33.8946637], [151.1641684, -33.8945507], [151.1643989, -33.8945038], [151.1646739, -33.8944418], [151.165209, -33.8943276], [151.1654896, -33.8942818], [151.1656962, -33.8942531], [151.1661763, -33.8942064], [151.1664707, -33.8941915], [151.1671033, -33.8941822], [151.167532, -33.8942239], [151.1679378, -33.8942822], [151.1684053, -33.8943667], [151.168801, -33.8944726], [151.1692168, -33.8946], [151.1695656, -33.8947355], [151.170004, -33.8949059], [151.1704529, -33.895082], [151.1708916, -33.8952498], [151.1713547, -33.895408]], [[151.1713547, -33.895408], [151.1715325, -33.8954687]], [[151.1715325, -33.8954687], [151.1718222, -33.8955676], [151.1722294, -33.895714], [151.1725907, -33.8958813], [151.172912, -33.8960473], [151.1732303, -33.8962377], [151.1736977, -33.8965472], [151.1738897, -33.896669], [151.1743802, -33.8969423], [151.1746685, -33.897078], [151.1750577, -33.8972353], [151.1754184, -33.8973708], [151.1757238, -33.8974743], [151.1760966, -33.897579], [151.1764522, -33.8976576], [151.176864, -33.8977307], [151.1772945, -33.8977663], [151.1774681, -33.8977767]], [[151.1774681, -33.8977767], [151.1780069, -33.897805], [151.1780535, -33.8978074]], [[151.1780535, -33.8978074], [151.1789171, -33.8978531]], [[151.1789171, -33.8978531], [151.1792672, -33.8978598], [151.1798331, -33.8978531], [151.1802623, -33.8978495], [151.1807832, -33.8978405], [151.1809667, -33.8978373]], [[151.1809667, -33.8978373], [151.1819034, -33.8977978], [151.1822119, -33.8977652], [151.1826839, -33.8976909], [151.1833549, -33.8975529], [151.1839328, -33.8974219], [151.1843902, -33.8972922], [151.184773, -33.8971672], [151.1851243, -33.8970589], [151.1852805, -33.8970171]], [[151.1852805, -33.8970171], [151.1854702, -33.8969731]], [[151.1854702, -33.8969731], [151.1856169, -33.8969408]], [[151.1856169, -33.8969408], [151.1859407, -33.8968568], [151.18632, -33.8967427], [151.1866741, -33.8966171], [151.1870787, -33.8964576], [151.1872797, -33.8963702], [151.1873646, -33.8963332], [151.1873945, -33.8963202]], [[151.1873945, -33.8963202], [151.1877456, -33.8961587], [151.1880699, -33.8960338], [151.1885575, -33.8958603], [151.1889682, -33.8957186], [151.1892592, -33.8956214], [151.1893683, -33.8955849], [151.1896094, -33.8955069], [151.1900042, -33.8953785], [151.1901747, -33.8953215], [151.190672, -33.8951554], [151.1910657, -33.8950225], [151.1915522, -33.8948614], [151.1918044, -33.8947902], [151.1923619, -33.8946108], [151.1926553, -33.8945293], [151.1930575, -33.8944381], [151.1933914, -33.8943646], [151.1934872, -33.8943411]], [[151.1934872, -33.8943411], [151.1936382, -33.8943079], [151.1941393, -33.8941627], [151.1945234, -33.8940404], [151.1949192, -33.8938917], [151.1953817, -33.8937044], [151.1957023, -33.8935498], [151.1962549, -33.8933028], [151.1966873, -33.8931149], [151.1971416, -33.8928851], [151.1974899, -33.8926989], [151.1978193, -33.8925213], [151.1981345, -33.8923307], [151.1984351, -33.8921166], [151.1986894, -33.8919174], [151.1988511, -33.8917742]], [[151.1988511, -33.8917742], [151.1991559, -33.8915069]], [[151.1991559, -33.8915069], [151.199313, -33.8913636], [151.1994564, -33.8912247], [151.1997052, -33.8909701], [151.1999142, -33.8907239], [151.2002898, -33.8903077]], [[151.2002898, -33.8903077], [151.2005085, -33.8900641], [151.2005275, -33.8900417], [151.2007912, -33.8897453], [151.2010195, -33.8894908], [151.2010919, -33.8894101], [151.2012493, -33.8892101], [151.2013098, -33.8891332]], [[151.2013098, -33.8891332], [151.2016658, -33.8886696]], [[151.2016658, -33.8886696], [151.2018036, -33.8885004], [151.2020656, -33.8882204], [151.2023595, -33.887944], [151.202688, -33.887676], [151.202743, -33.887634]], [[151.202743, -33.887634], [151.2031339, -33.8873384], [151.2038764, -33.8867869], [151.2041025, -33.8866223], [151.2042613, -33.8865068], [151.2044988, -33.8863339], [151.2050728, -33.8859035], [151.2051018, -33.88588]], [[151.2051018, -33.88588], [151.2053636, -33.8856798], [151.2054898, -33.8855768], [151.2055831, -33.8854979], [151.2056739, -33.8854146], [151.2057619, -33.885328]], [[151.2057619, -33.885328], [151.2059477, -33.8851419], [151.2061932, -33.8849184], [151.2064164, -33.8846812], [151.2066726, -33.8843598], [151.2070939, -33.8838307], [151.2072162, -33.8836985], [151.2072454, -33.883667]], [[151.2072454, -33.883667], [151.2073433, -33.8835547], [151.2074423, -33.8834374], [151.2074835, -33.8833841], [151.2075514, -33.8832949], [151.2075966, -33.8832275], [151.2076325, -33.8831705], [151.2076755, -33.8830915]], [[151.2076755, -33.8830915], [151.2077442, -33.8829537], [151.2078244, -33.8827706], [151.2079042, -33.8825897], [151.2079499, -33.8824816], [151.2079866, -33.8823918]], [[151.2079866, -33.8823918], [151.2080247, -33.882282], [151.2080517, -33.8822035], [151.2080692, -33.8821425], [151.2081727, -33.8817627], [151.2081876, -33.8817071], [151.2082832, -33.8813444], [151.2083551, -33.8810682], [151.2084128, -33.8808462], [151.2084716, -33.8806222], [151.2084864, -33.8805633], [151.2084972, -33.8805221]], [[151.2084972, -33.8805221], [151.2085881, -33.8801669]], [[151.2085881, -33.8801669], [151.2086224, -33.8799969], [151.2086684, -33.8797525]], [[151.2086684, -33.8797525], [151.2086887, -33.8796056], [151.2087005, -33.879517]], [[151.2087005, -33.879517], [151.2087047, -33.879486], [151.2087314, -33.8792872], [151.2087685, -33.8789845], [151.2087787, -33.8788786], [151.2087863, -33.8787411], [151.208788, -33.878672], [151.2087848, -33.8785675], [151.2087812, -33.8785173], [151.2087736, -33.8784349], [151.2087607, -33.8783629], [151.2087314, -33.8782462], [151.2087081, -33.8781705], [151.2086777, -33.8780912], [151.2086106, -33.8779457], [151.2085683, -33.8778668], [151.2085239, -33.8777949], [151.2084707, -33.8777142], [151.2084183, -33.8776394], [151.2083525, -33.8775525], [151.2082743, -33.8774624], [151.2081848, -33.877367], [151.2080872, -33.877273], [151.20799, -33.8771857], [151.2078624, -33.8770783], [151.2076249, -33.8769027], [151.2073656, -33.8767147], [151.2071979, -33.8765732], [151.2070506, -33.8764235], [151.2069261, -33.8762753], [151.2068244, -33.8761149], [151.2067075, -33.8758634]], [[151.2067075, -33.8758634], [151.2066514, -33.8756949], [151.2066061, -33.8754445], [151.2065952, -33.8753445], [151.2065981, -33.8752031]], [[151.2065981, -33.8752031], [151.2066057, -33.8751242], [151.2066405, -33.8748495]], [[151.2066405, -33.8748495], [151.2066639, -33.874678], [151.2066723, -33.8746031], [151.206677, -33.8745377], [151.2066807, -33.8744737], [151.2066834, -33.8744135], [151.2066885, -33.8743193], [151.2066928, -33.8742316], [151.2067069, -33.8740824], [151.2067169, -33.8740024], [151.2067303, -33.873908], [151.2067732, -33.8736018], [151.2068707, -33.8728908], [151.2068826, -33.8728206], [151.2068946, -33.8727393], [151.2069175, -33.872589], [151.2069324, -33.8724538], [151.2069398, -33.8723292], [151.2069468, -33.8722377], [151.2069441, -33.8721286], [151.2069388, -33.8719823]], [[151.2069388, -33.8719823], [151.2069196, -33.8717867], [151.2069019, -33.8715707], [151.2068689, -33.8711912], [151.2068376, -33.8710046], [151.2067937, -33.8708636], [151.2067354, -33.8707201], [151.2066645, -33.8705841], [151.2066045, -33.8704918], [151.2065234, -33.870369], [151.2063721, -33.8701614], [151.2062575, -33.8699929], [151.2061687, -33.869806], [151.2060915, -33.8696151], [151.2060548, -33.8694807], [151.2060156, -33.869239], [151.2059451, -33.8685534], [151.2059424, -33.8685036], [151.2059212, -33.8683322], [151.2059068, -33.8681391], [151.2058962, -33.8679234], [151.2058957, -33.867735], [151.2059033, -33.8675484]], [[151.2059033, -33.8675484], [151.2059083, -33.8674446], [151.2059218, -33.8671682], [151.2059294, -33.8669444], [151.2059269, -33.8668511], [151.205921, -33.866748], [151.2058946, -33.8665268], [151.2058038, -33.8657672], [151.2057864, -33.8656213], [151.2057528, -33.8653401], [151.2057352, -33.865193], [151.2057265, -33.8651245]], [[151.2057265, -33.8651245], [151.2057205, -33.8650811], [151.2056715, -33.8648283], [151.2056232, -33.8646479], [151.2055729, -33.8644168]], [[151.2055729, -33.8644168], [151.2054318, -33.86331], [151.2054233, -33.8631832], [151.2054287, -33.8630253], [151.2054337, -33.862966], [151.2054557, -33.8628075], [151.2054992, -33.8626185], [151.2055672, -33.8624306], [151.2056438, -33.8622665], [151.2057408, -33.8620991], [151.2058619, -33.861957], [151.2059842, -33.8618273], [151.2060972, -33.8617214], [151.2062443, -33.8615996], [151.206401, -33.8614953], [151.2065762, -33.861392], [151.2067637, -33.8613023], [151.2069541, -33.8612328], [151.2071526, -33.8611729], [151.2073795, -33.8611314], [151.2076559, -33.8610949], [151.2077547, -33.8610883], [151.2078521, -33.8610868], [151.2080295, -33.8610857], [151.2081019, -33.8610888]], [[151.2081019, -33.8610888], [151.208148, -33.8610921], [151.2088643, -33.8611606]], [[151.2088643, -33.8611606], [151.2091584, -33.8611905], [151.2093803, -33.8612104], [151.2097545, -33.8612391], [151.2099892, -33.8612569], [151.2102306, -33.861277], [151.2112515, -33.8613725], [151.2114052, -33.8613891], [151.2115483, -33.8614045], [151.2115946, -33.8614094], [151.2118104, -33.8614315], [151.2122785, -33.8614739]], [[151.2122785, -33.8614739], [151.212757, -33.8615197]], [[151.212757, -33.8615197], [151.2130526, -33.8615568], [151.2132954, -33.8615987], [151.2134968, -33.8616441], [151.2136517, -33.8616923], [151.2138502, -33.8617675], [151.2140189, -33.8618475], [151.2141737, -33.861935], [151.2143262, -33.8620418], [151.2144435, -33.8621363], [151.2145501, -33.8622309], [151.2146812, -33.8623715], [151.2147771, -33.8625], [151.2148566, -33.8626205], [151.2149213, -33.8627435], [151.2149882, -33.8628979], [151.2150431, -33.8630717], [151.2150729, -33.8631986], [151.2150919, -33.863319], [151.2151008, -33.863413], [151.2150948, -33.8635602], [151.2150744, -33.8637247], [151.215039, -33.8638959], [151.214984, -33.8640674], [151.2149033, -33.8642411], [151.2147997, -33.8644139], [151.2146979, -33.8645515], [151.2145781, -33.8646887], [151.2143891, -33.8648658], [151.214205, -33.8650174], [151.2140331, -33.8651499], [151.2136618, -33.8654233]], [[151.2136618, -33.8654233], [151.2132778, -33.8657057], [151.2131695, -33.8657899], [151.2130915, -33.8658564]], [[151.2130915, -33.8658564], [151.2130261, -33.8659118], [151.2129402, -33.8659939], [151.2128495, -33.8660995], [151.2127705, -33.8661993], [151.2126804, -33.8663446], [151.2126078, -33.8664898], [151.2125567, -33.8666235], [151.2125219, -33.8667396], [151.2124883, -33.8668943], [151.2123831, -33.8676723], [151.2123374, -33.8680203], [151.2123224, -33.8683133], [151.2123114, -33.868505], [151.2122983, -33.868654], [151.2122805, -33.8687747], [151.2122552, -33.8689048], [151.2122265, -33.8690434], [151.2121691, -33.8694091], [151.2120911, -33.869964], [151.2120729, -33.8701105]], [[151.2120729, -33.8701105], [151.2118717, -33.8715761], [151.2118503, -33.8717239]], [[151.2118503, -33.8717239], [151.2117443, -33.8724441], [151.2116962, -33.8726931], [151.2116455, -33.8728702], [151.2115833, -33.8730548], [151.2114849, -33.8732835], [151.211399, -33.8734422], [151.2113129, -33.8735935], [151.2112307, -33.8737174], [151.2111318, -33.8738634], [151.2109575, -33.8740916]], [[151.2109575, -33.8740916], [151.2108638, -33.8742264], [151.2107789, -33.87436], [151.2106949, -33.8745057], [151.2105562, -33.8747806], [151.2103345, -33.8752595]], [[151.2103345, -33.8752595], [151.2098747, -33.8762395], [151.2098263, -33.8763425]]]}}, {"type": "Feature", "properties": {"name": "Inner West & Liverpool Line", "ref": "T3", "mode": "train", "network": "Sydney Trains", "from": "Liverpool", "to": "City Circle"}, "geometry": {"type": "MultiLineString", "coordinates": [[[150.9231599, -33.9296925], [150.923424, -33.9293229], [150.9237156, -33.9289333], [150.9240448, -33.9285304], [150.9255652, -33.9267747]], [[150.9255652, -33.9267747], [150.9258852, -33.9264133], [150.9259839, -33.9262994]], [[150.9259839, -33.9262994], [150.9263353, -33.9258963], [150.9273375, -33.9247466]], [[150.9273375, -33.9247466], [150.9277033, -33.9243269]], [[150.9277033, -33.9243269], [150.9279349, -33.9240513], [150.9281374, -33.9238414], [150.9283679, -33.9236142], [150.9286485, -33.923365], [150.9289602, -33.9231038], [150.9292515, -33.9229032], [150.9293912, -33.9227974], [150.9298924, -33.9224866], [150.93048, -33.9221487], [150.9309344, -33.9218699], [150.9313307, -33.9216074], [150.9317585, -33.9212769], [150.9317936, -33.9212434], [150.9321588, -33.9209299], [150.9324882, -33.9206145], [150.9328357, -33.92025], [150.9331467, -33.9198841], [150.9334595, -33.9194637], [150.9336592, -33.9191217], [150.9338195, -33.918799], [150.9339956, -33.9183727], [150.9341325, -33.9179043]], [[150.9341325, -33.9179043], [150.9342283, -33.9174783], [150.9344176, -33.9165495], [150.9348838, -33.9142336]], [[150.9348838, -33.9142336], [150.9348898, -33.9142039], [150.9351575, -33.9128911], [150.9352068, -33.9126459]], [[150.9352068, -33.9126459], [150.9353014, -33.9121755], [150.9366999, -33.9052567], [150.9368756, -33.9044409]], [[150.9368756, -33.9044409], [150.9371076, -33.9033113]], [[150.9371076, -33.9033113], [150.9371579, -33.9030435]], [[150.9371579, -33.9030435], [150.9372405, -33.9026308]], [[150.9372405, -33.9026308], [150.9384548, -33.8966353]], [[150.9384548, -33.8966353], [150.9385505, -33.8961636], [150.9386399, -33.8957221], [150.9387872, -33.8949941], [150.9387915, -33.8949772], [150.9389167, -33.8944824], [150.9389614, -33.8943311], [150.9390463, -33.8940437]], [[150.9390463, -33.8940437], [150.9391905, -33.8935786], [150.9392857, -33.893286], [150.9394054, -33.8929498]], [[150.9394054, -33.8929498], [150.9395464, -33.8926408], [150.9397349, -33.8923046], [150.939959, -33.8919395], [150.9401695, -33.8915968]], [[150.9401695, -33.8915968], [150.9403367, -33.891345], [150.9405909, -33.8910288], [150.9408593, -33.8907262], [150.9411586, -33.8904404], [150.9414985, -33.8901558], [150.9418095, -33.8899281], [150.9421425, -33.8897139], [150.9424942, -33.8895211], [150.9429521, -33.8893021], [150.9433669, -33.8891489], [150.9437485, -33.8890223], [150.9441533, -33.8889043]], [[150.9441533, -33.8889043], [150.9452356, -33.8886208], [150.9482438, -33.8878223], [150.9512967, -33.887012], [150.9535922, -33.8864048], [150.9562663, -33.8856955], [150.9572807, -33.8854268], [150.9578759, -33.8852687]], [[150.9578759, -33.8852687], [150.9587743, -33.8850288]], [[150.9587743, -33.8850288], [150.9595075, -33.8848367]], [[150.9595075, -33.8848367], [150.9597293, -33.8847732], [150.9600866, -33.8846734], [150.9607756, -33.8844619], [150.9614302, -33.8842701], [150.9621021, -33.8840947], [150.9623043, -33.8840493], [150.9628085, -33.8839361], [150.9633828, -33.8837997], [150.9639976, -33.8836475]], [[150.9639976, -33.8836475], [150.9653403, -33.8832888], [150.9678494, -33.8826231], [150.9692698, -33.8822471], [150.9703237, -33.8819646], [150.971625, -33.8816208], [150.972272, -33.8814569], [150.9729075, -33.881318], [150.9735218, -33.8811982], [150.9746151, -33.8810103], [150.9747411, -33.8809909]], [[150.9747411, -33.8809909], [150.9749458, -33.8809584], [150.9750606, -33.8809413], [150.9756453, -33.8808693], [150.9759861, -33.8808386], [150.9762007, -33.8808215], [150.9764579, -33.8808066], [150.9766456, -33.8807991], [150.9767996, -33.8807941], [150.97733, -33.8807852], [150.9784415, -33.8807832], [150.9790032, -33.8807938], [150.9792167, -33.8808006], [150.9795407, -33.8808158], [150.9797974, -33.8808307]], [[150.9797974, -33.8808307], [150.9805455, -33.8808873], [150.9809446, -33.8809275], [150.9813243, -33.8809721], [150.9820739, -33.8810679], [150.9835544, -33.8812766]], [[150.9835544, -33.8812766], [150.9836522, -33.881291]], [[150.9836522, -33.881291], [150.9843195, -33.8813924], [150.9857653, -33.8815964], [150.9936373, -33.8827095], [150.9973755, -33.8832322], [150.9976333, -33.8832622], [150.9979964, -33.8833], [150.9982985, -33.8833301]], [[150.9982985, -33.8833301], [150.9986148, -33.8833649], [150.9988289, -33.8833911], [150.999063, -33.8834212], [150.9992745, -33.8834501], [150.9994351, -33.8834725], [150.9996041, -33.8834986], [150.9997389, -33.8835193], [150.9999099, -33.8835477], [151.000174, -33.8835936], [151.0004121, -33.883636], [151.000619, -33.8836733]], [[151.000619, -33.8836733], [151.0009066, -33.8837233], [151.0011579, -33.8837655], [151.0017053, -33.883844], [151.0065077, -33.8845321]], [[151.0065077, -33.8845321], [151.0067605, -33.8845678]], [[151.0067605, -33.8845678], [151.0074001, -33.8846581]], [[151.0074001, -33.8846581], [151.0095524, -33.884962], [151.0101418, -33.885032], [151.0107548, -33.8850937], [151.0113779, -33.8851692], [151.0119191, -33.8852465], [151.0120922, -33.8852731], [151.0123334, -33.8853132], [151.0123644, -33.885318], [151.0133279, -33.8854908], [151.0139873, -33.8855913], [151.0149408, -33.8857252], [151.0153201, -33.8857781]], [[151.0153201, -33.8857781], [151.0159177, -33.8858549]], [[151.0159177, -33.8858549], [151.0161135, -33.8858813]], [[151.0161135, -33.8858813], [151.0163693, -33.885918], [151.0166074, -33.8859532], [151.0167451, -33.8859734], [151.0168803, -33.8859946]], [[151.0168803, -33.8859946], [151.0172046, -33.8860366], [151.0173712, -33.8860503]], [[151.0173712, -33.8860503], [151.0175188, -33.8860642], [151.0177146, -33.8860775], [151.0178847, -33.8860834], [151.0180412, -33.8860886], [151.0182792, -33.8860877], [151.0185156, -33.8860811], [151.0186722, -33.8860719], [151.0189759, -33.8860483], [151.0191439, -33.8860274], [151.0193125, -33.8860052], [151.0195562, -33.8859668], [151.0198108, -33.8859148], [151.0199435, -33.8858848], [151.0201402, -33.8858366], [151.0202923, -33.8857949], [151.0205885, -33.8857084], [151.0210238, -33.885546], [151.0214093, -33.8853746], [151.0216291, -33.8852666], [151.0218208, -33.885157], [151.0219839, -33.8850625], [151.0222092, -33.8849216], [151.0223664, -33.8848131], [151.0224694, -33.8847393], [151.0225665, -33.8846668], [151.0226201, -33.8846268], [151.0226536, -33.8846018], [151.022738, -33.8845328]], [[151.022738, -33.8845328], [151.0229521, -33.8843478], [151.0230156, -33.8842918], [151.0231171, -33.8841929], [151.0231547, -33.8841548], [151.023188, -33.8841212], [151.0234223, -33.883875], [151.0235984, -33.8836639], [151.0236796, -33.883561], [151.0237639, -33.8834459], [151.0240317, -33.883063], [151.0241794, -33.8828445], [151.0242517, -33.8827361], [151.0244119, -33.8824925], [151.0245072, -33.8823415], [151.0245994, -33.8821755]], [[151.0245994, -33.8821755], [151.024713, -33.8819717], [151.024784, -33.8818205]], [[151.024784, -33.8818205], [151.0249353, -33.8814546], [151.025029, -33.881149], [151.0250907, -33.8809131], [151.0251335, -33.8807271], [151.0252964, -33.8798813], [151.0253517, -33.8796113], [151.0254279, -33.8791978], [151.0255525, -33.8786001], [151.0256516, -33.8781971], [151.0257862, -33.877815], [151.0259409, -33.8774484], [151.0261282, -33.8770959], [151.0263889, -33.8766895], [151.0265994, -33.876417], [151.0268831, -33.8760896], [151.0272001, -33.875787], [151.0275321, -33.8754893], [151.0279826, -33.8750951], [151.0298677, -33.8734423], [151.0302454, -33.8731264], [151.0306223, -33.8728461], [151.0310333, -33.872566], [151.031453, -33.8722959]], [[151.031453, -33.8722959], [151.0316773, -33.8721682], [151.0318963, -33.8720496], [151.0323096, -33.8718314], [151.0326555, -33.8716502], [151.0328401, -33.8715458], [151.0329365, -33.8714885], [151.0330686, -33.8714072]], [[151.0330686, -33.8714072], [151.0330886, -33.8713933], [151.0334219, -33.8711628], [151.0337734, -33.8708902], [151.0340892, -33.8705895], [151.03438, -33.870274], [151.0346351, -33.8699525], [151.0348778, -33.8696118], [151.0351472, -33.8691985], [151.035518, -33.8686502]], [[151.035518, -33.8686502], [151.035612, -33.8685093]], [[151.035612, -33.8685093], [151.0376109, -33.8655118]], [[151.0376109, -33.8655118], [151.0379728, -33.8649691], [151.0382026, -33.8646407], [151.0382468, -33.8645774]], [[151.0382468, -33.8645774], [151.0383631, -33.8644345]], [[151.0383631, -33.8644345], [151.0384097, -33.8643852], [151.0386077, -33.864184], [151.0388623, -33.8639677], [151.0391142, -33.8637772], [151.0394408, -33.8635593], [151.0397151, -33.8633918], [151.0398683, -33.8633043]], [[151.0398683, -33.8633043], [151.0400061, -33.8632296], [151.0401627, -33.8631481]], [[151.0401627, -33.8631481], [151.0404386, -33.8630301], [151.0407191, -33.8629332], [151.0409296, -33.8628558], [151.0411275, -33.8628096]], [[151.0411275, -33.8628096], [151.0414097, -33.862759], [151.0415251, -33.8627461], [151.0416409, -33.862735], [151.0418103, -33.8627278], [151.0419716, -33.8627275], [151.0420833, -33.8627327]], [[151.0420833, -33.8627327], [151.0422921, -33.862745], [151.0425328, -33.8627774]], [[151.0425328, -33.8627774], [151.0426783, -33.8628042], [151.0429118, -33.8628647]], [[151.0429118, -33.8628647], [151.043133, -33.8629603], [151.0433426, -33.8630451], [151.0436637, -33.8631922], [151.0438747, -33.8632933]], [[151.0438747, -33.8632933], [151.0445694, -33.8636206], [151.0448292, -33.8637336], [151.0449807, -33.8637979], [151.0453528, -33.8639383], [151.0455551, -33.8640042], [151.0457843, -33.8640729], [151.0460823, -33.8641543], [151.0464165, -33.8642165], [151.0465616, -33.8642515], [151.0467093, -33.8642778], [151.0469433, -33.8643152], [151.0471995, -33.8643488]], [[151.0471995, -33.8643488], [151.0477411, -33.8644012], [151.0481615, -33.8644223], [151.0485804, -33.8644369]], [[151.0485804, -33.8644369], [151.0491233, -33.8644511], [151.0496516, -33.8644623], [151.0501641, -33.8644822], [151.0508361, -33.8645048], [151.0513326, -33.8645147], [151.0521594, -33.8645404], [151.052672, -33.8645541], [151.05317, -33.8645683], [151.0542678, -33.8646004], [151.0549671, -33.8646229], [151.0555141, -33.864621], [151.0558816, -33.864616], [151.0563443, -33.8646009], [151.056466, -33.8645904]], [[151.056466, -33.8645904], [151.0567971, -33.8645518], [151.0570458, -33.8645039]], [[151.0570458, -33.8645039], [151.057197, -33.8644775], [151.0574497, -33.8644264], [151.057583, -33.8643969], [151.0577437, -33.8643578], [151.0579747, -33.8643011], [151.0584571, -33.8641826], [151.0587844, -33.8641056], [151.0589285, -33.8640749], [151.0590574, -33.8640488], [151.0592296, -33.8640176], [151.0594277, -33.8639872], [151.059591, -33.8639658], [151.0597754, -33.8639446], [151.0599794, -33.8639257], [151.0601449, -33.8639151], [151.0603092, -33.8639074], [151.060467, -33.8639018], [151.0606445, -33.8638995], [151.0608242, -33.8638956], [151.0614625, -33.8638834], [151.0621371, -33.8638712], [151.0626461, -33.8638665], [151.0632877, -33.8638857], [151.063996, -33.8639173], [151.0646168, -33.8639566], [151.065104, -33.8639988], [151.0654522, -33.8640353], [151.065893, -33.8640985], [151.0664568, -33.8641936], [151.0668773, -33.8642716], [151.0675342, -33.8643931]], [[151.0675342, -33.8643931], [151.0676898, -33.8644259], [151.0679491, -33.8644761]], [[151.0679491, -33.8644761], [151.0681663, -33.8645247], [151.0683052, -33.8645562], [151.0685838, -33.8646152]], [[151.0685838, -33.8646152], [151.0690405, -33.8647104], [151.0700052, -33.8648874], [151.0702868, -33.8649391], [151.0705211, -33.8649797], [151.0707736, -33.8650253], [151.0712011, -33.8650861], [151.0716171, -33.8651332], [151.0721216, -33.8651664], [151.0726211, -33.8651791], [151.0731052, -33.8651585], [151.073687, -33.865114], [151.0743376, -33.8650568], [151.074839, -33.8650044], [151.0756255, -33.8648947], [151.0762609, -33.8647867], [151.0767737, -33.864712], [151.0773038, -33.8646675], [151.0775392, -33.8646564], [151.0777956, -33.8646516], [151.0782913, -33.8646548], [151.0785889, -33.8646669]], [[151.0785889, -33.8646669], [151.0786262, -33.8646707], [151.0787425, -33.8646788]], [[151.0787425, -33.8646788], [151.0790835, -33.864712], [151.0796462, -33.8647898], [151.0801112, -33.8648788], [151.0805839, -33.8649948], [151.0811025, -33.8651442], [151.0833976, -33.8658402], [151.0838895, -33.8659912]], [[151.0838895, -33.8659912], [151.0841867, -33.8660783]], [[151.0841867, -33.8660783], [151.0842036, -33.8660828], [151.0844593, -33.8661604], [151.0846561, -33.8662208], [151.0850045, -33.8663271], [151.085353, -33.8664365], [151.0857199, -33.8665624], [151.0860701, -33.8667021], [151.0863199, -33.8668097], [151.0866825, -33.8669764], [151.0870675, -33.8671553], [151.0871392, -33.8671887], [151.0877213, -33.8674596]], [[151.0877213, -33.8674596], [151.0879806, -33.8675811]], [[151.0879806, -33.8675811], [151.0881554, -33.8676931], [151.0882182, -33.8677338], [151.0883155, -33.867806], [151.0885739, -33.8680043]], [[151.0885739, -33.8680043], [151.0888024, -33.8681542], [151.0889586, -33.8682523]], [[151.0889586, -33.8682523], [151.0891414, -33.8683671], [151.0904185, -33.8691577], [151.0908018, -33.8694038]], [[151.0908018, -33.8694038], [151.0909848, -33.8695154]], [[151.0909848, -33.8695154], [151.0924469, -33.8704272], [151.0927518, -33.8706445], [151.0930397, -33.8708694], [151.0934048, -33.8711943], [151.0935094, -33.8712921], [151.0937633, -33.871542], [151.0940368, -33.8717788], [151.0943338, -33.8720005], [151.094426, -33.8720559], [151.0946571, -33.8721949], [151.094836, -33.8722914], [151.094886, -33.872318], [151.0949149, -33.872334]], [[151.0949149, -33.872334], [151.0952185, -33.8724981], [151.095488, -33.8726611], [151.0957432, -33.8728273], [151.0960128, -33.8730305], [151.0960367, -33.8730515], [151.096285, -33.8732695], [151.0964407, -33.8734205], [151.0967037, -33.8737052], [151.0970583, -33.8741017], [151.0972459, -33.8743057], [151.0973161, -33.874382], [151.0975163, -33.87457], [151.0977008, -33.8747569], [151.0978867, -33.8749307], [151.0980751, -33.8751078], [151.0983185, -33.8753045], [151.0986077, -33.8755087], [151.0989545, -33.8757303], [151.0992947, -33.8759292], [151.0996533, -33.8761258], [151.099983, -33.8762779], [151.1004293, -33.876455], [151.1008676, -33.876593]], [[151.1008676, -33.876593], [151.1012681, -33.8766886], [151.1017405, -33.8767777], [151.102913, -33.8769993], [151.1034936, -33.8771349], [151.1036119, -33.8771675]], [[151.1036119, -33.8771675], [151.1038663, -33.8772322]], [[151.1038663, -33.8772322], [151.10415, -33.8773021], [151.1044094, -33.8773499], [151.104712, -33.8774005], [151.1051271, -33.8774732], [151.1053402, -33.8775124], [151.1055398, -33.8775535], [151.1059722, -33.877646], [151.1063178, -33.8777396], [151.1070017, -33.8779237]], [[151.1070017, -33.8779237], [151.1073177, -33.8780032], [151.1078338, -33.8781592], [151.108188, -33.8782794], [151.1086162, -33.8784667], [151.1090426, -33.8786532], [151.1094584, -33.878883], [151.1098284, -33.8791044], [151.1102428, -33.879396], [151.1106199, -33.8796805], [151.11105, -33.880027], [151.1120708, -33.8808572], [151.1124964, -33.8812034], [151.1129412, -33.8815319], [151.1133623, -33.8818145], [151.1138444, -33.882121], [151.1142167, -33.8823799], [151.1147128, -33.8827642], [151.115183, -33.8831285], [151.1155577, -33.8833859], [151.1158731, -33.8835703], [151.1162689, -33.8837704], [151.1167861, -33.8840071], [151.117251, -33.8842251], [151.1177572, -33.884494], [151.1183248, -33.8848118], [151.1189113, -33.885125], [151.1193899, -33.8853535]], [[151.1193899, -33.8853535], [151.1195113, -33.8854103]], [[151.1195113, -33.8854103], [151.1197979, -33.8855453], [151.1202809, -33.8857489], [151.1207756, -33.8859345], [151.1212728, -33.8861106], [151.1218617, -33.886316], [151.1223938, -33.8865015], [151.1230259, -33.8867007], [151.1236079, -33.8868779], [151.1240656, -33.8870295], [151.1241886, -33.8870647]], [[151.1241886, -33.8870647], [151.124408, -33.8871421]], [[151.124408, -33.8871421], [151.1245904, -33.8872162]], [[151.1245904, -33.8872162], [151.1250714, -33.8873873], [151.1255684, -33.8875653], [151.1261023, -33.8877376], [151.126446, -33.8878409]], [[151.126446, -33.8878409], [151.1266771, -33.8879081], [151.1269199, -33.8879885], [151.1272325, -33.8881018], [151.1273965, -33.8881644], [151.1277099, -33.8882789], [151.1286818, -33.888616], [151.1293389, -33.8888481], [151.1301559, -33.8891284], [151.130407, -33.8892112], [151.1308794, -33.8893505], [151.1311963, -33.8894296], [151.1317091, -33.8895359], [151.1321718, -33.8896179], [151.1324624, -33.8896571], [151.1326933, -33.8896822], [151.1331079, -33.8897143], [151.1334274, -33.8897353], [151.1337774, -33.8897533], [151.1339793, -33.8897649], [151.1344482, -33.8897883], [151.1352557, -33.8898255], [151.1360501, -33.8898658], [151.1364828, -33.8898884], [151.1368759, -33.8899135], [151.1372532, -33.8899542], [151.1375689, -33.8900006], [151.1379701, -33.8900804], [151.1382682, -33.8901566], [151.1385632, -33.8902456]], [[151.1385632, -33.8902456], [151.1389675, -33.8903953], [151.1394296, -33.8905629], [151.1399065, -33.8907267], [151.1401897, -33.8908229], [151.1404795, -33.8909213]], [[151.1404795, -33.8909213], [151.1408948, -33.8910459], [151.1413981, -33.8912304], [151.1419631, -33.8914352], [151.1424291, -33.8915994], [151.1428277, -33.8917256], [151.1439293, -33.8920926]], [[151.1439293, -33.8920926], [151.1447659, -33.8923848]], [[151.1447659, -33.8923848], [151.1450536, -33.892491], [151.1455846, -33.8926849], [151.1459182, -33.892789]], [[151.1459182, -33.892789], [151.1460917, -33.892852]], [[151.1460917, -33.892852], [151.1461908, -33.8928857], [151.1464409, -33.8929822]], [[151.1464409, -33.8929822], [151.1466782, -33.8930648], [151.1472058, -33.8932382], [151.1477561, -33.893413], [151.1480549, -33.8935006], [151.1481838, -33.8935394]], [[151.1481838, -33.8935394], [151.1482802, -33.8935674], [151.1486716, -33.8936741], [151.1490973, -33.8937739], [151.1494221, -33.8938378], [151.14962, -33.893873], [151.1502122, -33.893962], [151.1506424, -33.8940323], [151.1510711, -33.8940906], [151.1513804, -33.8941356], [151.1519202, -33.8941876], [151.1521296, -33.8942021], [151.1523687, -33.8942094], [151.1528147, -33.8941965], [151.1532979, -33.894162], [151.1537998, -33.8940918], [151.1539941, -33.8940611], [151.1542242, -33.8940191]], [[151.1542242, -33.8940191], [151.1543581, -33.8939967], [151.1551602, -33.8938758], [151.1553054, -33.8938505], [151.1556968, -33.8938019], [151.1559881, -33.8937716], [151.1560905, -33.8937643], [151.1563744, -33.8937561]], [[151.1563744, -33.8937561], [151.1567322, -33.8937549], [151.1569054, -33.8937621], [151.1572818, -33.8937973], [151.1576857, -33.893855], [151.1579997, -33.8939113], [151.1583155, -33.8939822], [151.1586816, -33.8940831], [151.1591137, -33.8942232], [151.1596549, -33.8943941], [151.1601412, -33.8945256], [151.160549, -33.8946163], [151.1609531, -33.8946806], [151.1614268, -33.8947296], [151.1618232, -33.8947575], [151.1621475, -33.8947685], [151.1625411, -33.8947686], [151.162954, -33.8947413], [151.1632321, -33.8947071], [151.1635113, -33.8946637], [151.1641684, -33.8945507], [151.1643989, -33.8945038], [151.1646739, -33.8944418], [151.165209, -33.8943276], [151.1654896, -33.8942818], [151.1656962, -33.8942531], [151.1661763, -33.8942064], [151.1664707, -33.8941915], [151.1671033, -33.8941822], [151.167532, -33.8942239], [151.1679378, -33.8942822], [151.1684053, -33.8943667], [151.168801, -33.8944726], [151.1692168, -33.8946], [151.1695656, -33.8947355], [151.170004, -33.8949059], [151.1704529, -33.895082], [151.1708916, -33.8952498], [151.1713547, -33.895408]], [[151.1713547, -33.895408], [151.1715325, -33.8954687]], [[151.1715325, -33.8954687], [151.1718222, -33.8955676], [151.1722294, -33.895714], [151.1725907, -33.8958813], [151.172912, -33.8960473], [151.1732303, -33.8962377], [151.1736977, -33.8965472], [151.1738897, -33.896669], [151.1743802, -33.8969423], [151.1746685, -33.897078], [151.1750577, -33.8972353], [151.1754184, -33.8973708], [151.1757238, -33.8974743], [151.1760966, -33.897579], [151.1764522, -33.8976576], [151.176864, -33.8977307], [151.1772945, -33.8977663], [151.1774681, -33.8977767]], [[151.1774681, -33.8977767], [151.1780069, -33.897805], [151.1780535, -33.8978074]], [[151.1780535, -33.8978074], [151.1789171, -33.8978531]], [[151.1789171, -33.8978531], [151.1792672, -33.8978598], [151.1798331, -33.8978531], [151.1802623, -33.8978495], [151.1807832, -33.8978405], [151.1809667, -33.8978373]], [[151.1809667, -33.8978373], [151.1819034, -33.8977978], [151.1822119, -33.8977652], [151.1826839, -33.8976909], [151.1833549, -33.8975529], [151.1839328, -33.8974219], [151.1843902, -33.8972922], [151.184773, -33.8971672], [151.1851243, -33.8970589], [151.1852805, -33.8970171]], [[151.1852805, -33.8970171], [151.1854702, -33.8969731]], [[151.1854702, -33.8969731], [151.1856169, -33.8969408]], [[151.1856169, -33.8969408], [151.1859407, -33.8968568], [151.18632, -33.8967427], [151.1866741, -33.8966171], [151.1870787, -33.8964576], [151.1872797, -33.8963702], [151.1873646, -33.8963332], [151.1873945, -33.8963202]], [[151.1873945, -33.8963202], [151.1877456, -33.8961587], [151.1880699, -33.8960338], [151.1885575, -33.8958603], [151.1889682, -33.8957186], [151.1892592, -33.8956214], [151.1893683, -33.8955849], [151.1896094, -33.8955069], [151.1900042, -33.8953785], [151.1901747, -33.8953215], [151.190672, -33.8951554], [151.1910657, -33.8950225], [151.1915522, -33.8948614], [151.1918044, -33.8947902], [151.1923619, -33.8946108], [151.1926553, -33.8945293], [151.1930575, -33.8944381], [151.1933914, -33.8943646], [151.1934872, -33.8943411]], [[151.1934872, -33.8943411], [151.1936382, -33.8943079], [151.1941393, -33.8941627], [151.1945234, -33.8940404], [151.1949192, -33.8938917], [151.1953817, -33.8937044], [151.1957023, -33.8935498], [151.1962549, -33.8933028], [151.1966873, -33.8931149], [151.1971416, -33.8928851], [151.1974899, -33.8926989], [151.1978193, -33.8925213], [151.1981345, -33.8923307], [151.1984351, -33.8921166], [151.1986894, -33.8919174], [151.1988511, -33.8917742]], [[151.1988511, -33.8917742], [151.1991559, -33.8915069]], [[151.1991559, -33.8915069], [151.199313, -33.8913636], [151.1994564, -33.8912247], [151.1997052, -33.8909701], [151.1999142, -33.8907239], [151.2002898, -33.8903077]], [[151.2002898, -33.8903077], [151.2005085, -33.8900641], [151.2005275, -33.8900417], [151.2007912, -33.8897453], [151.2010195, -33.8894908], [151.2010919, -33.8894101], [151.2012493, -33.8892101], [151.2013098, -33.8891332]], [[151.2013098, -33.8891332], [151.2016658, -33.8886696]], [[151.2016658, -33.8886696], [151.2018036, -33.8885004], [151.2020656, -33.8882204], [151.2023595, -33.887944], [151.202688, -33.887676], [151.202743, -33.887634]], [[151.202743, -33.887634], [151.2031339, -33.8873384], [151.2038764, -33.8867869], [151.2041025, -33.8866223], [151.2042613, -33.8865068], [151.2044988, -33.8863339], [151.2050728, -33.8859035], [151.2051018, -33.88588]], [[151.2051018, -33.88588], [151.2053636, -33.8856798], [151.2054898, -33.8855768], [151.2055831, -33.8854979], [151.2056739, -33.8854146], [151.2057619, -33.885328]], [[151.2057619, -33.885328], [151.2059477, -33.8851419], [151.2061932, -33.8849184], [151.2064164, -33.8846812], [151.2066726, -33.8843598], [151.2070939, -33.8838307], [151.2072162, -33.8836985], [151.2072454, -33.883667]], [[151.2072454, -33.883667], [151.2073433, -33.8835547], [151.2074423, -33.8834374], [151.2074835, -33.8833841], [151.2075514, -33.8832949], [151.2075966, -33.8832275], [151.2076325, -33.8831705], [151.2076755, -33.8830915]], [[151.2076755, -33.8830915], [151.2077442, -33.8829537], [151.2078244, -33.8827706], [151.2079042, -33.8825897], [151.2079499, -33.8824816], [151.2079866, -33.8823918]], [[151.2079866, -33.8823918], [151.2080247, -33.882282], [151.2080517, -33.8822035], [151.2080692, -33.8821425], [151.2081727, -33.8817627], [151.2081876, -33.8817071], [151.2082832, -33.8813444], [151.2083551, -33.8810682], [151.2084128, -33.8808462], [151.2084716, -33.8806222], [151.2084864, -33.8805633], [151.2084972, -33.8805221]], [[151.2084972, -33.8805221], [151.2085881, -33.8801669]], [[151.2085881, -33.8801669], [151.2086224, -33.8799969], [151.2086684, -33.8797525]], [[151.2086684, -33.8797525], [151.2086887, -33.8796056], [151.2087005, -33.879517]], [[151.2087005, -33.879517], [151.2087047, -33.879486], [151.2087314, -33.8792872], [151.2087685, -33.8789845], [151.2087787, -33.8788786], [151.2087863, -33.8787411], [151.208788, -33.878672], [151.2087848, -33.8785675], [151.2087812, -33.8785173], [151.2087736, -33.8784349], [151.2087607, -33.8783629], [151.2087314, -33.8782462], [151.2087081, -33.8781705], [151.2086777, -33.8780912], [151.2086106, -33.8779457], [151.2085683, -33.8778668], [151.2085239, -33.8777949], [151.2084707, -33.8777142], [151.2084183, -33.8776394], [151.2083525, -33.8775525], [151.2082743, -33.8774624], [151.2081848, -33.877367], [151.2080872, -33.877273], [151.20799, -33.8771857], [151.2078624, -33.8770783], [151.2076249, -33.8769027], [151.2073656, -33.8767147], [151.2071979, -33.8765732], [151.2070506, -33.8764235], [151.2069261, -33.8762753], [151.2068244, -33.8761149], [151.2067075, -33.8758634]], [[151.2067075, -33.8758634], [151.2066514, -33.8756949], [151.2066061, -33.8754445], [151.2065952, -33.8753445], [151.2065981, -33.8752031]], [[151.2065981, -33.8752031], [151.2066057, -33.8751242], [151.2066405, -33.8748495]], [[151.2066405, -33.8748495], [151.2066639, -33.874678], [151.2066723, -33.8746031], [151.206677, -33.8745377], [151.2066807, -33.8744737], [151.2066834, -33.8744135], [151.2066885, -33.8743193], [151.2066928, -33.8742316], [151.2067069, -33.8740824], [151.2067169, -33.8740024], [151.2067303, -33.873908], [151.2067732, -33.8736018], [151.2068707, -33.8728908], [151.2068826, -33.8728206], [151.2068946, -33.8727393], [151.2069175, -33.872589], [151.2069324, -33.8724538], [151.2069398, -33.8723292], [151.2069468, -33.8722377], [151.2069441, -33.8721286], [151.2069388, -33.8719823]], [[151.2069388, -33.8719823], [151.2069196, -33.8717867], [151.2069019, -33.8715707], [151.2068689, -33.8711912], [151.2068376, -33.8710046], [151.2067937, -33.8708636], [151.2067354, -33.8707201], [151.2066645, -33.8705841], [151.2066045, -33.8704918], [151.2065234, -33.870369], [151.2063721, -33.8701614], [151.2062575, -33.8699929], [151.2061687, -33.869806], [151.2060915, -33.8696151], [151.2060548, -33.8694807], [151.2060156, -33.869239], [151.2059451, -33.8685534], [151.2059424, -33.8685036], [151.2059212, -33.8683322], [151.2059068, -33.8681391], [151.2058962, -33.8679234], [151.2058957, -33.867735], [151.2059033, -33.8675484]], [[151.2059033, -33.8675484], [151.2059083, -33.8674446], [151.2059218, -33.8671682], [151.2059294, -33.8669444], [151.2059269, -33.8668511], [151.205921, -33.866748], [151.2058946, -33.8665268], [151.2058038, -33.8657672], [151.2057864, -33.8656213], [151.2057528, -33.8653401], [151.2057352, -33.865193], [151.2057265, -33.8651245]], [[151.2057265, -33.8651245], [151.2057205, -33.8650811], [151.2056715, -33.8648283], [151.2056232, -33.8646479], [151.2055729, -33.8644168]], [[151.2055729, -33.8644168], [151.2054318, -33.86331], [151.2054233, -33.8631832], [151.2054287, -33.8630253], [151.2054337, -33.862966], [151.2054557, -33.8628075], [151.2054992, -33.8626185], [151.2055672, -33.8624306], [151.2056438, -33.8622665], [151.2057408, -33.8620991], [151.2058619, -33.861957], [151.2059842, -33.8618273], [151.2060972, -33.8617214], [151.2062443, -33.8615996], [151.206401, -33.8614953], [151.2065762, -33.861392], [151.2067637, -33.8613023], [151.2069541, -33.8612328], [151.2071526, -33.8611729], [151.2073795, -33.8611314], [151.2076559, -33.8610949], [151.2077547, -33.8610883], [151.2078521, -33.8610868], [151.2080295, -33.8610857], [151.2081019, -33.8610888]], [[151.2081019, -33.8610888], [151.208148, -33.8610921], [151.2088643, -33.8611606]], [[151.2088643, -33.8611606], [151.2091584, -33.8611905], [151.2093803, -33.8612104], [151.2097545, -33.8612391], [151.2099892, -33.8612569], [151.2102306, -33.861277], [151.2112515, -33.8613725], [151.2114052, -33.8613891], [151.2115483, -33.8614045], [151.2115946, -33.8614094], [151.2118104, -33.8614315], [151.2122785, -33.8614739]], [[151.2122785, -33.8614739], [151.212757, -33.8615197]], [[151.212757, -33.8615197], [151.2130526, -33.8615568], [151.2132954, -33.8615987], [151.2134968, -33.8616441], [151.2136517, -33.8616923], [151.2138502, -33.8617675], [151.2140189, -33.8618475], [151.2141737, -33.861935], [151.2143262, -33.8620418], [151.2144435, -33.8621363], [151.2145501, -33.8622309], [151.2146812, -33.8623715], [151.2147771, -33.8625], [151.2148566, -33.8626205], [151.2149213, -33.8627435], [151.2149882, -33.8628979], [151.2150431, -33.8630717], [151.2150729, -33.8631986], [151.2150919, -33.863319], [151.2151008, -33.863413], [151.2150948, -33.8635602], [151.2150744, -33.8637247], [151.215039, -33.8638959], [151.214984, -33.8640674], [151.2149033, -33.8642411], [151.2147997, -33.8644139], [151.2146979, -33.8645515], [151.2145781, -33.8646887], [151.2143891, -33.8648658], [151.214205, -33.8650174], [151.2140331, -33.8651499], [151.2136618, -33.8654233]], [[151.2136618, -33.8654233], [151.2132778, -33.8657057], [151.2131695, -33.8657899], [151.2130915, -33.8658564]], [[151.2130915, -33.8658564], [151.2130261, -33.8659118], [151.2129402, -33.8659939], [151.2128495, -33.8660995], [151.2127705, -33.8661993], [151.2126804, -33.8663446], [151.2126078, -33.8664898], [151.2125567, -33.8666235], [151.2125219, -33.8667396], [151.2124883, -33.8668943], [151.2123831, -33.8676723], [151.2123374, -33.8680203], [151.2123224, -33.8683133], [151.2123114, -33.868505], [151.2122983, -33.868654], [151.2122805, -33.8687747], [151.2122552, -33.8689048], [151.2122265, -33.8690434], [151.2121691, -33.8694091], [151.2120911, -33.869964], [151.2120729, -33.8701105]], [[151.2120729, -33.8701105], [151.2118717, -33.8715761], [151.2118503, -33.8717239]], [[151.2118503, -33.8717239], [151.2117443, -33.8724441], [151.2116962, -33.8726931], [151.2116455, -33.8728702], [151.2115833, -33.8730548], [151.2114849, -33.8732835], [151.211399, -33.8734422], [151.2113129, -33.8735935], [151.2112307, -33.8737174], [151.2111318, -33.8738634], [151.2109575, -33.8740916]], [[151.2109575, -33.8740916], [151.2108638, -33.8742264], [151.2107789, -33.87436], [151.2106949, -33.8745057], [151.2105562, -33.8747806], [151.2103345, -33.8752595]], [[151.2103345, -33.8752595], [151.2098747, -33.8762395], [151.2098263, -33.8763425]]]}}, {"type": "Feature", "properties": {"name": "Eastern Suburbs & Illawarra Line", "ref": "T4", "mode": "train", "network": "Sydney Trains", "from": "Waterfall", "to": "Bondi Junction"}, "geometry": {"type": "MultiLineString", "coordinates": [[[150.9945427, -34.1351681], [150.9944982, -34.1349382], [150.9944288, -34.1346444], [150.9944099, -34.1344845], [150.9943972, -34.1343375], [150.9943935, -34.1341691], [150.994397, -34.1339559], [150.9943995, -34.1337521], [150.9943987, -34.133636], [150.9943964, -34.1335338], [150.9943824, -34.1332585], [150.9943604, -34.1330642], [150.9943155, -34.1326865]], [[150.9943155, -34.1326865], [150.994223, -34.1319586], [150.9941597, -34.1314603], [150.9940998, -34.1309886], [150.9940287, -34.1304221]], [[150.9940287, -34.1304221], [150.993954, -34.1298271], [150.9938081, -34.1286616], [150.9935835, -34.1269313], [150.9934366, -34.1258136], [150.993409, -34.1255626]], [[150.993409, -34.1255626], [150.9933238, -34.1247902], [150.9932719, -34.1241867], [150.9932259, -34.1235749], [150.993173, -34.1227865], [150.993171, -34.1223787], [150.993156, -34.1217636], [150.993155, -34.121165], [150.993166, -34.1205557], [150.993186, -34.1199547], [150.9932169, -34.1193528], [150.9932664, -34.1186056], [150.9932998, -34.1181441], [150.9933418, -34.117543], [150.9933888, -34.1168925], [150.9935155, -34.1151152], [150.9936905, -34.1126992], [150.9938606, -34.1102792], [150.9940324, -34.107912], [150.9941633, -34.1060755], [150.9942052, -34.1055355], [150.9942671, -34.1049947], [150.994349, -34.1044878], [150.9944627, -34.1039402], [150.9946004, -34.1034033], [150.9947635, -34.1028671], [150.9949482, -34.1023445], [150.9951589, -34.101821], [150.9953926, -34.10131], [150.9956503, -34.100799], [150.9959336, -34.1002965], [150.9962445, -34.0997901], [150.9965555, -34.0993268], [150.9969049, -34.098856], [150.997273, -34.0984003], [150.9976582, -34.0979549], [150.998068, -34.0975226], [150.9984954, -34.0971], [151.0060093, -34.0900372], [151.0062869, -34.0897744], [151.0066964, -34.0893906], [151.0068502, -34.0892467], [151.0069969, -34.0891094], [151.0072461, -34.0888978], [151.0074519, -34.088701], [151.0083982, -34.0878046], [151.0089144, -34.0873188]], [[151.0089144, -34.0873188], [151.0093278, -34.0869359], [151.0096723, -34.0866034], [151.0100039, -34.0862412], [151.0103055, -34.0858715], [151.0105801, -34.0854844], [151.0107069, -34.0852817], [151.0108218, -34.0850874], [151.0110375, -34.0846788], [151.0112322, -34.0842189], [151.011389, -34.0837665], [151.0115019, -34.0833397], [151.0115848, -34.0828931], [151.0116327, -34.0824448], [151.0116497, -34.081999], [151.0116395, -34.0813683]], [[151.0116395, -34.0813683], [151.0116093, -34.0794966]], [[151.0116093, -34.0794966], [151.0116068, -34.0793431]], [[151.0116068, -34.0793431], [151.0116026, -34.0790837], [151.0115548, -34.076357], [151.0115598, -34.0758053], [151.0115887, -34.0752519], [151.0116437, -34.0747068], [151.0117246, -34.0741575], [151.0118244, -34.0736339], [151.0119592, -34.073073], [151.012112, -34.0725387], [151.0122848, -34.0720208], [151.0124915, -34.0714848], [151.0127142, -34.0709686], [151.0129609, -34.0704657], [151.0132335, -34.0699594], [151.0135291, -34.0694639], [151.0138395, -34.0689874], [151.0141477, -34.0685662], [151.0145146, -34.0680936], [151.014795, -34.0677505], [151.0150331, -34.0674821], [151.0151831, -34.0673146], [151.0153409, -34.0671485], [151.0156543, -34.0668216], [151.0160128, -34.0664808], [151.0164632, -34.0660787], [151.0169335, -34.0656866], [151.0174209, -34.065306], [151.0179192, -34.0649511], [151.0184365, -34.0646111], [151.0189758, -34.0642835], [151.0195106, -34.0639845], [151.0201142, -34.0636779], [151.0206745, -34.0634132], [151.0212627, -34.0631584], [151.0218569, -34.0629226], [151.0297083, -34.0598342], [151.0327537, -34.0586577]], [[151.0327537, -34.0586577], [151.0336007, -34.0583175]], [[151.0336007, -34.0583175], [151.0374476, -34.0567956]], [[151.0374476, -34.0567956], [151.0400385, -34.0557704]], [[151.0400385, -34.0557704], [151.0467683, -34.0531274]], [[151.0467683, -34.0531274], [151.0472732, -34.0529238], [151.0477287, -34.0527167], [151.0481658, -34.0524873], [151.0485803, -34.0522346], [151.0489758, -34.0519572], [151.0493493, -34.0516624], [151.0497045, -34.0513394], [151.0500258, -34.0510053], [151.0503153, -34.0506537], [151.050583, -34.0502833], [151.0508118, -34.0499206], [151.0510328, -34.0495058], [151.0512058, -34.0491044], [151.0513477, -34.0486925], [151.0514579, -34.0482683], [151.0515343, -34.0478427]], [[151.0515343, -34.0478427], [151.051572, -34.0474443], [151.051578, -34.0470099], [151.0515541, -34.046611], [151.0514892, -34.0461526]], [[151.0514892, -34.0461526], [151.0513933, -34.0456727], [151.0513505, -34.0454604], [151.051149, -34.0444615], [151.0510843, -34.044141], [151.0510324, -34.0438236], [151.0509943, -34.0435401], [151.0509624, -34.0431728], [151.0509491, -34.0428305], [151.0509571, -34.0424044], [151.0509916, -34.0419314], [151.0510555, -34.0415024], [151.0511344, -34.0411035], [151.0512363, -34.0407031], [151.0512965, -34.0405063], [151.0513391, -34.0403667], [151.0514881, -34.0399649], [151.0516902, -34.0395043], [151.0519366, -34.0390275], [151.0521964, -34.0385926], [151.0524907, -34.0381695], [151.0528178, -34.0377184], [151.0531733, -34.0372321], [151.0535241, -34.0367524], [151.0537524, -34.0364439]], [[151.0537524, -34.0364439], [151.0542647, -34.0357358], [151.0548192, -34.0349703], [151.0548584, -34.0349169], [151.0551048, -34.0345817], [151.0553593, -34.034229], [151.0554761, -34.0340695], [151.0556003, -34.0338964], [151.0557458, -34.0336994], [151.0558048, -34.033615], [151.0558603, -34.0335376], [151.0559523, -34.0334159], [151.056311, -34.0329229]], [[151.056311, -34.0329229], [151.0565116, -34.0326455], [151.0567066, -34.0323759], [151.0567245, -34.0323512], [151.0570844, -34.0318537], [151.0572911, -34.0315679]], [[151.0572911, -34.0315679], [151.0573976, -34.0314221], [151.0574315, -34.0313757]], [[151.0574315, -34.0313757], [151.0576395, -34.0310842], [151.0576514, -34.0310681], [151.0577616, -34.030918], [151.0578626, -34.0307805], [151.0582162, -34.0302884], [151.0583577, -34.0300916], [151.058814, -34.0294651], [151.0589946, -34.0292156], [151.0591364, -34.0290197]], [[151.0591364, -34.0290197], [151.059278, -34.028824]], [[151.059278, -34.028824], [151.0598571, -34.028024], [151.061003, -34.0264478], [151.0632641, -34.0233501], [151.0635163, -34.0229636], [151.0637645, -34.0225272], [151.0639866, -34.0220885], [151.0641781, -34.0216286]], [[151.0641781, -34.0216286], [151.0643487, -34.0211462], [151.0644977, -34.0206657], [151.0646054, -34.0201718], [151.0646998, -34.0196927], [151.0647622, -34.019226], [151.0647995, -34.0188626], [151.0648111, -34.0185959], [151.064821, -34.0183893], [151.0648266, -34.0181159], [151.0648221, -34.0179382], [151.0648005, -34.0175663], [151.0647621, -34.0170759], [151.0647359, -34.0168846], [151.064523, -34.0153997], [151.0644799, -34.0151151], [151.0644195, -34.0146955]], [[151.0644195, -34.0146955], [151.0643611, -34.0142892], [151.0643221, -34.0138909], [151.0643186, -34.0134764], [151.0643487, -34.0130943], [151.064409, -34.0127049], [151.064457, -34.0125007], [151.0645047, -34.0122978], [151.0646272, -34.0119217], [151.0646306, -34.0119112], [151.0646814, -34.0117919], [151.064792, -34.0115321], [151.0649923, -34.0111514], [151.0652246, -34.010784], [151.065487, -34.0104298], [151.0657724, -34.0100962], [151.0660898, -34.0097802], [151.0664285, -34.0094848]], [[151.0664285, -34.0094848], [151.0673859, -34.0087146], [151.0678114, -34.0083663], [151.0680827, -34.0081062], [151.0683008, -34.007846], [151.0684834, -34.0075521], [151.0686164, -34.0072743], [151.068721, -34.0069553], [151.0687848, -34.0066202], [151.0687954, -34.0062734], [151.0687692, -34.0059655], [151.0686789, -34.0055996], [151.0685724, -34.0053232], [151.0684294, -34.0050681], [151.0683663, -34.0049625], [151.0682132, -34.0047225], [151.0677846, -34.0040739], [151.0675215, -34.0036724], [151.0674524, -34.0035647], [151.0671439, -34.0030938]], [[151.0671439, -34.0030938], [151.067002, -34.0028719], [151.0668247, -34.0025735], [151.0666652, -34.002234], [151.0665517, -34.0018959], [151.066463, -34.0015622], [151.0664081, -34.0012491], [151.0663797, -34.000964], [151.0663744, -34.0006553], [151.0664028, -34.0003393], [151.0664684, -33.9999586]], [[151.0664684, -33.9999586], [151.0665639, -33.9996217]], [[151.0665639, -33.9996217], [151.066651, -33.9993721], [151.0667786, -33.9990414]], [[151.0667786, -33.9990414], [151.06694, -33.9987092], [151.0670925, -33.9984387], [151.0672751, -33.9981624], [151.0674531, -33.9979322]], [[151.0674531, -33.9979322], [151.0676863, -33.9976433], [151.0679746, -33.9973294], [151.0681828, -33.9971257], [151.0686216, -33.9967203], [151.0689923, -33.9963844]], [[151.0689923, -33.9963844], [151.0715895, -33.9939832]], [[151.0715895, -33.9939832], [151.0719441, -33.9936371], [151.0723871, -33.9932278], [151.0728186, -33.9927965], [151.0736196, -33.9919264], [151.0743641, -33.9910515], [151.0748103, -33.9905264]], [[151.0748103, -33.9905264], [151.075226, -33.9900373], [151.0756426, -33.9895487], [151.0759337, -33.9892043], [151.076127, -33.9889629], [151.0763411, -33.9886576]], [[151.0763411, -33.9886576], [151.0765229, -33.9883332], [151.0766529, -33.9880364], [151.0767484, -33.9877502], [151.0768152, -33.9874286], [151.0768486, -33.98711], [151.076852, -33.9868323], [151.0768232, -33.9861358], [151.0768152, -33.9857913], [151.0768228, -33.9856684]], [[151.0768228, -33.9856684], [151.0768305, -33.9855454]], [[151.0768305, -33.9855454], [151.0768348, -33.9854755], [151.0768785, -33.9852073], [151.076959, -33.9848887]], [[151.076959, -33.9848887], [151.0770568, -33.9846148], [151.0772018, -33.9843047], [151.0773641, -33.9840318], [151.0775689, -33.9837427], [151.0780532, -33.9830962]], [[151.0780532, -33.9830962], [151.0782686, -33.9828085], [151.0784723, -33.9825127], [151.0786488, -33.9822189], [151.078799, -33.9818462], [151.0788406, -33.9817095], [151.0788785, -33.9815718], [151.0789161, -33.9813941], [151.0789349, -33.9812417], [151.0789562, -33.9810768], [151.0789636, -33.9809144], [151.0789633, -33.9806205], [151.0789497, -33.9803445], [151.0789488, -33.9803258], [151.0789462, -33.9802507], [151.0789337, -33.9800756], [151.0789283, -33.9800306]], [[151.0789283, -33.9800306], [151.0789026, -33.9798148]], [[151.0789026, -33.9798148], [151.0788949, -33.9797632], [151.0788326, -33.9794556], [151.0788132, -33.9793796], [151.0787866, -33.9792757]], [[151.0787866, -33.9792757], [151.0786671, -33.9788074], [151.0783955, -33.9777476], [151.0783186, -33.9774085], [151.0782767, -33.9771163], [151.078265, -33.9768911], [151.0782689, -33.9765601], [151.0783157, -33.9762582], [151.0783994, -33.9759216], [151.0784377, -33.9758193]], [[151.0784377, -33.9758193], [151.078476, -33.975717]], [[151.078476, -33.975717], [151.0785444, -33.9755341], [151.0786758, -33.9752766], [151.0789154, -33.9749351], [151.0791527, -33.9746323], [151.0794002, -33.9743301], [151.0796223, -33.9740331], [151.079736, -33.9738553], [151.0798141, -33.9737154], [151.0799074, -33.9735292], [151.0799531, -33.9734242], [151.0800002, -33.9733049], [151.0800656, -33.9731333], [151.080245, -33.9725957]], [[151.080245, -33.9725957], [151.0805024, -33.9719565]], [[151.0805024, -33.9719565], [151.0806322, -33.971674], [151.0807735, -33.9713852], [151.0808576, -33.9712149], [151.0811219, -33.9707167], [151.0811834, -33.9706171], [151.0813471, -33.9703771], [151.0814549, -33.9702378]], [[151.0814549, -33.9702378], [151.0816031, -33.9700547]], [[151.0816031, -33.9700547], [151.0816948, -33.9699551], [151.0817625, -33.9698822], [151.0819707, -33.9696669], [151.0820664, -33.9695698], [151.0821712, -33.9694656], [151.0823138, -33.9693238]], [[151.0823138, -33.9693238], [151.0827503, -33.968911], [151.0829492, -33.9687306], [151.083141, -33.9685666], [151.0833705, -33.9683813], [151.0834997, -33.9682789], [151.0838179, -33.9680441], [151.0840178, -33.9679085], [151.0842328, -33.9677673], [151.0844618, -33.9676239], [151.0846859, -33.9674939], [151.0849809, -33.9673297], [151.0852226, -33.967204], [151.0854675, -33.967085], [151.0857425, -33.9669582], [151.0859327, -33.9668759], [151.0861687, -33.9667789], [151.0863907, -33.9666961], [151.0866063, -33.966619], [151.0868256, -33.9665499], [151.0870314, -33.9664928], [151.0871583, -33.9664611], [151.0873481, -33.9664183], [151.087518, -33.966383], [151.087672, -33.9663545], [151.087957, -33.9663062], [151.0883078, -33.9662437]], [[151.0883078, -33.9662437], [151.0884513, -33.9662199]], [[151.0884513, -33.9662199], [151.0893565, -33.966063], [151.0901766, -33.9659224], [151.090446, -33.9658756], [151.0906964, -33.9658307], [151.0911084, -33.9657624], [151.0929289, -33.9655482], [151.0935546, -33.9654777], [151.0937396, -33.9654531]], [[151.0937396, -33.9654531], [151.0941321, -33.9654011], [151.094174, -33.9653968]], [[151.094174, -33.9653968], [151.0946204, -33.9653496]], [[151.0946204, -33.9653496], [151.0949825, -33.9653053], [151.0955179, -33.9652382], [151.0959841, -33.9651947], [151.0964124, -33.9651842], [151.096952, -33.9652008], [151.0973321, -33.9652313], [151.0978129, -33.9653009], [151.0981405, -33.9653654], [151.0985374, -33.965462], [151.0989815, -33.9656039], [151.0992418, -33.9656971], [151.0996954, -33.9658869], [151.1002154, -33.966153]], [[151.1002154, -33.966153], [151.10063, -33.9663733]], [[151.10063, -33.9663733], [151.1006959, -33.9664111], [151.1009314, -33.9665556], [151.1011707, -33.9666971], [151.101576, -33.9669273], [151.1016934, -33.9669908]], [[151.1016934, -33.9669908], [151.1022562, -33.9672829], [151.1022678, -33.9672889], [151.1032702, -33.9677973], [151.1033521, -33.9678365]], [[151.1033521, -33.9678365], [151.103644, -33.967968], [151.1039568, -33.9680977], [151.1042403, -33.9681909], [151.1045628, -33.9682817]], [[151.1045628, -33.9682817], [151.1047441, -33.9683266]], [[151.1047441, -33.9683266], [151.105012, -33.9683929], [151.10537, -33.9684512], [151.1057154, -33.9684843], [151.1060776, -33.9684956], [151.1064461, -33.9684887], [151.1068083, -33.9684712], [151.1070034, -33.968459]], [[151.1070034, -33.968459], [151.1078057, -33.9684077], [151.108275, -33.9683772]], [[151.108275, -33.9683772], [151.1084252, -33.9683697]], [[151.1084252, -33.9683697], [151.1089352, -33.9683648], [151.109435, -33.9683917], [151.109912, -33.9684455], [151.1104069, -33.9685276], [151.1108839, -33.968642], [151.1113967, -33.9687873], [151.1124274, -33.9691266], [151.1130101, -33.9693102], [151.1132945, -33.9693966]], [[151.1132945, -33.9693966], [151.113458, -33.9694462], [151.1138069, -33.9695505], [151.1141342, -33.9696348], [151.1144264, -33.9697036], [151.1147863, -33.9697718], [151.1151219, -33.9698205], [151.1152607, -33.9698327]], [[151.1152607, -33.9698327], [151.1155461, -33.9698565]], [[151.1155461, -33.9698565], [151.1157595, -33.9698672]], [[151.1157595, -33.9698672], [151.1160035, -33.9698604], [151.1164153, -33.9698402], [151.1168556, -33.9697876], [151.1173223, -33.9696862], [151.1185328, -33.9694521], [151.1197131, -33.9692255], [151.1209459, -33.9689791], [151.1212394, -33.9689189], [151.1221305, -33.9687422], [151.1227121, -33.9686293], [151.1232138, -33.9685308], [151.1239737, -33.9683809], [151.1245233, -33.9682694], [151.1250803, -33.968159], [151.1256041, -33.9680525], [151.1266334, -33.9678373], [151.1278017, -33.9675665], [151.1283304, -33.967411], [151.1285439, -33.9673352], [151.1287072, -33.9672721], [151.1291501, -33.9670831], [151.1295648, -33.9668682], [151.1298104, -33.9667189], [151.1299628, -33.9666214], [151.130321, -33.9663642], [151.1306669, -33.9660764], [151.1309789, -33.9657757], [151.1310128, -33.9657379], [151.1312807, -33.9654365], [151.1313112, -33.9653982], [151.1314442, -33.9652285], [151.1315305, -33.965109], [151.1317607, -33.9647538], [151.1319307, -33.9644332], [151.1320898, -33.9640606], [151.132224, -33.9636893], [151.132338, -33.9633292]], [[151.132338, -33.9633292], [151.1324204, -33.9630687], [151.1325788, -33.9625583]], [[151.1325788, -33.9625583], [151.1328423, -33.9617169]], [[151.1328423, -33.9617169], [151.1329332, -33.9614263], [151.1329375, -33.9614125], [151.1329639, -33.961323], [151.1331295, -33.9607544], [151.1334828, -33.9596448], [151.1338316, -33.958579], [151.1340152, -33.9580537], [151.1342057, -33.9575284], [151.1342814, -33.9573407], [151.1343959, -33.9570639]], [[151.1343959, -33.9570639], [151.1344697, -33.9568781]], [[151.1344697, -33.9568781], [151.1345961, -33.9565741], [151.1347447, -33.95624], [151.1349719, -33.9557663], [151.1354392, -33.9548443], [151.1359767, -33.9537854], [151.1362002, -33.9533756], [151.136342, -33.9530794], [151.1365537, -33.9526505], [151.1368837, -33.9520198], [151.1372643, -33.9513096], [151.1374168, -33.9510259], [151.1378033, -33.9502888], [151.1382553, -33.9494379], [151.1386523, -33.9486936], [151.1391892, -33.9476771], [151.1394898, -33.9471194], [151.1396648, -33.9467922], [151.1397331, -33.9466645]], [[151.1397331, -33.9466645], [151.1399672, -33.9462393], [151.140072, -33.9460661], [151.140124, -33.9459831]], [[151.140124, -33.9459831], [151.1401713, -33.9459075], [151.1403985, -33.9455128], [151.1408486, -33.9446782], [151.1408894, -33.9446039]], [[151.1408894, -33.9446039], [151.1409249, -33.9445373], [151.141001, -33.9443981]], [[151.141001, -33.9443981], [151.1411262, -33.9441659]], [[151.1411262, -33.9441659], [151.1413073, -33.9438343], [151.1415221, -33.9435032], [151.1417759, -33.9431631], [151.142073, -33.9428103], [151.1424006, -33.9424684], [151.1427737, -33.9421337], [151.1431598, -33.9418278], [151.1436392, -33.9414498], [151.1441035, -33.9410827], [151.1445156, -33.9407444], [151.1448735, -33.9404276], [151.1452054, -33.9400983], [151.1455178, -33.9397474], [151.1458237, -33.9393371]], [[151.1458237, -33.9393371], [151.1460428, -33.9390275]], [[151.1460428, -33.9390275], [151.1462814, -33.9386532], [151.1464983, -33.9382392], [151.1466249, -33.9379791]], [[151.1466249, -33.9379791], [151.1467217, -33.9377803], [151.146948, -33.9373388], [151.1470497, -33.9371282], [151.1475112, -33.9361662], [151.1476683, -33.9358416], [151.1479103, -33.9353417], [151.1484853, -33.9341233], [151.1486176, -33.9338515]], [[151.1486176, -33.9338515], [151.1487261, -33.9336301]], [[151.1487261, -33.9336301], [151.1489257, -33.933218], [151.1491166, -33.9328346], [151.1493313, -33.9324602], [151.149583, -33.9321021], [151.1498606, -33.9317655], [151.1503672, -33.9312789], [151.1504708, -33.9311824], [151.1505688, -33.9310874], [151.1509689, -33.9306997]], [[151.1509689, -33.9306997], [151.151069, -33.9306023]], [[151.151069, -33.9306023], [151.1513514, -33.9303347], [151.1517593, -33.9299428], [151.1521112, -33.9296009]], [[151.1521112, -33.9296009], [151.1521752, -33.9295401], [151.1523813, -33.9293449], [151.1526575, -33.9290792], [151.1530119, -33.9287399], [151.1532485, -33.9285118], [151.1538937, -33.9278911], [151.1541784, -33.9276176], [151.1543031, -33.9274981], [151.1543864, -33.9274224], [151.1547152, -33.9271293], [151.1548043, -33.9270456], [151.1550597, -33.9267739], [151.1552487, -33.9265291]], [[151.1552487, -33.9265291], [151.1557442, -33.9259268]], [[151.1557442, -33.9259268], [151.1558464, -33.9257931], [151.1560298, -33.9255448], [151.1561268, -33.9253908], [151.1562679, -33.9251395], [151.1563457, -33.9249888], [151.1564353, -33.9247843], [151.1565071, -33.9245997], [151.1565659, -33.9244133], [151.1566138, -33.9242366], [151.1566453, -33.9240911], [151.1566691, -33.9239678], [151.1566706, -33.9239579], [151.1566845, -33.9238668], [151.1566994, -33.9237692], [151.156726, -33.9235161]], [[151.156726, -33.9235161], [151.1567404, -33.9233786], [151.1567673, -33.9231688], [151.1567825, -33.9230354]], [[151.1567825, -33.9230354], [151.1567962, -33.9229404], [151.1568537, -33.9227157], [151.156876, -33.9225981], [151.1569465, -33.9223486], [151.156992, -33.922217]], [[151.156992, -33.922217], [151.1570595, -33.9220217]], [[151.1570595, -33.9220217], [151.1572062, -33.9216902]], [[151.1572062, -33.9216902], [151.1573426, -33.9214316], [151.1574945, -33.921171]], [[151.1574945, -33.921171], [151.1576432, -33.9209412], [151.1578804, -33.9206305], [151.1582144, -33.9202315], [151.1585234, -33.9199218], [151.1588841, -33.9196155], [151.1592604, -33.9193196], [151.159935, -33.9188799], [151.161009, -33.9181662], [151.1624946, -33.9171777], [151.1627861, -33.9169838]], [[151.1627861, -33.9169838], [151.1632314, -33.9166916], [151.1636463, -33.9164179]], [[151.1636463, -33.9164179], [151.1637158, -33.9163722], [151.1638694, -33.9162711], [151.1650024, -33.9155726], [151.1652036, -33.9154503]], [[151.1652036, -33.9154503], [151.1655234, -33.9152774], [151.1658894, -33.9150932]], [[151.1658894, -33.9150932], [151.1660859, -33.9149838], [151.1661339, -33.9149591], [151.1662757, -33.9148806]], [[151.1662757, -33.9148806], [151.1663703, -33.9148254], [151.1664975, -33.9147498], [151.1666045, -33.914681], [151.1666838, -33.914623], [151.1667451, -33.914578], [151.1668157, -33.9145251], [151.1668752, -33.914478], [151.1670161, -33.9143586], [151.1672256, -33.9141809], [151.1672556, -33.91415], [151.1673589, -33.914058], [151.1674912, -33.9139461], [151.1677606, -33.9137169]], [[151.1677606, -33.9137169], [151.1678462, -33.9136472], [151.1681944, -33.9133829], [151.1688507, -33.9129445], [151.1693028, -33.9126411], [151.1697052, -33.9123774]], [[151.1697052, -33.9123774], [151.1701335, -33.9120977], [151.1712283, -33.9113671], [151.1728488, -33.9102935], [151.1733123, -33.9099884], [151.1738166, -33.9096743], [151.1742669, -33.9094168], [151.1746849, -33.9092011], [151.1749155, -33.9090924], [151.1755221, -33.9088085], [151.1758731, -33.9086623], [151.1763174, -33.9084983], [151.1767379, -33.9083641], [151.1780473, -33.9080154], [151.1786051, -33.9078668], [151.1789044, -33.9077879]], [[151.1789044, -33.9077879], [151.1794964, -33.9076294], [151.1805368, -33.9073505], [151.1808386, -33.9072619], [151.1810196, -33.9071994], [151.1812577, -33.907114]], [[151.1812577, -33.907114], [151.1817133, -33.9069168]], [[151.1817133, -33.9069168], [151.1817971, -33.9068741], [151.1820786, -33.9067289], [151.1823876, -33.906551], [151.1826798, -33.9063601], [151.1829457, -33.9061593], [151.1831925, -33.9059466], [151.1834584, -33.9056981], [151.1836476, -33.9054983], [151.1837626, -33.905371], [151.183835, -33.9052819]], [[151.183835, -33.9052819], [151.1839005, -33.9051934]], [[151.1839005, -33.9051934], [151.1839937, -33.9050658], [151.1842057, -33.9047338], [151.1843758, -33.9044018], [151.1844429, -33.9042363]], [[151.1844429, -33.9042363], [151.1844986, -33.9040649], [151.1845452, -33.9039332]], [[151.1845452, -33.9039332], [151.1845899, -33.9037792]], [[151.1845899, -33.9037792], [151.1846252, -33.9036627], [151.1847435, -33.9032546], [151.1849148, -33.9025914]], [[151.1849148, -33.9025914], [151.1849759, -33.9023916]], [[151.1849759, -33.9023916], [151.1850723, -33.9020276], [151.1854836, -33.9004389], [151.1855154, -33.9003071], [151.1855513, -33.9001898], [151.1856457, -33.899903]], [[151.1856457, -33.899903], [151.1857332, -33.8997158], [151.1857886, -33.8996258], [151.185814, -33.8995889], [151.185861, -33.8995208], [151.1859698, -33.8993834], [151.1861364, -33.8992182], [151.186291, -33.8990888], [151.1863333, -33.8990533], [151.1865732, -33.898868]], [[151.1865732, -33.898868], [151.1867378, -33.8987602], [151.1870219, -33.8985932], [151.1873453, -33.8984344], [151.1875995, -33.8983321]], [[151.1875995, -33.8983321], [151.1879162, -33.8982046], [151.1881693, -33.8981056], [151.1884837, -33.8979942]], [[151.1884837, -33.8979942], [151.1888989, -33.8978429], [151.1892794, -33.8977414], [151.1896074, -33.8976682], [151.1899046, -33.8976107], [151.190205, -33.8975711], [151.1905686, -33.8975378], [151.1907623, -33.8975301], [151.1915931, -33.8975058], [151.1932206, -33.8974698], [151.1946056, -33.8974402], [151.1951586, -33.8974171], [151.1955167, -33.8973752], [151.1957599, -33.8973388], [151.1961267, -33.8972547], [151.196546, -33.8971192], [151.196855, -33.8969808], [151.1971157, -33.8968336], [151.1973776, -33.8966527], [151.1976529, -33.8964197], [151.1978869, -33.8961799], [151.1980395, -33.8959812], [151.1981706, -33.895783], [151.1982708, -33.8955925], [151.1984012, -33.8952904], [151.1984888, -33.8949718], [151.1985798, -33.8943074], [151.1986826, -33.893675], [151.1987464, -33.8934036], [151.1988246, -33.8931528], [151.1989274, -33.8928967], [151.1990468, -33.8926389], [151.1991934, -33.8923813], [151.1993893, -33.8920837], [151.1995367, -33.8918911], [151.1996782, -33.8917313], [151.1999414, -33.8914675], [151.2001706, -33.8912654], [151.2002166, -33.8912292], [151.2004993, -33.891007], [151.2013055, -33.8904464], [151.2023909, -33.8896994], [151.2029155, -33.8893005], [151.2034096, -33.8888833], [151.2042289, -33.8881508], [151.2043515, -33.8880294], [151.2047179, -33.8876728], [151.2047501, -33.8876402], [151.2050843, -33.8873019], [151.2056598, -33.8866949], [151.2061093, -33.8861313], [151.2063846, -33.8857488], [151.20673, -33.8852958], [151.206772, -33.8852476], [151.2076612, -33.8841263], [151.2078638, -33.8838317], [151.2078799, -33.8838082]], [[151.2078799, -33.8838082], [151.208009, -33.8836248], [151.2080928, -33.8834665], [151.20822, -33.8831328], [151.2083093, -33.8828034], [151.2083391, -33.8825311], [151.2083325, -33.8822725], [151.2083023, -33.8820495], [151.2081444, -33.8815183], [151.2080085, -33.8812548], [151.2077902, -33.8809383], [151.2075025, -33.8806166], [151.2071467, -33.880331], [151.2070556, -33.8802579], [151.2068952, -33.8801267], [151.2066306, -33.8799103], [151.2064205, -33.8796788], [151.2061831, -33.8793832], [151.2060397, -33.8791463], [151.2059106, -33.878893], [151.2057627, -33.8784726], [151.2057072, -33.8781016], [151.2057145, -33.8775302], [151.2057908, -33.8771532], [151.2059378, -33.8767691]], [[151.2059378, -33.8767691], [151.2061038, -33.8764388], [151.2064293, -33.8759495]], [[151.2064293, -33.8759495], [151.2065269, -33.8757829], [151.2065534, -33.8757171], [151.2065848, -33.8756399], [151.2066179, -33.8755503], [151.2066518, -33.8754093], [151.2066844, -33.8752319], [151.2067078, -33.8750662], [151.2067153, -33.8750101]], [[151.2067153, -33.8750101], [151.2067363, -33.8748577], [151.2067549, -33.8747256], [151.2067679, -33.874638], [151.2067903, -33.8744723], [151.2068108, -33.8743295], [151.2070085, -33.8729041], [151.207018, -33.8728298], [151.2070261, -33.8727737], [151.2070345, -33.872719], [151.2070567, -33.872603], [151.2071038, -33.8724433], [151.2071714, -33.8722784]], [[151.2071714, -33.8722784], [151.207267, -33.8720754], [151.2073816, -33.8718509], [151.2075777, -33.8714575], [151.2076194, -33.8713687], [151.2076829, -33.8712039], [151.2077184, -33.8711058], [151.2078513, -33.8707124]], [[151.2078513, -33.8707124], [151.2079955, -33.8701289], [151.2081347, -33.8695642], [151.208214, -33.8693426], [151.2083287, -33.8691039], [151.208475, -33.8688741], [151.2086183, -33.8686923], [151.2088484, -33.8684548], [151.2088507, -33.868453], [151.209024, -33.8683194], [151.2090337, -33.8683119], [151.2092291, -33.8681714], [151.2094575, -33.8680468], [151.2096691, -33.8679509], [151.2098489, -33.8678888], [151.209994, -33.8678395]], [[151.209994, -33.8678395], [151.210187, -33.8677914], [151.2102935, -33.8677683], [151.2104647, -33.8677407], [151.2105482, -33.8677297], [151.2107053, -33.8677152], [151.2107731, -33.867711], [151.2108905, -33.8677078], [151.2110196, -33.8677066], [151.2111228, -33.8677108], [151.2113973, -33.8677297], [151.2117522, -33.8677621], [151.2128166, -33.8678541]], [[151.2128166, -33.8678541], [151.2130497, -33.8678753], [151.2132323, -33.8678942], [151.2135217, -33.8679296], [151.2136855, -33.8679566], [151.2138866, -33.8679959], [151.2140796, -33.8680352], [151.2142982, -33.8680952], [151.214366, -33.868111], [151.2145371, -33.868161], [151.2148239, -33.8682592], [151.2150365, -33.8683462], [151.2152362, -33.868433], [151.2155488, -33.8685852], [151.2158479, -33.8687563], [151.2159746, -33.8688398], [151.2162078, -33.8690012], [151.2162898, -33.86906], [151.216474, -33.8692129], [151.2166029, -33.8693225], [151.2168161, -33.8695272], [151.2169093, -33.8696233]], [[151.2169093, -33.8696233], [151.2169878, -33.8697045], [151.2170358, -33.8697571], [151.217085, -33.8698154], [151.2171518, -33.8698958], [151.2172341, -33.8700007], [151.2173135, -33.8701181]], [[151.2173135, -33.8701181], [151.2173615, -33.8701875], [151.2174408, -33.8703017], [151.2174984, -33.8703878], [151.2176489, -33.8706095], [151.218044, -33.8711863], [151.2186631, -33.8721034], [151.2187833, -33.8722581], [151.2189092, -33.8724161], [151.2190313, -33.8725563], [151.219119, -33.8726468], [151.2192052, -33.8727298], [151.2193048, -33.8728165], [151.2193632, -33.8728677], [151.2194917, -33.8729675], [151.2195572, -33.8730157], [151.2196527, -33.8730855], [151.219741, -33.8731456], [151.2198211, -33.8731968]], [[151.2198211, -33.8731968], [151.219905, -33.8732518], [151.2200791, -33.8733437], [151.2202282, -33.8734223], [151.2203703, -33.8734949], [151.2205614, -33.873596]], [[151.2205614, -33.873596], [151.2206388, -33.8736343], [151.2210044, -33.8738064], [151.2210341, -33.8738204]], [[151.2210341, -33.8738204], [151.2231242, -33.8748223], [151.2231859, -33.8748518], [151.2236561, -33.8750766], [151.2254497, -33.8759327], [151.2260842, -33.8762273], [151.2266542, -33.8764262], [151.2269221, -33.8764939]], [[151.2269221, -33.8764939], [151.2270198, -33.8765133], [151.2272102, -33.8765499], [151.2275106, -33.8765954], [151.2278435, -33.8766438]], [[151.2278435, -33.8766438], [151.2280646, -33.8766737], [151.2282857, -33.8767035]], [[151.2282857, -33.8767035], [151.2296114, -33.8768836], [151.2306017, -33.8770195], [151.2311956, -33.8771104], [151.2313241, -33.8771363], [151.2314714, -33.8771702], [151.231664, -33.8772182], [151.231807, -33.8772567], [151.2319156, -33.8772925]], [[151.2319156, -33.8772925], [151.2321401, -33.8773713], [151.2323987, -33.8774826], [151.2325272, -33.8775456], [151.2326726, -33.8776197], [151.2328106, -33.8776977], [151.2330855, -33.8778711], [151.2333542, -33.8780555], [151.2333794, -33.8780727]], [[151.2333794, -33.8780727], [151.2337307, -33.8783114], [151.233761, -33.8783318]], [[151.233761, -33.8783318], [151.2338892, -33.8784139], [151.2340087, -33.8784887], [151.2341617, -33.8785787], [151.2342615, -33.8786293]], [[151.2342615, -33.8786293], [151.234428, -33.8787221], [151.234601, -33.8788012], [151.23478, -33.8788714], [151.2350201, -33.8789526], [151.2352738, -33.8790254], [151.2355375, -33.8790865], [151.2369714, -33.87935], [151.2371474, -33.8793832], [151.2376067, -33.87948], [151.2379858, -33.8795805]], [[151.2379858, -33.8795805], [151.2382448, -33.879666], [151.2384987, -33.8797593], [151.2387789, -33.8798921], [151.239334, -33.8801952], [151.239967, -33.880631], [151.2404634, -33.8810793], [151.240863, -33.8814974], [151.2414732, -33.8820948], [151.2421836, -33.882834], [151.2424777, -33.8832316], [151.242738, -33.8837411], [151.2428577, -33.8840264], [151.242952, -33.8843212], [151.2429966, -33.8845865], [151.2430018, -33.8846176]], [[151.2430018, -33.8846176], [151.243022, -33.8849342], [151.2430211, -33.8851485], [151.2430168, -33.885343], [151.2429612, -33.886134]], [[151.2429612, -33.886134], [151.2429484, -33.886291], [151.2429316, -33.886498], [151.2429192, -33.8866796], [151.2429075, -33.8868835]], [[151.2429075, -33.8868835], [151.2429108, -33.8871653], [151.2429286, -33.8874518], [151.242971, -33.8876811], [151.2430446, -33.8879638], [151.2431294, -33.8882004], [151.2432104, -33.8883961], [151.243321, -33.8886093], [151.2434639, -33.8888434], [151.2436648, -33.8891085], [151.2438597, -33.8893274], [151.2439966, -33.8894785], [151.2442182, -33.8896674], [151.2444365, -33.8898278], [151.2448012, -33.8900606], [151.2450222, -33.8901752], [151.2451982, -33.8902665], [151.2455393, -33.8903936], [151.2458906, -33.8905088], [151.2466495, -33.8906925], [151.2467756, -33.8907204], [151.2472662, -33.8908288]], [[151.2472662, -33.8908288], [151.2473951, -33.8908598], [151.2474999, -33.890885]], [[151.2474999, -33.890885], [151.2475309, -33.8908919], [151.2477012, -33.8909298], [151.2480596, -33.8910095], [151.2487161, -33.8911555], [151.2493056, -33.8912865], [151.2493406, -33.8912943]], [[151.2493406, -33.8912943], [151.2495482, -33.8913405], [151.2496094, -33.8913553], [151.2499891, -33.8914469]]]}}, {"type": "Feature", "properties": {"name": "Cumberland Line", "ref": "T5", "mode": "train", "network": "Sydney Trains", "from": "Leppington", "to": "Richmond"}, "geometry": {"type": "MultiLineString", "coordinates": [[[150.8036241, -33.9536447], [150.8044998, -33.9537918], [150.8057793, -33.9540151]], [[150.8057793, -33.9540151], [150.8069777, -33.9542172], [150.8071401, -33.9542473]], [[150.8094957, -33.9546499], [150.809133, -33.9545883], [150.8089321, -33.9545537], [150.8084854, -33.9544777], [150.808048, -33.9544029], [150.8076063, -33.9543272], [150.8071401, -33.9542473]], [[150.8094957, -33.9546499], [150.8099072, -33.9547199], [150.8104506, -33.9547996], [150.811064, -33.9548576], [150.8113972, -33.9548697], [150.8116823, -33.9548742]], [[150.8116823, -33.9548742], [150.8125383, -33.9548866], [150.8141198, -33.9548897], [150.8149648, -33.9548952]], [[150.8149648, -33.9548952], [150.8160706, -33.9548891]], [[150.8160706, -33.9548891], [150.8168452, -33.9549015]], [[150.8168452, -33.9549015], [150.8174097, -33.9549124], [150.8175319, -33.9549147]], [[150.8175319, -33.9549147], [150.8182304, -33.9549069], [150.8186734, -33.9548772], [150.8194019, -33.9548089], [150.8198057, -33.9547592], [150.8201682, -33.9547047], [150.8209079, -33.9545689], [150.8220509, -33.9542951], [150.8225167, -33.9541736], [150.8230255, -33.9540498]], [[150.8230255, -33.9540498], [150.823275, -33.9539866], [150.8276652, -33.9528749], [150.8292171, -33.9524838], [150.8307333, -33.9520837], [150.8313663, -33.951932]], [[150.8313663, -33.951932], [150.831725, -33.9518554], [150.8320338, -33.9518002], [150.8325941, -33.9517357], [150.8331166, -33.9516962], [150.8336404, -33.9516751], [150.8341931, -33.9516834], [150.8344826, -33.9516994], [150.8347708, -33.9517285], [150.8352631, -33.9517852], [150.835539, -33.9518294], [150.8357147, -33.9518576]], [[150.8357147, -33.9518576], [150.8359893, -33.9519131], [150.8362446, -33.951971], [150.8364859, -33.9520333], [150.8368893, -33.9521468]], [[150.8368893, -33.9521468], [150.8371437, -33.9522357], [150.8375604, -33.952379], [150.8380109, -33.9525677], [150.8384518, -33.952779], [150.8388819, -33.9530115], [150.8392973, -33.9532665], [150.8396874, -33.9535353], [150.8400645, -33.9538276], [150.8404194, -33.9541311], [150.8406837, -33.9543871], [150.8408918, -33.9546033], [150.8410896, -33.9548273], [150.8412802, -33.9550573], [150.8414623, -33.9552961], [150.8418666, -33.9558973], [150.84211, -33.9563432], [150.8424231, -33.9570835], [150.8431408, -33.9589749], [150.8433869, -33.9596206], [150.8438123, -33.9606384], [150.8439319, -33.9608718], [150.8443345, -33.9615601], [150.8444946, -33.961798]], [[150.8444946, -33.961798], [150.8450286, -33.9624873]], [[150.8450286, -33.9624873], [150.8455109, -33.9630112], [150.8458399, -33.9633263], [150.8462171, -33.9636533], [150.8470794, -33.9642916], [150.8486618, -33.9653247], [150.849924, -33.9661597], [150.8509921, -33.966819], [150.8518015, -33.9672719], [150.852692, -33.9676898], [150.8535692, -33.9680203]], [[150.8535692, -33.9680203], [150.8541428, -33.9682081], [150.855092, -33.9684703], [150.8561444, -33.9686994]], [[150.8561444, -33.9686994], [150.8577636, -33.9690302], [150.8595023, -33.9694258], [150.8599126, -33.9695159]], [[150.8599126, -33.9695159], [150.8623775, -33.9701271], [150.8659508, -33.9709278]], [[150.8659508, -33.9709278], [150.868559, -33.9715213]], [[150.868559, -33.9715213], [150.8709348, -33.9720586], [150.8716891, -33.972223], [150.8727769, -33.9724515]], [[150.8727769, -33.9724515], [150.8736391, -33.9726401]], [[150.8736391, -33.9726401], [150.8754902, -33.9730834], [150.8760702, -33.9732132]], [[150.8760702, -33.9732132], [150.8770617, -33.9734351], [150.8791272, -33.9739396], [150.8801711, -33.9743096], [150.8813575, -33.9748024], [150.8823827, -33.9752442], [150.8830934, -33.9755339]], [[150.8830934, -33.9755339], [150.8843291, -33.976061]], [[150.8843291, -33.976061], [150.8846844, -33.976206], [150.8850165, -33.9763075], [150.8853175, -33.9763813], [150.885812, -33.9764579]], [[150.885812, -33.9764579], [150.8861162, -33.9764786], [150.8863618, -33.9764871], [150.8866193, -33.97648], [150.8868388, -33.9764623]], [[150.8868388, -33.9764623], [150.8873037, -33.9764074], [150.8876245, -33.9763347], [150.8882029, -33.9761201]], [[150.8882029, -33.9761201], [150.8884229, -33.9760199], [150.8888051, -33.975813], [150.88898, -33.9756974], [150.8892743, -33.9754831], [150.8896682, -33.9751359], [150.8900697, -33.9747755]], [[150.8900697, -33.9747755], [150.8905486, -33.9743518], [150.8910168, -33.973935]], [[150.8910168, -33.973935], [150.891543, -33.9735441], [150.891952, -33.9732127]], [[150.891952, -33.9732127], [150.8924027, -33.9728169], [150.8927649, -33.9725005], [150.893496, -33.9718479], [150.8935479, -33.9718016], [150.8935949, -33.9717597]], [[150.8935949, -33.9717597], [150.894027, -33.9713818], [150.8941705, -33.9712551], [150.8945642, -33.9709076], [150.8951542, -33.9703924]], [[150.8951542, -33.9703924], [150.8958884, -33.9697404], [150.8967819, -33.9689466], [150.8970224, -33.968735]], [[150.8970224, -33.968735], [150.8975782, -33.9682458], [150.8979289, -33.9679365], [150.8981974, -33.9677001], [150.8989515, -33.9670338]], [[150.8989515, -33.9670338], [150.8992194, -33.9667895]], [[150.8992194, -33.9667895], [150.8996171, -33.9664267], [150.9006372, -33.9655206], [150.9011985, -33.9650275], [150.9016212, -33.964649], [150.9020359, -33.9642848], [150.9024832, -33.9638902], [150.9065211, -33.9603217], [150.9083365, -33.9587173], [150.9087486, -33.9583352], [150.9091385, -33.9579381], [150.9095082, -33.9575259], [150.9098557, -33.9571053]], [[150.9098557, -33.9571053], [150.9102012, -33.9566763], [150.9105224, -33.9562322], [150.9108274, -33.9557815], [150.9110921, -33.9553408], [150.9113244, -33.9549118], [150.911486, -33.9545448], [150.9116173, -33.954156], [150.9117082, -33.9537656], [150.9117628, -33.9533701], [150.911783, -33.9529713], [150.9117648, -33.9525356], [150.9117486, -33.9524166]], [[150.9117486, -33.9524166], [150.9117062, -33.9519842]], [[150.9117062, -33.9519842], [150.9116759, -33.9515921], [150.9116618, -33.9512251], [150.9116889, -33.9508409], [150.9117008, -33.9507493], [150.9117202, -33.9506175], [150.9117375, -33.9505138], [150.9117689, -33.9503754], [150.9118255, -33.9501554], [150.9118872, -33.9499639], [150.9119674, -33.9497487], [150.9120319, -33.9495877], [150.912151, -33.9493091], [150.9122003, -33.9492008], [150.9123699, -33.9488823], [150.9126204, -33.9484399], [150.9128962, -33.9480227], [150.9132076, -33.9476009], [150.9135504, -33.9471885], [150.9139304, -33.9467737], [150.914339, -33.9463471], [150.9146732, -33.9459655], [150.914956, -33.9456057], [150.9152166, -33.9452236], [150.915455, -33.9448147], [150.9157176, -33.9443085], [150.9175001, -33.9407273]], [[150.9175001, -33.9407273], [150.9177279, -33.9402709]], [[150.9177279, -33.9402709], [150.9188921, -33.9379219]], [[150.9188921, -33.9379219], [150.9190097, -33.9376847]], [[150.9190097, -33.9376847], [150.9192275, -33.9372452]], [[150.9192275, -33.9372452], [150.9193468, -33.9369946]], [[150.9193468, -33.9369946], [150.9220976, -33.931462], [150.9223394, -33.9309944], [150.9226504, -33.9304966]], [[150.9226504, -33.9304966], [150.9229125, -33.930083]], [[150.9229125, -33.930083], [150.9231599, -33.9296925]], [[150.9231599, -33.9296925], [150.923424, -33.9293229], [150.9237156, -33.9289333], [150.9240448, -33.9285304], [150.9255652, -33.9267747]], [[150.9255652, -33.9267747], [150.9258852, -33.9264133], [150.9259839, -33.9262994]], [[150.9259839, -33.9262994], [150.9263353, -33.9258963], [150.9273375, -33.9247466]], [[150.9273375, -33.9247466], [150.9277033, -33.9243269]], [[150.9277033, -33.9243269], [150.9279349, -33.9240513], [150.9281374, -33.9238414], [150.9283679, -33.9236142], [150.9286485, -33.923365], [150.9289602, -33.9231038], [150.9292515, -33.9229032], [150.9293912, -33.9227974], [150.9298924, -33.9224866], [150.93048, -33.9221487], [150.9309344, -33.9218699], [150.9313307, -33.9216074], [150.9317585, -33.9212769], [150.9317936, -33.9212434], [150.9321588, -33.9209299], [150.9324882, -33.9206145], [150.9328357, -33.92025], [150.9331467, -33.9198841], [150.9334595, -33.9194637], [150.9336592, -33.9191217], [150.9338195, -33.918799], [150.9339956, -33.9183727], [150.9341325, -33.9179043]], [[150.9341325, -33.9179043], [150.9342283, -33.9174783], [150.9344176, -33.9165495], [150.9348838, -33.9142336]], [[150.9348838, -33.9142336], [150.9348898, -33.9142039], [150.9351575, -33.9128911], [150.9352068, -33.9126459]], [[150.9352068, -33.9126459], [150.9353014, -33.9121755], [150.9366999, -33.9052567], [150.9368756, -33.9044409]], [[150.9368756, -33.9044409], [150.9371076, -33.9033113]], [[150.9371076, -33.9033113], [150.9371579, -33.9030435]], [[150.9371579, -33.9030435], [150.9372405, -33.9026308]], [[150.9372405, -33.9026308], [150.9384548, -33.8966353]], [[150.9384548, -33.8966353], [150.9385505, -33.8961636], [150.9386399, -33.8957221], [150.9387872, -33.8949941], [150.9387915, -33.8949772], [150.9389167, -33.8944824], [150.9389614, -33.8943311], [150.9390463, -33.8940437]], [[150.9390463, -33.8940437], [150.9391905, -33.8935786], [150.9392857, -33.893286], [150.9394054, -33.8929498]], [[150.9394054, -33.8929498], [150.9395371, -33.8926339], [150.9397, -33.8922888], [150.9400708, -33.8915496]], [[150.9400708, -33.8915496], [150.9402507, -33.8912212], [150.9404602, -33.8908967], [150.9407053, -33.8905812], [150.9409938, -33.890245], [150.9413941, -33.8897853]], [[150.9413941, -33.8897853], [150.9433603, -33.8875182]], [[150.9433603, -33.8875182], [150.9439325, -33.8868613], [150.9439762, -33.8868106], [150.944495, -33.8862098], [150.9445664, -33.8861285]], [[150.9445664, -33.8861285], [150.9445828, -33.8861094], [150.9447163, -33.8859662]], [[150.9447163, -33.8859662], [150.9451792, -33.885434]], [[150.9451792, -33.885434], [150.9549345, -33.8741716], [150.9551791, -33.8739326], [150.9553193, -33.8737955], [150.9555892, -33.8735302], [150.9558142, -33.8733285], [150.9561819, -33.8730021]], [[150.9561819, -33.8730021], [150.9565511, -33.8727097], [150.956849, -33.8724984], [150.9569503, -33.8724301], [150.9572616, -33.8722202], [150.9576727, -33.8719626], [150.95785, -33.8718532], [150.958024, -33.8717518], [150.9581157, -33.871702]], [[150.9581157, -33.871702], [150.9584826, -33.8715027], [150.9590351, -33.8712023], [150.9611872, -33.8700321]], [[150.9611872, -33.8700321], [150.9616223, -33.8697955]], [[150.9616223, -33.8697955], [150.9635548, -33.8687447], [150.9636172, -33.8687108], [150.9642316, -33.8683767]], [[150.9642316, -33.8683767], [150.9644991, -33.8682313]], [[150.9644991, -33.8682313], [150.9701774, -33.8651436]], [[150.9701774, -33.8651436], [150.9716344, -33.8643513], [150.9718205, -33.8642501]], [[150.9718205, -33.8642501], [150.9762945, -33.8618172], [150.9768619, -33.8615087]], [[150.9768619, -33.8615087], [150.9770329, -33.8614156]], [[150.9770329, -33.8614156], [150.9784411, -33.8606498], [150.9789267, -33.8603677], [150.9794045, -33.8600688], [150.9798606, -33.8597648], [150.9803089, -33.8594195], [150.9807325, -33.8590627], [150.9811467, -33.8586801], [150.9815361, -33.8582936], [150.9819096, -33.8578934], [150.982255, -33.8574572], [150.9827384, -33.8568043], [150.9830657, -33.8563302], [150.9838415, -33.8552118]], [[150.9838415, -33.8552118], [150.9847297, -33.8539312], [150.9848174, -33.8538048]], [[150.9848174, -33.8538048], [150.985996, -33.8521057]], [[150.985996, -33.8521057], [150.9888999, -33.847919]], [[150.9888999, -33.847919], [150.9902766, -33.8459341], [150.9904674, -33.8456583], [150.9906334, -33.8454071], [150.9907932, -33.8451275], [150.9909235, -33.8448582], [150.9910352, -33.8445631], [150.9911205, -33.8442745], [150.9911841, -33.8439691], [150.9912167, -33.8436882], [150.9912229, -33.8433983], [150.9912074, -33.8430903], [150.9911578, -33.8427914], [150.9910864, -33.8425079], [150.9909871, -33.8422141], [150.9908707, -33.8419268], [150.9907559, -33.8416278], [150.9906458, -33.8412954], [150.9905729, -33.8410029], [150.9905155, -33.8406962], [150.9904845, -33.8403999], [150.9904736, -33.8400996], [150.9904876, -33.8397929], [150.9905263, -33.839503], [150.9905915, -33.8391925], [150.9906737, -33.8389038], [150.9907885, -33.8386139], [150.9909297, -33.8383368], [150.9910864, -33.8380637], [150.9912788, -33.8377853], [150.9914835, -33.8375353], [150.9917364, -33.8372776], [150.9919924, -33.8370495], [150.9921903, -33.8368945]], [[150.9921903, -33.8368945], [150.9923435, -33.8367745], [150.9924576, -33.8366852], [150.9934517, -33.8358894], [150.9935531, -33.8358082]], [[150.9935531, -33.8358082], [150.9941145, -33.8353588]], [[150.9941145, -33.8353588], [150.9948022, -33.8348082]], [[150.9948022, -33.8348082], [150.9948905, -33.8347376]], [[150.9948905, -33.8347376], [150.9963443, -33.8335738], [150.9972825, -33.8328227], [150.9980522, -33.8322066]], [[150.9980522, -33.8322066], [150.9984385, -33.8318977], [150.9986956, -33.8316917], [150.9989707, -33.8314753], [150.9992278, -33.8312682]], [[150.9992278, -33.8312682], [150.9995252, -33.8310326], [150.9998659, -33.8307618], [151.0002302, -33.8305031], [151.0005744, -33.8302838], [151.0009603, -33.8300801], [151.0013539, -33.8298996], [151.0017698, -33.8297399], [151.0022017, -33.8295998], [151.0026391, -33.8294899], [151.0030996, -33.8294019], [151.0035643, -33.8293452], [151.0040446, -33.8293196]], [[151.0040446, -33.8293196], [151.0045062, -33.8293064]], [[151.0045062, -33.8293064], [151.0046119, -33.829303], [151.0048842, -33.8292964]], [[151.0048842, -33.8292964], [151.0052229, -33.8292711]], [[151.0052229, -33.8292711], [151.0055363, -33.8292245], [151.0057437, -33.8291734], [151.0060178, -33.8290698], [151.0062546, -33.8289569], [151.0064274, -33.8288591], [151.0066204, -33.8287104], [151.0067861, -33.8285431]], [[151.0067861, -33.8285431], [151.0068761, -33.8284368], [151.0069507, -33.8283225]], [[151.0069507, -33.8283225], [151.0070572, -33.8281234], [151.0071369, -33.8279159], [151.0071889, -33.8277024], [151.0072126, -33.8274854], [151.0072075, -33.8272738]], [[151.0072075, -33.8272738], [151.0071944, -33.8270596], [151.0071686, -33.826777]], [[151.0071686, -33.826777], [151.0071526, -33.8265663], [151.0071289, -33.8263117], [151.0071066, -33.8259494], [151.0071052, -33.8258013], [151.007117, -33.8254899]], [[151.007117, -33.8254899], [151.0071472, -33.8251838]], [[151.0071472, -33.8251838], [151.0071732, -33.8248061], [151.0072053, -33.8246109]], [[151.0072053, -33.8246109], [151.0072199, -33.8245209], [151.0072369, -33.8244382]], [[151.0072369, -33.8244382], [151.0072846, -33.8241781], [151.0073587, -33.8238499], [151.0074171, -33.8236092], [151.0075121, -33.8232777], [151.0075179, -33.8232581], [151.0075836, -33.8230355], [151.007655, -33.8227542], [151.007693, -33.8225622], [151.0077106, -33.8224762]], [[151.0077106, -33.8224762], [151.0077283, -33.8223839], [151.0077582, -33.8221245], [151.0077646, -33.8220683], [151.0077813, -33.8219142], [151.0077833, -33.8217487], [151.0077833, -33.8215228], [151.0077754, -33.8213638], [151.007743, -33.821049], [151.0076792, -33.820704], [151.007583, -33.8203721], [151.0074642, -33.8200598], [151.0073013, -33.8197148]], [[151.0073013, -33.8197148], [151.0070747, -33.8193322]], [[151.0070747, -33.8193322], [151.0068426, -33.819009], [151.0065946, -33.8187042], [151.0064716, -33.8185727]], [[151.0064716, -33.8185727], [151.0064439, -33.8185468], [151.006381, -33.8184825], [151.0063542, -33.8184552]], [[151.0063542, -33.8184552], [151.0061603, -33.8182798]], [[151.0061603, -33.8182798], [151.0061043, -33.8182324], [151.0058977, -33.8180579], [151.0058485, -33.8180163], [151.0056993, -33.8178969], [151.0055026, -33.8177518], [151.0053529, -33.8176447], [151.0052572, -33.8175833], [151.0052092, -33.8175543], [151.0051271, -33.8175046], [151.0047993, -33.817326], [151.0046256, -33.8172354], [151.0045166, -33.8171799], [151.0044727, -33.8171595], [151.0043688, -33.8171116], [151.0043179, -33.8170885], [151.0041545, -33.8170195], [151.0040136, -33.8169681], [151.003913, -33.8169295], [151.0036552, -33.8168498], [151.0035682, -33.8168268]], [[151.0035682, -33.8168268], [151.0032732, -33.8167433]], [[151.0032732, -33.8167433], [151.0028745, -33.8166505], [151.0026495, -33.816599], [151.0023544, -33.8165408], [151.0021386, -33.8164944], [151.001339, -33.8163223]], [[151.001339, -33.8163223], [151.001128, -33.8162794]], [[151.001128, -33.8162794], [150.999485, -33.8159358]], [[150.999485, -33.8159358], [150.9992675, -33.8158909]], [[150.9992675, -33.8158909], [150.998928, -33.8158157], [150.9984548, -33.8156885], [150.9980158, -33.8155366], [150.9976067, -33.8153671]], [[150.9976067, -33.8153671], [150.9973595, -33.8152493]], [[150.9973595, -33.8152493], [150.9972557, -33.815201], [150.9968742, -33.814991], [150.9965156, -33.8147721], [150.9963107, -33.81463], [150.9960311, -33.8144237], [150.9958529, -33.8142771], [150.9957862, -33.8142208], [150.9955459, -33.8139982], [150.9952905, -33.8137305], [150.9950791, -33.813478], [150.9949346, -33.8132861], [150.9948367, -33.813147]], [[150.9948367, -33.813147], [150.9947456, -33.8130125], [150.9943843, -33.8124576], [150.9941262, -33.8121084], [150.9938846, -33.811809], [150.9936255, -33.8115404], [150.9933569, -33.8112771], [150.9930552, -33.8110309], [150.9927662, -33.8108154], [150.9924234, -33.8105793], [150.9922125, -33.8104461]], [[150.9922125, -33.8104461], [150.9921155, -33.8103798]], [[150.9921155, -33.8103798], [150.9920621, -33.8103432], [150.9916572, -33.8101086], [150.9912609, -33.8099088], [150.9908898, -33.8097431], [150.99041, -33.8095225], [150.9899928, -33.8093365]], [[150.9899928, -33.8093365], [150.9896035, -33.8091737], [150.9892927, -33.8090666], [150.9887331, -33.8088974]], [[150.9887331, -33.8088974], [150.9884907, -33.8088217], [150.9882435, -33.8087347], [150.9875957, -33.8084962], [150.9874732, -33.8084527], [150.9871638, -33.8083524], [150.9866549, -33.8082098]], [[150.9866549, -33.8082098], [150.9860806, -33.8080815]], [[150.9860806, -33.8080815], [150.9855189, -33.8079859], [150.9849731, -33.8079187], [150.9843256, -33.8078683], [150.9837455, -33.8078259], [150.9832375, -33.8078218], [150.9826645, -33.8078514], [150.9821001, -33.807885], [150.9816228, -33.807937], [150.9810792, -33.8080053], [150.980397, -33.808092], [150.9795644, -33.8082073], [150.9789969, -33.8082731], [150.9787046, -33.8083012], [150.9782924, -33.8083282], [150.9778403, -33.8083454], [150.9772726, -33.8083402], [150.976744, -33.808309], [150.97651, -33.8082847], [150.9759979, -33.8082227], [150.9756101, -33.8081623], [150.975077, -33.8080563], [150.9750028, -33.8080395]], [[150.9750028, -33.8080395], [150.9747287, -33.8079777]], [[150.9747287, -33.8079777], [150.9745113, -33.807924], [150.974236, -33.8078534], [150.973776, -33.8077222], [150.9735478, -33.8076541], [150.973355, -33.8075947], [150.9729188, -33.8074445], [150.9725279, -33.8073014], [150.9721474, -33.8071541], [150.9719072, -33.8070558], [150.9717881, -33.8070071], [150.9712364, -33.8067659], [150.9707108, -33.8065299], [150.9702026, -33.8062965]], [[150.9702026, -33.8062965], [150.9698535, -33.8061371]], [[150.9698535, -33.8061371], [150.9679629, -33.8052864], [150.9673389, -33.8050157], [150.9667851, -33.8047909], [150.9662789, -33.8045993], [150.9657226, -33.8044223], [150.9651914, -33.8042807], [150.964625, -33.8041558], [150.9640412, -33.8040558], [150.9616355, -33.8036873], [150.9611794, -33.8036123], [150.9607033, -33.8035207], [150.9602172, -33.8034041], [150.9597411, -33.803275], [150.9592599, -33.8031042], [150.9589255, -33.8029699], [150.9579468, -33.8025449], [150.9576091, -33.8023912], [150.9574125, -33.8022966], [150.9571792, -33.8021714], [150.9569507, -33.802041], [150.9567657, -33.8019261], [150.956427, -33.8016881], [150.9561927, -33.8015081], [150.9558526, -33.8012071], [150.9557302, -33.8010811], [150.9555576, -33.8009036], [150.9553603, -33.8006728], [150.9551474, -33.8004085]], [[150.9551474, -33.8004085], [150.954819, -33.7999856], [150.9542557, -33.7992415], [150.95395, -33.7988146], [150.9536793, -33.7984044], [150.9534212, -33.7979588], [150.9531807, -33.7975027], [150.9529601, -33.7970321], [150.9527747, -33.7965531], [150.9526118, -33.7960658], [150.9524865, -33.7956306], [150.9523813, -33.7951287], [150.9523036, -33.7946352], [150.9522485, -33.7941791], [150.9517746, -33.7902827], [150.951659, -33.7892889], [150.9516036, -33.7888943], [150.9515757, -33.7887319], [150.9515262, -33.7884953], [150.9514413, -33.7881191], [150.9511131, -33.7867445], [150.9510913, -33.7866557], [150.9510083, -33.7863185], [150.9509472, -33.7860952], [150.9507769, -33.7855575], [150.9507087, -33.7853662]], [[150.9507087, -33.7853662], [150.9506017, -33.7850905]], [[150.9506017, -33.7850905], [150.9504085, -33.7846209], [150.950187, -33.7841806], [150.9499549, -33.7837432], [150.9496749, -33.7832542], [150.9493683, -33.7827682], [150.9490299, -33.7822734], [150.9487021, -33.7818198], [150.9483459, -33.7813735], [150.9479685, -33.7809273], [150.9476319, -33.7805546], [150.947196, -33.7801099], [150.9467884, -33.7797078], [150.9463454, -33.7793138], [150.9458958, -33.7789272], [150.9454333, -33.7785561], [150.9449301, -33.7781908], [150.9444233, -33.7778373], [150.9439343, -33.7775192], [150.9434045, -33.7772025], [150.9428764, -33.776908], [150.9423358, -33.7766228], [150.941848, -33.7763803], [150.9414164, -33.7761804], [150.9394903, -33.7753453], [150.9390207, -33.7751553], [150.9385317, -33.7749829], [150.9380196, -33.7748386], [150.9375571, -33.7747296], [150.937006, -33.7746324], [150.935808, -33.7744496], [150.9354377, -33.7743893], [150.935174, -33.7743502], [150.9349438, -33.7743233], [150.9346758, -33.7743006], [150.9344314, -33.7742863]], [[150.9344314, -33.7742863], [150.9327306, -33.7741614]], [[150.9327306, -33.7741614], [150.9323377, -33.7741325], [150.9319993, -33.7741119], [150.931512, -33.774106], [150.9311559, -33.7741369]], [[150.9311559, -33.7741369], [150.9307394, -33.7742003], [150.9303385, -33.7742997], [150.9297786, -33.7744772], [150.9293764, -33.7745943], [150.9290007, -33.7746767], [150.9286065, -33.7747342], [150.928222, -33.7747578], [150.9278277, -33.7747541], [150.9274282, -33.7747209], [150.9270188, -33.7746495], [150.9266264, -33.7745464], [150.9262368, -33.7744144]], [[150.9262368, -33.7744144], [150.925736, -33.7742297]], [[150.925736, -33.7742297], [150.925409, -33.7741229], [150.9250626, -33.7740206], [150.924702, -33.7739513], [150.9243406, -33.7739138], [150.923988, -33.7738954], [150.9236203, -33.7738961], [150.9232668, -33.7739241], [150.9228256, -33.7739793], [150.9224136, -33.774036], [150.9220326, -33.7740699], [150.9216437, -33.774078], [150.9213354, -33.774064], [150.9210412, -33.774039], [150.9206904, -33.7739801], [150.9201101, -33.7738497], [150.919722, -33.7737444], [150.9191701, -33.7735868], [150.9186252, -33.7734012], [150.9181867, -33.7732407], [150.9177525, -33.773061], [150.9173264, -33.772871], [150.9168152, -33.7726213], [150.9164369, -33.7724217], [150.9159567, -33.7721448], [150.9156156, -33.7719349], [150.9152639, -33.7717125], [150.9149821, -33.7715365], [150.9145453, -33.7712633], [150.9141653, -33.7710173], [150.9136868, -33.770719], [150.913196, -33.7704281], [150.9129293, -33.7702793], [150.9128177, -33.7702219], [150.9125316, -33.7700817]], [[150.9125316, -33.7700817], [150.9124651, -33.7700488], [150.9122835, -33.769959], [150.9118555, -33.7697587], [150.911285, -33.7695296], [150.9109572, -33.7694154], [150.910805, -33.7693633], [150.9104433, -33.7692394], [150.9099144, -33.76907], [150.9096646, -33.7689957], [150.9093802, -33.768909]], [[150.9093802, -33.768909], [150.9089327, -33.7687592], [150.9087387, -33.7686775], [150.908661, -33.7686414], [150.9084615, -33.7685291], [150.9083379, -33.7684612], [150.9081678, -33.768355], [150.9080594, -33.7682827], [150.9079393, -33.7681984], [150.907888, -33.7681624], [150.9076826, -33.7680043], [150.9075439, -33.7678697], [150.9074646, -33.7677868], [150.9073489, -33.7676576], [150.9072533, -33.7675456], [150.9072136, -33.7674959], [150.9072041, -33.7674828]], [[150.9072041, -33.7674828], [150.9071946, -33.7674697], [150.9071414, -33.7673965], [150.9070182, -33.7672229], [150.9068941, -33.7670108], [150.9067985, -33.766834], [150.9066762, -33.7665748], [150.906653, -33.7665171], [150.9064822, -33.7660931], [150.9063771, -33.7657403]], [[150.9063771, -33.7657403], [150.9063381, -33.7656061], [150.9063019, -33.7654807]], [[150.9063019, -33.7654807], [150.906113, -33.7647969]], [[150.906113, -33.7647969], [150.9046752, -33.7592444], [150.9045246, -33.7586747], [150.9043684, -33.758102], [150.9042003, -33.757533], [150.9040698, -33.757113], [150.9039982, -33.7568839], [150.9038421, -33.7564059], [150.9036473, -33.7558362], [150.9033387, -33.754981], [150.9029561, -33.7540189], [150.9028712, -33.7537907]], [[150.9028712, -33.7537907], [150.9028489, -33.7537362]], [[150.9028489, -33.7537362], [150.902558, -33.7530673], [150.9023143, -33.7525214], [150.9019328, -33.7516945], [150.9018475, -33.7514963]], [[150.9018475, -33.7514963], [150.9017769, -33.7513426]], [[150.9017769, -33.7513426], [150.9014714, -33.7506918], [150.9013793, -33.7505021], [150.9007472, -33.7491335]], [[150.9007472, -33.7491335], [150.900576, -33.7487607], [150.9004249, -33.7483651], [150.9003024, -33.7479676], [150.9002473, -33.747728], [150.9001904, -33.7474282], [150.9001822, -33.7473327]], [[150.9001822, -33.7473327], [150.9001626, -33.7472276], [150.9001485, -33.7471042], [150.9001369, -33.7469155], [150.9001284, -33.7467964], [150.9001237, -33.7465815], [150.9001159, -33.7458155], [150.9001152, -33.7457305], [150.900114, -33.7455548]], [[150.900114, -33.7455548], [150.9001124, -33.745273]], [[150.9001124, -33.745273], [150.9001097, -33.7449602]], [[150.9001097, -33.7449602], [150.9001022, -33.7440898], [150.9000872, -33.7423011]], [[150.9000872, -33.7423011], [150.9000848, -33.7420159], [150.9000693, -33.7416893], [150.9000306, -33.7413627], [150.8999687, -33.7410812], [150.8998855, -33.7408189], [150.8997578, -33.7405309], [150.8996011, -33.7402558], [150.8994134, -33.74], [150.8991987, -33.7397329]], [[150.8991987, -33.7397329], [150.8984441, -33.7388512], [150.8981481, -33.7385278], [150.8978462, -33.7382318], [150.8975077, -33.737947], [150.8971845, -33.7376992], [150.8965554, -33.7372368]], [[150.8965554, -33.7372368], [150.8925442, -33.7343046]], [[150.8925442, -33.7343046], [150.8924379, -33.7342283]], [[150.8924379, -33.7342283], [150.891918, -33.7338279], [150.8915543, -33.733548], [150.8912021, -33.7332471], [150.8908713, -33.7329365], [150.8905559, -33.7326067], [150.8894994, -33.7313464]], [[150.8894994, -33.7313464], [150.8893563, -33.7311757], [150.888743, -33.730444], [150.8878704, -33.729403], [150.8877082, -33.7292144], [150.8875256, -33.7290174], [150.8872034, -33.7286716], [150.8869136, -33.7283465], [150.8867776, -33.7281885], [150.8866679, -33.7280739], [150.8865935, -33.7279844], [150.8864925, -33.7278599], [150.8862222, -33.7275048], [150.8861068, -33.7273371], [150.8860332, -33.7272345], [150.8858917, -33.7270469], [150.8857243, -33.726824], [150.8854946, -33.7265487], [150.8853176, -33.726331], [150.8851482, -33.726129], [150.8848551, -33.7257735], [150.8845544, -33.7254077], [150.8843389, -33.7251462], [150.8839603, -33.7246983], [150.8837283, -33.7244175]], [[150.8837283, -33.7244175], [150.8830683, -33.7236188], [150.8825662, -33.7230133], [150.8822377, -33.7226048], [150.8821551, -33.7224942]], [[150.8821551, -33.7224942], [150.8821013, -33.7224221]], [[150.8821013, -33.7224221], [150.8818738, -33.7221201], [150.88154, -33.7216331], [150.8812801, -33.7212098], [150.8810146, -33.7207569], [150.8785219, -33.7163201]], [[150.8785219, -33.7163201], [150.8784597, -33.7162108]], [[150.8784597, -33.7162108], [150.8761305, -33.7120672], [150.8759499, -33.7117075], [150.8757884, -33.7113411], [150.8756626, -33.710961], [150.8755668, -33.7106059], [150.8754853, -33.7102613]], [[150.8754853, -33.7102613], [150.8754419, -33.7100776], [150.8751372, -33.7087895], [150.8749408, -33.7079565], [150.874776, -33.7072576], [150.8746556, -33.7068342], [150.8745137, -33.7064496], [150.8743632, -33.7060533], [150.87397, -33.7050608], [150.8738226, -33.7046924], [150.873683, -33.7043508], [150.873501, -33.7038979], [150.8731756, -33.7030928], [150.8730308, -33.7027365], [150.872882, -33.7024061], [150.8727555, -33.7021287]], [[150.8727555, -33.7021287], [150.87247, -33.7015982]], [[150.87247, -33.7015982], [150.8722693, -33.7012269], [150.8721451, -33.7009837]], [[150.8721451, -33.7009837], [150.8717524, -33.7002713], [150.8707837, -33.6984546], [150.8703416, -33.6976398], [150.8691857, -33.6955064], [150.868784, -33.6947614], [150.8630396, -33.6841895]], [[150.8630396, -33.6841895], [150.8616102, -33.6815586]], [[150.8616102, -33.6815586], [150.8611614, -33.6807326]], [[150.8611614, -33.6807326], [150.8607459, -33.6800054], [150.8606829, -33.6798928]], [[150.8606829, -33.6798928], [150.8606393, -33.6798098], [150.8603798, -33.6793155], [150.8602302, -33.6790406], [150.8600854, -33.6787675], [150.8599547, -33.6785108], [150.8598304, -33.6782522], [150.8596029, -33.6777558], [150.8595823, -33.6777118], [150.8593541, -33.6771876], [150.8591893, -33.6767804]], [[150.8591893, -33.6767804], [150.8591267, -33.6766025], [150.8590433, -33.6763712], [150.8589961, -33.6762443], [150.8589145, -33.6759926]], [[150.8589145, -33.6759926], [150.8588565, -33.6758276], [150.8586988, -33.6753347]], [[150.8586988, -33.6753347], [150.8585011, -33.6747349], [150.8583265, -33.6742222], [150.8579532, -33.6730066]], [[150.8579532, -33.6730066], [150.8577682, -33.6724297], [150.857589, -33.6718577], [150.8573996, -33.6712771], [150.857216, -33.6707088], [150.8570764, -33.6702418], [150.8570015, -33.6698642], [150.8569545, -33.6694865], [150.8569061, -33.6690379], [150.8568415, -33.6686455], [150.8567342, -33.6682421], [150.8565932, -33.6678547], [150.8564243, -33.667477], [150.856229, -33.6671286]], [[150.856229, -33.6671286], [150.8559661, -33.6667546], [150.8557253, -33.666449], [150.8553434, -33.6660138], [150.8546663, -33.6652645], [150.8543388, -33.6648611], [150.8540172, -33.6644259], [150.8537249, -33.6639944], [150.8534576, -33.6635385], [150.8532109, -33.6630715], [150.8529906, -33.6625814], [150.8528805, -33.6623155], [150.8527967, -33.6620961], [150.8526278, -33.6616095], [150.8524868, -33.6611059], [150.8524148, -33.6607942], [150.8523767, -33.6605864], [150.8522944, -33.6600815], [150.8522782, -33.6599329], [150.8522386, -33.6595681], [150.8522108, -33.6590429]], [[150.8522108, -33.6590429], [150.8520742, -33.6565763], [150.8520497, -33.6559781], [150.8520181, -33.655369], [150.8519904, -33.6548322], [150.8519646, -33.654207], [150.8519367, -33.6536165], [150.8519249, -33.6533599], [150.8519028, -33.653065], [150.8518754, -33.6528041], [150.8518482, -33.6525948], [150.85181, -33.6523387], [150.8517586, -33.6520868], [150.8517113, -33.6518847], [150.8515941, -33.6514625], [150.8515113, -33.6511914], [150.8514066, -33.6509063], [150.8513265, -33.6507084], [150.8512398, -33.6504993], [150.8511489, -33.6503002], [150.8510881, -33.6501805], [150.8510544, -33.6501192], [150.8509063, -33.6498329], [150.8506601, -33.649424], [150.8504024, -33.649041], [150.8500675, -33.6485732], [150.8440657, -33.6409528], [150.8349246, -33.6293182], [150.8349056, -33.6292949], [150.8348162, -33.6291845], [150.8345078, -33.6288469], [150.8341788, -33.6285253], [150.8338145, -33.6282147], [150.8334503, -33.6279359], [150.8330552, -33.627673], [150.832716, -33.6274675], [150.8322031, -33.6272048], [150.8320842, -33.6271484]], [[150.8320842, -33.6271484], [150.8319208, -33.6270872], [150.8317794, -33.6270441], [150.830572, -33.6267296], [150.8300419, -33.6265868], [150.8298626, -33.6265377], [150.8297873, -33.6265171]], [[150.8297873, -33.6265171], [150.8293914, -33.6264135], [150.8290958, -33.6263361], [150.8289, -33.6262883], [150.8286842, -33.6262504]], [[150.8286842, -33.6262504], [150.828121, -33.6262135], [150.8273377, -33.6261681]], [[150.8273377, -33.6261681], [150.8267818, -33.6261358], [150.8261703, -33.6260868], [150.8257054, -33.6260285], [150.8252647, -33.6259364], [150.8248133, -33.6258002], [150.8244219, -33.6256544], [150.8241397, -33.6255357], [150.8233757, -33.6252075]], [[150.8233757, -33.6252075], [150.8225808, -33.6248705], [150.8215511, -33.6244207]], [[150.8215511, -33.6244207], [150.8208798, -33.6241331], [150.8205617, -33.6239601], [150.8202632, -33.6237664], [150.8199597, -33.6235304], [150.8196962, -33.6232815], [150.8194434, -33.6230032], [150.8192251, -33.6227073], [150.8190088, -33.6223854], [150.8187867, -33.622078], [150.818536, -33.6218065], [150.8182635, -33.6215537], [150.8179592, -33.6213175], [150.816618, -33.6203042], [150.8162959, -33.6200416], [150.8161244, -33.6198699], [150.8159686, -33.619725], [150.8157169, -33.6194418], [150.815479, -33.6191264], [150.8152263, -33.618748], [150.8149108, -33.6182683], [150.8145919, -33.6177793], [150.8142756, -33.617299], [150.8139611, -33.6168123], [150.8136382, -33.6163232], [150.8133529, -33.6159011], [150.8130958, -33.6155724], [150.8128278, -33.6152699], [150.8124794, -33.6148952]], [[150.8124794, -33.6148952], [150.8122526, -33.6146787]], [[150.8122526, -33.6146787], [150.8120077, -33.6144608]], [[150.8120077, -33.6144608], [150.811857, -33.6143322]], [[150.811857, -33.6143322], [150.8117852, -33.6142751], [150.8115458, -33.6140813], [150.8114158, -33.6139767], [150.8112809, -33.6138792], [150.811127, -33.6137819], [150.8109738, -33.6136877], [150.810821, -33.6136007], [150.8106559, -33.6135169], [150.8104892, -33.6134415], [150.8103039, -33.6133688], [150.810143, -33.613307], [150.8098794, -33.6132228], [150.8095639, -33.6131457], [150.8090096, -33.613051], [150.8089428, -33.6130419], [150.8086161, -33.6130109]], [[150.8086161, -33.6130109], [150.8079267, -33.6129313], [150.8070913, -33.6128397], [150.8066879, -33.6127932], [150.8060022, -33.6127], [150.8053006, -33.6125837], [150.8047396, -33.6124859]], [[150.8047396, -33.6124859], [150.8040514, -33.6123613], [150.8035827, -33.6122698]], [[150.8035827, -33.6122698], [150.8011311, -33.611834], [150.8003414, -33.6116842]], [[150.8003414, -33.6116842], [150.7989405, -33.6114418]], [[150.7989405, -33.6114418], [150.7979509, -33.6112642], [150.7973093, -33.6111526], [150.7956191, -33.6108509], [150.7947138, -33.6106876], [150.7940784, -33.6105778], [150.7934391, -33.6104622], [150.7930836, -33.6103993], [150.7924442, -33.6102817], [150.7918391, -33.6101466], [150.79156, -33.6100725]], [[150.79156, -33.6100725], [150.7912809, -33.6099983], [150.7908377, -33.6098658]], [[150.7908377, -33.6098658], [150.7906573, -33.6098133], [150.7903482, -33.6097218], [150.789938, -33.6095787], [150.7897288, -33.609498], [150.789557, -33.6094226], [150.7893725, -33.6093427], [150.7891575, -33.6092439], [150.788996, -33.6091672], [150.7887437, -33.6090415], [150.7885193, -33.6089236], [150.7883591, -33.6088403], [150.7881228, -33.6087186], [150.7878897, -33.6086035], [150.7877639, -33.6085437], [150.7876996, -33.6085157], [150.7875415, -33.6084474], [150.7872933, -33.6083413], [150.7870406, -33.6082416], [150.7867207, -33.6081234], [150.7865121, -33.6080516]], [[150.7865121, -33.6080516], [150.7862438, -33.6079585], [150.7859626, -33.607861], [150.7856216, -33.6077406], [150.7853688, -33.6076707]], [[150.7853688, -33.6076707], [150.7849409, -33.6075665], [150.776027, -33.6055437], [150.7746651, -33.6052373], [150.7738788, -33.6050604], [150.7730912, -33.6048802], [150.7726529, -33.6047802], [150.7719037, -33.6046149], [150.7705071, -33.6042998], [150.7694288, -33.6040592], [150.7686694, -33.6038884], [150.767244, -33.6035677], [150.7664175, -33.6033818], [150.7658347, -33.6032507], [150.7655553, -33.6031878], [150.7646708, -33.6029888], [150.7636765, -33.6027651], [150.7627444, -33.6025566], [150.7618187, -33.6023504]], [[150.7618187, -33.6023504], [150.7613117, -33.6022371], [150.7602982, -33.6020023], [150.7597811, -33.6018866], [150.7593882, -33.6017991], [150.758793, -33.6016624], [150.7587038, -33.6016408], [150.7586164, -33.6016193], [150.7583578, -33.6015555], [150.7583159, -33.6015428], [150.7582659, -33.6015277], [150.7580836, -33.6014725], [150.757977, -33.6014373], [150.7576255, -33.6013139], [150.757363, -33.601207], [150.7571715, -33.6011263], [150.7564642, -33.6007919], [150.75617, -33.6006563]], [[150.75617, -33.6006563], [150.7557387, -33.6004475], [150.7554095, -33.6002892], [150.7549234, -33.6000483]], [[150.7549234, -33.6000483], [150.7547535, -33.5999535], [150.7546322, -33.5998866], [150.7544929, -33.5997945], [150.754381, -33.5997241], [150.7540733, -33.5995308]], [[150.7540733, -33.5995308], [150.7538787, -33.599413], [150.7537092, -33.5993173], [150.7534298, -33.5991613], [150.7530929, -33.5989748], [150.7527967, -33.5988089], [150.7524999, -33.598645], [150.7524758, -33.598632]]]}}, {"type": "Feature", "properties": {"name": "Lidcombe & Bankstown Line", "ref": "T6", "mode": "train", "network": "Sydney Trains", "from": "Bankstown", "to": "Lidcombe"}, "geometry": {"type": "MultiLineString", "coordinates": [[[151.0348549, -33.9179019], [151.0348015, -33.9179054], [151.0344224, -33.9179317], [151.0342447, -33.9179417]], [[151.0342447, -33.9179417], [151.0339317, -33.9179568], [151.0335781, -33.9179714]], [[151.0335781, -33.9179714], [151.0331984, -33.9180106], [151.0331161, -33.9180177], [151.0328463, -33.918041], [151.0328143, -33.9180437], [151.0327892, -33.9180459], [151.0327411, -33.9180495], [151.0327001, -33.9180526]], [[151.0327001, -33.9180526], [151.0321086, -33.9180973]], [[151.0321086, -33.9180973], [151.0320112, -33.9181046], [151.0318194, -33.9181122], [151.0316505, -33.9181135], [151.0314798, -33.9181073], [151.0313122, -33.9180973], [151.0311836, -33.9180841], [151.0310142, -33.91806], [151.0308344, -33.9180239], [151.0307034, -33.91799], [151.0304158, -33.9178965]], [[151.0304158, -33.9178965], [151.0303171, -33.9178572], [151.0302702, -33.9178378], [151.0300671, -33.9177463]], [[151.0300671, -33.9177463], [151.0297975, -33.9176096]], [[151.0297975, -33.9176096], [151.0295058, -33.9174276]], [[151.0295058, -33.9174276], [151.029205, -33.9171965], [151.028962, -33.9169711], [151.0287641, -33.9167457], [151.0285635, -33.9164592], [151.0284188, -33.9161873], [151.0283042, -33.9159019], [151.0282291, -33.9156142], [151.0281882, -33.9153198], [151.0281827, -33.9150468], [151.0282018, -33.9147557]], [[151.0282018, -33.9147557], [151.0282523, -33.9139867], [151.0282551, -33.9136978], [151.0282332, -33.9134181], [151.0281759, -33.9131406], [151.0280845, -33.9128642], [151.0279603, -33.9125935], [151.0278101, -33.912324], [151.0276463, -33.9120634], [151.0274728, -33.9117972], [151.0274632, -33.9117825]], [[151.0274632, -33.9117825], [151.025007, -33.9079044], [151.0248171, -33.9076267], [151.0245766, -33.9072654], [151.0243689, -33.9069623], [151.0240824, -33.9065217], [151.023987, -33.906366], [151.0237509, -33.9059721], [151.0236589, -33.9058155], [151.023492, -33.9055184], [151.0231865, -33.9050062], [151.0228824, -33.9044744], [151.0225512, -33.9039481], [151.0223506, -33.9036253], [151.0221718, -33.9033047], [151.0220285, -33.9029819], [151.021914, -33.9026361]], [[151.021914, -33.9026361], [151.0218584, -33.9023746]], [[151.0218584, -33.9023746], [151.0218251, -33.9020371], [151.0218251, -33.9017177], [151.0218647, -33.9013574], [151.0219179, -33.9010323], [151.0225075, -33.8978083], [151.0226058, -33.8973688], [151.0227286, -33.8969349], [151.022771, -33.896808]], [[151.022771, -33.896808], [151.0228187, -33.8966687]], [[151.0228187, -33.8966687], [151.0228856, -33.896467], [151.0234561, -33.8948606], [151.0235232, -33.8946617], [151.0236144, -33.8943633], [151.0236886, -33.8940975], [151.0237605, -33.893858], [151.0239106, -33.8934207], [151.024144, -33.8927965], [151.0241988, -33.8926655], [151.0243577, -33.8922657], [151.0244674, -33.892008], [151.0246019, -33.8916495]], [[151.0246019, -33.8916495], [151.024764, -33.8911872], [151.0248712, -33.8908347], [151.0249117, -33.8905536], [151.0249011, -33.890294], [151.0248382, -33.8900427], [151.0247983, -33.8899395], [151.0247352, -33.8898046], [151.0246097, -33.8895849], [151.0245002, -33.8894501], [151.0244288, -33.8893754], [151.0242508, -33.8892119], [151.0241819, -33.8891565], [151.0240915, -33.8890908], [151.0239906, -33.889028], [151.0239228, -33.8889905], [151.0237367, -33.8888981], [151.023647, -33.8888619], [151.0235617, -33.8888309]], [[151.0235617, -33.8888309], [151.0234422, -33.8887937], [151.0233104, -33.8887606], [151.0231742, -33.8887336]], [[151.0231742, -33.8887336], [151.0230673, -33.8887185], [151.0229677, -33.8887033], [151.0228647, -33.8886893]], [[151.0228647, -33.8886893], [151.0227187, -33.8886741], [151.0224782, -33.8886351]], [[151.0224782, -33.8886351], [151.0222953, -33.8885924], [151.0221674, -33.8885582], [151.0220896, -33.8885317], [151.0219764, -33.8884876], [151.0218836, -33.8884495], [151.0217705, -33.888394], [151.0215854, -33.8882861], [151.0215074, -33.888231], [151.0214595, -33.8881951]], [[151.0214595, -33.8881951], [151.0213639, -33.8881184], [151.0212692, -33.8880316], [151.0211658, -33.8879214], [151.0211064, -33.8878501], [151.0210239, -33.8877377], [151.0209626, -33.8876369], [151.0208994, -33.8875194], [151.0208324, -33.8873578], [151.0207949, -33.8872272], [151.0207672, -33.8870935], [151.0207545, -33.8869947], [151.0207444, -33.8868553], [151.0207491, -33.8867538], [151.0207524, -33.8867042], [151.0207769, -33.886544], [151.0207885, -33.8864855], [151.0208311, -33.8863235], [151.0209406, -33.8860744], [151.0210832, -33.8858557], [151.0212492, -33.8856803], [151.0214513, -33.8855025], [151.0215647, -33.885421], [151.0216858, -33.8853447], [151.022033, -33.8851374]], [[151.022033, -33.8851374], [151.0221203, -33.8850764], [151.0222649, -33.8849675], [151.0224642, -33.8847887]], [[151.0224642, -33.8847887], [151.0225475, -33.8847132], [151.0227005, -33.8845664], [151.022738, -33.8845328]], [[151.022738, -33.8845328], [151.0229521, -33.8843478], [151.0230156, -33.8842918], [151.0231171, -33.8841929], [151.0231547, -33.8841548], [151.023188, -33.8841212], [151.0234223, -33.883875], [151.0235984, -33.8836639], [151.0236796, -33.883561], [151.0237639, -33.8834459], [151.0240317, -33.883063], [151.0241794, -33.8828445], [151.0242517, -33.8827361], [151.0244119, -33.8824925], [151.0245072, -33.8823415], [151.0245994, -33.8821755]], [[151.0245994, -33.8821755], [151.024713, -33.8819717], [151.024784, -33.8818205]], [[151.024784, -33.8818205], [151.0249353, -33.8814546], [151.025029, -33.881149], [151.0250907, -33.8809131], [151.0251335, -33.8807271], [151.0252964, -33.8798813], [151.0253517, -33.8796113], [151.0254279, -33.8791978], [151.0255525, -33.8786001], [151.0256516, -33.8781971], [151.0257862, -33.877815], [151.0259409, -33.8774484], [151.0261282, -33.8770959], [151.0263889, -33.8766895], [151.0265994, -33.876417], [151.0268831, -33.8760896], [151.0272001, -33.875787], [151.0275321, -33.8754893], [151.0279826, -33.8750951], [151.0298677, -33.8734423], [151.0302454, -33.8731264], [151.0306223, -33.8728461], [151.0310333, -33.872566], [151.031453, -33.8722959]], [[151.031453, -33.8722959], [151.0316773, -33.8721682], [151.0318963, -33.8720496], [151.0323096, -33.8718314], [151.0326555, -33.8716502], [151.0328401, -33.8715458], [151.0329365, -33.8714885], [151.0330686, -33.8714072]], [[151.0330686, -33.8714072], [151.0330886, -33.8713933], [151.0334219, -33.8711628], [151.0337734, -33.8708902], [151.0340892, -33.8705895], [151.03438, -33.870274], [151.0346351, -33.8699525], [151.0348778, -33.8696118], [151.0351472, -33.8691985], [151.035518, -33.8686502]], [[151.035518, -33.8686502], [151.035612, -33.8685093]], [[151.035612, -33.8685093], [151.0376109, -33.8655118]], [[151.0376109, -33.8655118], [151.0379728, -33.8649691], [151.0382026, -33.8646407], [151.0382468, -33.8645774]], [[151.0382468, -33.8645774], [151.0383631, -33.8644345]], [[151.0383631, -33.8644345], [151.0384097, -33.8643852], [151.0386077, -33.864184], [151.0388623, -33.8639677], [151.0391142, -33.8637772], [151.0394408, -33.8635593], [151.0397151, -33.8633918], [151.0398683, -33.8633043]], [[151.0398683, -33.8633043], [151.0400061, -33.8632296], [151.0401627, -33.8631481]], [[151.0401627, -33.8631481], [151.0404386, -33.8630301], [151.0407191, -33.8629332], [151.0409296, -33.8628558], [151.0411275, -33.8628096]], [[151.0411275, -33.8628096], [151.0414383, -33.8627825], [151.0415771, -33.8627828], [151.0418261, -33.8627863]], [[151.0420979, -33.8627936], [151.0418261, -33.8627863]], [[151.0425682, -33.8628475], [151.0424349, -33.8628245], [151.0422955, -33.8628033], [151.0420979, -33.8627936]], [[151.0430638, -33.8629864], [151.0428895, -33.8629179], [151.0425682, -33.8628475]], [[151.0444863, -33.8637534], [151.0442382, -33.8636372], [151.04407, -33.8635441], [151.043895, -33.8634405], [151.043513, -33.863224], [151.0433158, -33.8631099], [151.0430638, -33.8629864]], [[151.0456397, -33.8641827], [151.0455357, -33.8641525], [151.0454666, -33.8641344], [151.0453722, -33.8641041], [151.0453412, -33.8640929], [151.0451942, -33.8640397], [151.045044, -33.8639854], [151.0448152, -33.8638942], [151.0444863, -33.8637534]]]}}, {"type": "Feature", "properties": {"name": "Olympic Park Line", "ref": "T7", "mode": "train", "network": "Sydney Trains", "from": "Olympic Park", "to": "Lidcombe"}, "geometry": {"type": "MultiLineString", "coordinates": [[[151.0685014, -33.846991], [151.0704183, -33.8462988], [151.0704488, -33.8462878], [151.0706284, -33.84622], [151.0706441, -33.846214], [151.070949, -33.8460988]], [[151.070949, -33.8460988], [151.0709672, -33.8460946], [151.0711018, -33.8460537], [151.0712419, -33.8460223], [151.0714145, -33.8460087], [151.0715827, -33.846007], [151.0717599, -33.8460167], [151.0719414, -33.8460393], [151.0720693, -33.8460674], [151.0722182, -33.8461057], [151.0723549, -33.8461537], [151.0725617, -33.8462421], [151.0726522, -33.8462902], [151.0727667, -33.8463587], [151.0728885, -33.8464374], [151.0729416, -33.84648]], [[151.0729416, -33.84648], [151.0730728, -33.8466048]], [[151.0730728, -33.8466048], [151.0731403, -33.8466824], [151.0732044, -33.8467643], [151.0732626, -33.8468482], [151.0733335, -33.8469634], [151.073405, -33.8470904], [151.073517, -33.84729], [151.073621, -33.8474887], [151.0736681, -33.8475915], [151.0737256, -33.8477377], [151.0737626, -33.8478759], [151.0737925, -33.8480222], [151.0738146, -33.8481486], [151.0738211, -33.8482746], [151.0738201, -33.8484318], [151.0738052, -33.848584], [151.0737828, -33.8487233], [151.0737539, -33.8488502], [151.0737055, -33.8489997], [151.0736745, -33.849084], [151.0736342, -33.8491654]], [[151.0736342, -33.8491654], [151.0734141, -33.8495277]], [[151.0734141, -33.8495277], [151.0733661, -33.849584], [151.0732671, -33.8496906], [151.0731363, -33.8498219], [151.0729072, -33.8499991], [151.072714, -33.8501254], [151.0726104, -33.8501781], [151.0724706, -33.8502479], [151.0721723, -33.8503853], [151.0717027, -33.8505924], [151.0712901, -33.8507829], [151.0710371, -33.8509131], [151.0706806, -33.8511063], [151.0703039, -33.8513296], [151.0699452, -33.8515342]], [[151.0699452, -33.8515342], [151.0693866, -33.8518653]], [[151.0693866, -33.8518653], [151.0680196, -33.8526999], [151.0664371, -33.853613], [151.0659905, -33.8539023], [151.0657867, -33.8540672], [151.0656145, -33.8542102]], [[151.0656145, -33.8542102], [151.0653513, -33.854502]], [[151.0653513, -33.854502], [151.0647413, -33.8552599], [151.0646244, -33.8554014]], [[151.0646244, -33.8554014], [151.0642305, -33.8558974]], [[151.0642305, -33.8558974], [151.0641075, -33.8560481]], [[151.0641075, -33.8560481], [151.0639236, -33.8562738]], [[151.0639236, -33.8562738], [151.0639038, -33.8563051], [151.0634484, -33.8568523]], [[151.0634484, -33.8568523], [151.0632877, -33.8570942], [151.0630722, -33.857403], [151.0628749, -33.8576652], [151.0625295, -33.85805], [151.062333, -33.8582799], [151.0620441, -33.8586228], [151.0617717, -33.8590145], [151.0614713, -33.8594197], [151.0612086, -33.8598414], [151.0610935, -33.8600372]], [[151.0610935, -33.8600372], [151.0610443, -33.860121], [151.0606559, -33.8608421], [151.0606284, -33.8608789]], [[151.0606284, -33.8608789], [151.0604341, -33.8611295]], [[151.0604341, -33.8611295], [151.0602967, -33.8612375], [151.0601167, -33.8613587], [151.0598978, -33.8614718], [151.0596449, -33.8615525], [151.0593054, -33.861645], [151.0590126, -33.8617152]], [[151.0590126, -33.8617152], [151.0585769, -33.8618195]], [[151.0585769, -33.8618195], [151.0585242, -33.8618317]], [[151.0585242, -33.8618317], [151.0580931, -33.8619346], [151.0579574, -33.861967], [151.0578222, -33.8620026], [151.0577021, -33.862037], [151.0575935, -33.8620716], [151.0574978, -33.862104]], [[151.0574978, -33.862104], [151.0573594, -33.8621528], [151.0571187, -33.8622363], [151.0569938, -33.8622781], [151.0568807, -33.8623121], [151.0567455, -33.86235], [151.0560872, -33.8625085], [151.0554939, -33.8626493], [151.0548782, -33.8627967], [151.0547313, -33.862832], [151.0545725, -33.862874], [151.0544296, -33.8629152], [151.0543162, -33.8629504], [151.0541931, -33.8629926], [151.0540604, -33.8630409], [151.0539863, -33.8630692]], [[151.0539863, -33.8630692], [151.0538845, -33.8631111], [151.0538666, -33.8631185]], [[151.0538666, -33.8631185], [151.0537657, -33.8631618]], [[151.0537657, -33.8631618], [151.0535822, -33.8632392], [151.0534151, -33.8633074], [151.0533421, -33.8633388], [151.0531582, -33.8634345]], [[151.0526905, -33.8637401], [151.0529324, -33.8635756], [151.053065, -33.8634925], [151.0531582, -33.8634345]], [[151.0521435, -33.8640044], [151.0523883, -33.8638867], [151.0526905, -33.8637401]], [[151.0468067, -33.8641065], [151.0468124, -33.8641072], [151.046886, -33.8641168], [151.0471912, -33.8641564], [151.047562, -33.8642026], [151.0481136, -33.8642482], [151.0485759, -33.8642618], [151.0487658, -33.864267], [151.0488157, -33.8642685], [151.0496683, -33.8642917], [151.0501319, -33.8643056], [151.0505955, -33.8643141], [151.0508948, -33.8643182], [151.0510443, -33.8643149], [151.051188, -33.8643017], [151.0513117, -33.8642791], [151.0514609, -33.8642468], [151.0517333, -33.8641626], [151.0520067, -33.8640608], [151.0521435, -33.8640044]]]}}, {"type": "Feature", "properties": {"name": "Airport & South Line", "ref": "T8", "mode": "train", "network": "Sydney Trains", "from": "City Circle", "to": "Macarthur"}, "geometry": {"type": "MultiLineString", "coordinates": [[[151.2065981, -33.8752031], [151.2066057, -33.8751242], [151.2066405, -33.8748495]], [[151.2066405, -33.8748495], [151.2066639, -33.874678], [151.2066723, -33.8746031], [151.206677, -33.8745377], [151.2066807, -33.8744737], [151.2066834, -33.8744135], [151.2066885, -33.8743193], [151.2066928, -33.8742316], [151.2067069, -33.8740824], [151.2067169, -33.8740024], [151.2067303, -33.873908], [151.2067732, -33.8736018], [151.2068707, -33.8728908], [151.2068826, -33.8728206], [151.2068946, -33.8727393], [151.2069175, -33.872589], [151.2069324, -33.8724538], [151.2069398, -33.8723292], [151.2069468, -33.8722377], [151.2069441, -33.8721286], [151.2069388, -33.8719823]], [[151.2069388, -33.8719823], [151.2069196, -33.8717867], [151.2069019, -33.8715707], [151.2068689, -33.8711912], [151.2068376, -33.8710046], [151.2067937, -33.8708636], [151.2067354, -33.8707201], [151.2066645, -33.8705841], [151.2066045, -33.8704918], [151.2065234, -33.870369], [151.2063721, -33.8701614], [151.2062575, -33.8699929], [151.2061687, -33.869806], [151.2060915, -33.8696151], [151.2060548, -33.8694807], [151.2060156, -33.869239], [151.2059451, -33.8685534], [151.2059424, -33.8685036], [151.2059212, -33.8683322], [151.2059068, -33.8681391], [151.2058962, -33.8679234], [151.2058957, -33.867735], [151.2059033, -33.8675484]], [[151.2059033, -33.8675484], [151.2059083, -33.8674446], [151.2059218, -33.8671682], [151.2059294, -33.8669444], [151.2059269, -33.8668511], [151.205921, -33.866748], [151.2058946, -33.8665268], [151.2058038, -33.8657672], [151.2057864, -33.8656213], [151.2057528, -33.8653401], [151.2057352, -33.865193], [151.2057265, -33.8651245]], [[151.2057265, -33.8651245], [151.2057205, -33.8650811], [151.2056715, -33.8648283], [151.2056232, -33.8646479], [151.2055729, -33.8644168]], [[151.2055729, -33.8644168], [151.2054318, -33.86331], [151.2054233, -33.8631832], [151.2054287, -33.8630253], [151.2054337, -33.862966], [151.2054557, -33.8628075], [151.2054992, -33.8626185], [151.2055672, -33.8624306], [151.2056438, -33.8622665], [151.2057408, -33.8620991], [151.2058619, -33.861957], [151.2059842, -33.8618273], [151.2060972, -33.8617214], [151.2062443, -33.8615996], [151.206401, -33.8614953], [151.2065762, -33.861392], [151.2067637, -33.8613023], [151.2069541, -33.8612328], [151.2071526, -33.8611729], [151.2073795, -33.8611314], [151.2076559, -33.8610949], [151.2077547, -33.8610883], [151.2078521, -33.8610868], [151.2080295, -33.8610857], [151.2081019, -33.8610888]], [[151.2081019, -33.8610888], [151.208148, -33.8610921], [151.2088643, -33.8611606]], [[151.2088643, -33.8611606], [151.2091584, -33.8611905], [151.2093803, -33.8612104], [151.2097545, -33.8612391], [151.2099892, -33.8612569], [151.2102306, -33.861277], [151.2112515, -33.8613725], [151.2114052, -33.8613891], [151.2115483, -33.8614045], [151.2115946, -33.8614094], [151.2118104, -33.8614315], [151.2122785, -33.8614739]], [[151.2122785, -33.8614739], [151.212757, -33.8615197]], [[151.212757, -33.8615197], [151.2130526, -33.8615568], [151.2132954, -33.8615987], [151.2134968, -33.8616441], [151.2136517, -33.8616923], [151.2138502, -33.8617675], [151.2140189, -33.8618475], [151.2141737, -33.861935], [151.2143262, -33.8620418], [151.2144435, -33.8621363], [151.2145501, -33.8622309], [151.2146812, -33.8623715], [151.2147771, -33.8625], [151.2148566, -33.8626205], [151.2149213, -33.8627435], [151.2149882, -33.8628979], [151.2150431, -33.8630717], [151.2150729, -33.8631986], [151.2150919, -33.863319], [151.2151008, -33.863413], [151.2150948, -33.8635602], [151.2150744, -33.8637247], [151.215039, -33.8638959], [151.214984, -33.8640674], [151.2149033, -33.8642411], [151.2147997, -33.8644139], [151.2146979, -33.8645515], [151.2145781, -33.8646887], [151.2143891, -33.8648658], [151.214205, -33.8650174], [151.2140331, -33.8651499], [151.2136618, -33.8654233]], [[151.2136618, -33.8654233], [151.2132778, -33.8657057], [151.2131695, -33.8657899], [151.2130915, -33.8658564]], [[151.2130915, -33.8658564], [151.2130261, -33.8659118], [151.2129402, -33.8659939], [151.2128495, -33.8660995], [151.2127705, -33.8661993], [151.2126804, -33.8663446], [151.2126078, -33.8664898], [151.2125567, -33.8666235], [151.2125219, -33.8667396], [151.2124883, -33.8668943], [151.2123831, -33.8676723], [151.2123374, -33.8680203], [151.2123224, -33.8683133], [151.2123114, -33.868505], [151.2122983, -33.868654], [151.2122805, -33.8687747], [151.2122552, -33.8689048], [151.2122265, -33.8690434], [151.2121691, -33.8694091], [151.2120911, -33.869964], [151.2120729, -33.8701105]], [[151.2120729, -33.8701105], [151.2118717, -33.8715761], [151.2118503, -33.8717239]], [[151.2118503, -33.8717239], [151.2117443, -33.8724441], [151.2116962, -33.8726931], [151.2116455, -33.8728702], [151.2115833, -33.8730548], [151.2114849, -33.8732835], [151.211399, -33.8734422], [151.2113129, -33.8735935], [151.2112307, -33.8737174], [151.2111318, -33.8738634], [151.2109575, -33.8740916]], [[151.2109575, -33.8740916], [151.2108638, -33.8742264], [151.2107789, -33.87436], [151.2106949, -33.8745057], [151.2105562, -33.8747806], [151.2103345, -33.8752595]], [[151.2103345, -33.8752595], [151.2098747, -33.8762395], [151.2098263, -33.8763425]], [[151.2098263, -33.8763425], [151.2098078, -33.8763855], [151.2096582, -33.8767035], [151.2096128, -33.8768127], [151.2095703, -33.8769216], [151.2095283, -33.8770377], [151.2094724, -33.8772127], [151.209423, -33.8773894], [151.2093254, -33.8777358], [151.2092823, -33.8778861], [151.2092393, -33.8780219], [151.209193, -33.878154], [151.209087, -33.8784457]], [[151.209087, -33.8784457], [151.2090422, -33.8785856], [151.2090155, -33.8786922], [151.2089866, -33.8788167], [151.2089591, -33.8789718], [151.2089282, -33.8792208], [151.2088885, -33.8795517], [151.2088807, -33.8796099]], [[151.2088807, -33.8796099], [151.2088518, -33.8797763]], [[151.2088518, -33.8797763], [151.2088154, -33.8799216]], [[151.2088154, -33.8799216], [151.2087457, -33.8801986]], [[151.2087457, -33.8801986], [151.2086514, -33.8805542]], [[151.2086514, -33.8805542], [151.2086419, -33.8805899], [151.2085088, -33.8810949], [151.2083663, -33.881642], [151.2083088, -33.881863], [151.2082114, -33.8822365], [151.208198, -33.8822864]], [[151.208198, -33.8822864], [151.2081573, -33.8824363]], [[151.2081573, -33.8824363], [151.2081049, -33.8825945], [151.2080572, -33.8827271], [151.2080035, -33.8828635], [151.2079407, -33.8830073], [151.2078682, -33.8831778]], [[151.2078682, -33.8831778], [151.2077146, -33.8835249], [151.2076411, -33.8836646], [151.2076339, -33.8836783], [151.2076228, -33.8837002], [151.2075482, -33.8838244], [151.2074241, -33.8840072], [151.2073412, -33.884114], [151.2072126, -33.8842811], [151.2070944, -33.8844355], [151.2070083, -33.8845479], [151.2069497, -33.8846233], [151.2067617, -33.8848653], [151.2067054, -33.8849339], [151.2066834, -33.8849606], [151.2066106, -33.8850494], [151.2065685, -33.8850956], [151.2065263, -33.8851417], [151.206424, -33.8852431], [151.2063443, -33.8853221], [151.2062819, -33.885378], [151.2061214, -33.8855216]], [[151.2061214, -33.8855216], [151.2058319, -33.8857367], [151.2056409, -33.8858617], [151.2053485, -33.8860395], [151.2051458, -33.8861669], [151.2047666, -33.8864168], [151.2042904, -33.8867737], [151.2039748, -33.8870008], [151.2038694, -33.8870721], [151.2033018, -33.8874562], [151.2028878, -33.8877506], [151.2024941, -33.8880474], [151.202327, -33.8881862], [151.2019473, -33.8885527], [151.2017312, -33.8887983]], [[151.2017312, -33.8887983], [151.2014247, -33.8891967]], [[151.2014247, -33.8891967], [151.2011993, -33.8894709]], [[151.2011993, -33.8894709], [151.2011188, -33.8895576], [151.2008934, -33.8898058], [151.2005984, -33.8901415], [151.2003463, -33.8904376], [151.2001022, -33.8907416], [151.1997791, -33.891123], [151.1994183, -33.8915103], [151.1992178, -33.891714], [151.1990482, -33.891872], [151.1988152, -33.8920645], [151.1987015, -33.8921527], [151.1985761, -33.8922502], [151.1983956, -33.8923834], [151.198218, -33.8924913], [151.1980554, -33.8925856], [151.1979032, -33.8926652], [151.1976861, -33.8927719], [151.1974638, -33.8928812], [151.1969816, -33.8931079], [151.1966055, -33.8932948], [151.1962911, -33.8934665], [151.19581, -33.8936989], [151.1954765, -33.8938593], [151.1950116, -33.8940482], [151.1946066, -33.8941984], [151.1940825, -33.8943652], [151.1937094, -33.8944785], [151.1932267, -33.8945846], [151.1926666, -33.8947169], [151.1923665, -33.8948015]], [[151.1923665, -33.8948015], [151.1918309, -33.8949636], [151.1914302, -33.8950983], [151.1909104, -33.8952699], [151.1905686, -33.8953879], [151.1900229, -33.8955906], [151.1895821, -33.8957825], [151.1891412, -33.8960054], [151.1887765, -33.8962128], [151.1883672, -33.8964917], [151.1882611, -33.8965711], [151.1879278, -33.8968207], [151.1875602, -33.8970948], [151.1873089, -33.8973058], [151.1870705, -33.8975275]], [[151.1870705, -33.8975275], [151.186848, -33.8977623], [151.1866512, -33.8980078], [151.1864617, -33.8982617]], [[151.1864617, -33.8982617], [151.1862908, -33.8985156]], [[151.1862908, -33.8985156], [151.1861572, -33.8987289], [151.1859548, -33.8990794], [151.1858471, -33.8992999], [151.1856465, -33.8997452], [151.1855843, -33.8998922], [151.1854723, -33.9001306], [151.1853605, -33.9004058], [151.1852934, -33.9005874], [151.1852306, -33.900785], [151.1851494, -33.901152], [151.18508, -33.9015824], [151.1850141, -33.9020139], [151.1849314, -33.9023837]], [[151.1849314, -33.9023837], [151.1848759, -33.9025845]], [[151.1848759, -33.9025845], [151.1847051, -33.9032466], [151.184548, -33.9037721]], [[151.184548, -33.9037721], [151.1844994, -33.9039254]], [[151.1844994, -33.9039254], [151.1844546, -33.9040542], [151.1843242, -33.9043868], [151.1841517, -33.9047158]], [[151.1841517, -33.9047158], [151.1839457, -33.9050479], [151.1838548, -33.9051694]], [[151.1838548, -33.9051694], [151.1837896, -33.9052581]], [[151.1837896, -33.9052581], [151.1837157, -33.9053471], [151.1836103, -33.9054753], [151.1834223, -33.9056741], [151.1831672, -33.9059227], [151.1829157, -33.9061354], [151.182651, -33.9063362], [151.1823635, -33.9065231], [151.1820557, -33.906701], [151.1817736, -33.9068509], [151.1816928, -33.9068889]], [[151.1816928, -33.9068889], [151.1812412, -33.9070838]], [[151.1812412, -33.9070838], [151.1810623, -33.9071508], [151.180836, -33.9072281], [151.1805241, -33.9073192], [151.179616, -33.9075624], [151.1794695, -33.9076007], [151.1786018, -33.9078324], [151.1780344, -33.9079847], [151.1767221, -33.9083332], [151.1763053, -33.9084635], [151.1758514, -33.9086265], [151.1754957, -33.9087716], [151.175243, -33.9088864], [151.1746608, -33.9091642], [151.1742464, -33.9093849], [151.1737925, -33.9096473], [151.173287, -33.9099644], [151.1728247, -33.9102676], [151.1712042, -33.9113421], [151.170107, -33.9120717], [151.1696112, -33.9124007], [151.1693355, -33.912583], [151.1689559, -33.912834], [151.1688255, -33.9129206], [151.1682576, -33.9132938]], [[151.1682576, -33.9132938], [151.1681691, -33.913352]], [[151.1681691, -33.913352], [151.1678026, -33.913617], [151.167514, -33.9138305], [151.1673233, -33.9139619], [151.167274, -33.9139958], [151.1672396, -33.9140195], [151.1666888, -33.9143833], [151.1664124, -33.9145628], [151.1662757, -33.9146512], [151.166145, -33.9147414]], [[151.166145, -33.9147414], [151.1660241, -33.9148187], [151.1657796, -33.9149781]], [[151.1657796, -33.9149781], [151.1654826, -33.9151884]], [[151.1654826, -33.9151884], [151.1653185, -33.9153032], [151.1651628, -33.9154075], [151.164959, -33.915539], [151.1647353, -33.915677]], [[151.1647353, -33.915677], [151.1643823, -33.9158947], [151.1640464, -33.9161019], [151.1638318, -33.9162343], [151.1634655, -33.9164761], [151.1631186, -33.9167051], [151.1627498, -33.9169485]], [[151.1627498, -33.9169485], [151.1622909, -33.9172356], [151.1609715, -33.9181315], [151.1598982, -33.9188421], [151.1592209, -33.9192869], [151.158847, -33.9195801], [151.1584834, -33.9198915], [151.1581682, -33.9202054], [151.1579623, -33.9204527], [151.1574337, -33.9211665]], [[151.1574337, -33.9211665], [151.15729, -33.9214135], [151.1571243, -33.9217274]], [[151.1571243, -33.9217274], [151.1570056, -33.9220035]], [[151.1570056, -33.9220035], [151.1568897, -33.9223381]], [[151.1568897, -33.9223381], [151.1568229, -33.9226422], [151.1567344, -33.9229313], [151.15669, -33.9231303], [151.1566189, -33.9234495]], [[151.1566189, -33.9234495], [151.1565712, -33.9236517], [151.1565075, -33.9239414], [151.1564779, -33.924065], [151.1564377, -33.9242159], [151.1563957, -33.9243684], [151.1563555, -33.9244849], [151.1563057, -33.9246293], [151.1562612, -33.9247302], [151.1562091, -33.9248672], [151.1561085, -33.9250812], [151.1560208, -33.9252566], [151.1560023, -33.9252909], [151.1559734, -33.9253445], [151.1559254, -33.9254296], [151.1557102, -33.9257599], [151.1556479, -33.925844]], [[151.1556479, -33.925844], [151.1551802, -33.9264808]], [[151.1551802, -33.9264808], [151.1549088, -33.9268007], [151.1546713, -33.9270734]], [[151.1546713, -33.9270734], [151.154501, -33.927238], [151.1543391, -33.9273891], [151.1540686, -33.9276529], [151.1540071, -33.927711], [151.1538034, -33.9279037]], [[151.1538034, -33.9279037], [151.1535211, -33.9281284], [151.1533852, -33.9282224], [151.1532625, -33.9282969], [151.1531006, -33.928387], [151.1529664, -33.9284533], [151.1528187, -33.9285187], [151.15263, -33.9285936], [151.1524625, -33.9286484], [151.152355, -33.92868], [151.1522119, -33.9287165], [151.1520463, -33.9287522], [151.1519095, -33.928777], [151.1517753, -33.9287966], [151.151656, -33.9288108], [151.1515306, -33.9288214]], [[151.1515306, -33.9288214], [151.1514077, -33.928828], [151.1512688, -33.9288306], [151.1511628, -33.9288295], [151.1510005, -33.9288246], [151.1508418, -33.9288153], [151.1506617, -33.9288003], [151.1504264, -33.9287746], [151.1502167, -33.9287506], [151.149894, -33.9287049], [151.1495714, -33.9286519], [151.149435, -33.9286281], [151.1489117, -33.9285294], [151.1483431, -33.9284171], [151.1482749, -33.9284004]], [[151.1482749, -33.9284004], [151.1481281, -33.9283692]], [[151.1481281, -33.9283692], [151.1478602, -33.9283274], [151.1474468, -33.9282644], [151.1470251, -33.9282253], [151.1466652, -33.9282145], [151.1462978, -33.9282228], [151.1460721, -33.9282417], [151.1458038, -33.928271], [151.1455701, -33.9283066], [151.1453571, -33.9283468], [151.1449406, -33.9284448], [151.1443893, -33.9286107], [151.1441699, -33.9286877]], [[151.1441699, -33.9286877], [151.1435706, -33.9288507], [151.1431616, -33.9289545], [151.1428445, -33.9290375]], [[151.1428445, -33.9290375], [151.1424388, -33.9291664], [151.1417819, -33.9293738], [151.1414258, -33.9294895], [151.1410466, -33.9296189], [151.140976, -33.9296435]], [[151.140976, -33.9296435], [151.1408098, -33.9297021], [151.1406395, -33.9297641], [151.1404356, -33.9298321], [151.1400497, -33.9299595], [151.1397435, -33.9300555], [151.1394368, -33.9301469], [151.1393041, -33.930185], [151.1391831, -33.9302188], [151.13885, -33.9303119]], [[151.13885, -33.9303119], [151.1387896, -33.9303304], [151.1382543, -33.9304842], [151.1377271, -33.9306442], [151.1371965, -33.9308115], [151.1365868, -33.9309868], [151.1360633, -33.931142], [151.1355094, -33.931318], [151.1348641, -33.9315234], [151.1344102, -33.9316594], [151.1339064, -33.9317959]], [[151.1339064, -33.9317959], [151.1337622, -33.9318273]], [[151.1337622, -33.9318273], [151.1335144, -33.9318751], [151.1330719, -33.9319318], [151.1326296, -33.9319601], [151.1321456, -33.9319536], [151.1317634, -33.9319216], [151.1313298, -33.9318643], [151.1308995, -33.9317711], [151.1305212, -33.9316706], [151.1300548, -33.9315261], [151.1298346, -33.931458], [151.1293469, -33.9313068], [151.1289168, -33.9311956], [151.1285491, -33.9311217], [151.1281497, -33.9310654], [151.1277221, -33.931033], [151.127333, -33.931035]], [[151.127333, -33.931035], [151.1269347, -33.931053], [151.1265763, -33.9310906], [151.126377, -33.931126], [151.1261679, -33.931175], [151.1259798, -33.9312241], [151.1257946, -33.9312813], [151.1257092, -33.9313096]], [[151.1257092, -33.9313096], [151.1255502, -33.9313707], [151.1253087, -33.931468], [151.1250284, -33.931591], [151.1242954, -33.9319362], [151.1241565, -33.9319994], [151.1240381, -33.9320488]], [[151.1240381, -33.9320488], [151.1238386, -33.9321497], [151.1231418, -33.9324873], [151.1226724, -33.9327073], [151.1221659, -33.9329217], [151.1216979, -33.9331046], [151.1210194, -33.9333587], [151.1205719, -33.9335373], [151.1201751, -33.9337082], [151.1198058, -33.9338951], [151.1194157, -33.9341253], [151.1191081, -33.9343343], [151.1187793, -33.9345896], [151.1184812, -33.9348465], [151.1181612, -33.9351335], [151.1178759, -33.9353931], [151.1176919, -33.9355585], [151.1173695, -33.935853], [151.1170636, -33.9361232], [151.1168833, -33.9362757], [151.1166894, -33.9364261], [151.1163434, -33.9366607], [151.1161592, -33.9367685], [151.1159888, -33.9368636], [151.1158421, -33.9369355], [151.1156457, -33.9370271], [151.1154961, -33.9370916], [151.1152957, -33.9371719], [151.1149091, -33.9373031], [151.1145382, -33.9374097], [151.1143024, -33.9374662]], [[151.1143024, -33.9374662], [151.1139288, -33.93754], [151.1136065, -33.9375896], [151.1129822, -33.9376525], [151.1127448, -33.9376726], [151.1124837, -33.9376924]], [[151.1124837, -33.9376924], [151.1123044, -33.9377064], [151.1121431, -33.9377165], [151.1119697, -33.9377309], [151.1116718, -33.9377616], [151.1109492, -33.9378411], [151.1080799, -33.9381149], [151.1074736, -33.9381944], [151.1068816, -33.9383022], [151.1062884, -33.9384166], [151.1057017, -33.9385636], [151.1051255, -33.9387345], [151.1045585, -33.9389283], [151.1039994, -33.9391461], [151.1033592, -33.9394287], [151.1020597, -33.9399751], [151.1012106, -33.9403701], [151.0998429, -33.9409655], [151.0997582, -33.9410019], [151.0995044, -33.9411112], [151.0988398, -33.9413925], [151.098763, -33.941425], [151.0973282, -33.9420355], [151.0968064, -33.942277], [151.0963397, -33.9425031], [151.095883, -33.942759], [151.0954643, -33.9429952]], [[151.0954643, -33.9429952], [151.0950325, -33.9432587], [151.0946125, -33.9435429], [151.0941688, -33.9438739], [151.0932971, -33.9445536], [151.0928787, -33.9448637], [151.0924587, -33.9451446], [151.0920045, -33.9454102], [151.0915311, -33.9456537], [151.091049, -33.9458675], [151.090549, -33.9460581], [151.0900292, -33.9462366], [151.088218, -33.946818], [151.0866207, -33.947345], [151.0859422, -33.9475627], [151.0858244, -33.9476009]], [[151.0858244, -33.9476009], [151.0857308, -33.9476304]], [[151.0857308, -33.9476304], [151.085555, -33.9476869], [151.0851057, -33.9478321]], [[151.0851057, -33.9478321], [151.0849683, -33.9478765]], [[151.0849683, -33.9478765], [151.0836847, -33.9482913], [151.0827102, -33.9486009]], [[151.0827102, -33.9486009], [151.0823471, -33.9487175], [151.0818503, -33.9488799], [151.0812597, -33.9490743], [151.0809268, -33.9491757], [151.0802956, -33.9493764]], [[151.0802956, -33.9493764], [151.0800661, -33.9494463], [151.0796159, -33.9495824], [151.0791657, -33.9497011], [151.0787051, -33.9497958], [151.0781984, -33.9498633], [151.0777036, -33.9499014], [151.0772114, -33.9499036], [151.0767114, -33.9498753], [151.0762297, -33.9498165], [151.0757506, -33.9497294], [151.075269, -33.9496097], [151.0747978, -33.9494529], [151.074345, -33.94927], [151.0721085, -33.9482933], [151.0718699, -33.9481897]], [[151.0718699, -33.9481897], [151.0716275, -33.9480877]], [[151.0716275, -33.9480877], [151.0715694, -33.9480629], [151.0711639, -33.9479089], [151.070808, -33.9477911]], [[151.070808, -33.9477911], [151.0706193, -33.9477372]], [[151.0706193, -33.9477372], [151.0704777, -33.9476966], [151.0703366, -33.9476577], [151.0701847, -33.9476195], [151.0699763, -33.9475713], [151.0697118, -33.9475142], [151.069443, -33.947463], [151.0693184, -33.9474394], [151.0691937, -33.9474195], [151.0690143, -33.9473937], [151.068765, -33.9473689], [151.068309, -33.9473415], [151.067808, -33.9473578], [151.0673154, -33.9474067], [151.0668229, -33.9474869], [151.0663347, -33.9475976], [151.066067, -33.9476702], [151.0658824, -33.9477203], [151.0652573, -33.9478919], [151.0639311, -33.9482551]], [[151.0639311, -33.9482551], [151.0625553, -33.9486367], [151.0618815, -33.9488282], [151.0611821, -33.9490225], [151.0593215, -33.9495389]], [[151.0593215, -33.9495389], [151.0590368, -33.9496176]], [[151.0590368, -33.9496176], [151.0586657, -33.9497184], [151.0573677, -33.9500766], [151.0553207, -33.9506383], [151.0541612, -33.9509657], [151.0536425, -33.9511133], [151.0531253, -33.9512708], [151.05295, -33.9513218]], [[151.05295, -33.9513218], [151.0525759, -33.9514306], [151.0522502, -33.9515249], [151.0517388, -33.9516682], [151.0513972, -33.9517591], [151.0511848, -33.9518203]], [[151.0511848, -33.9518203], [151.0506803, -33.9519484], [151.0500621, -33.9521101], [151.0494276, -33.9522753], [151.048877, -33.9524172], [151.0483802, -33.95253], [151.0478936, -33.952613], [151.0473984, -33.9526715], [151.0472356, -33.9526822], [151.0469083, -33.9526973], [151.0467019, -33.9526994], [151.046405, -33.9526874], [151.0459448, -33.9526611], [151.0453498, -33.9525966], [151.0447171, -33.952525], [151.0434354, -33.9523711]], [[151.0434354, -33.9523711], [151.0433428, -33.95236]], [[151.0433428, -33.95236], [151.0428368, -33.9522952]], [[151.0428368, -33.9522952], [151.0410331, -33.9520714]], [[151.0410331, -33.9520714], [151.0398563, -33.9519197], [151.0392962, -33.951851], [151.0389371, -33.9518141], [151.038597, -33.9517914], [151.0381599, -33.9517799], [151.0375769, -33.9517845], [151.0354232, -33.9518571], [151.0347412, -33.9518671], [151.0343792, -33.9518714], [151.0338753, -33.9518824], [151.0332599, -33.9519147], [151.0326509, -33.951954], [151.03209, -33.9519796]], [[151.03209, -33.9519796], [151.0320404, -33.951981], [151.0319718, -33.9519824]], [[151.0319718, -33.9519824], [151.0319098, -33.9519844]], [[151.0319098, -33.9519844], [151.0317136, -33.9519879], [151.031598, -33.9519868], [151.031465, -33.9519815]], [[151.031465, -33.9519815], [151.031297, -33.9519748], [151.0308261, -33.9519744], [151.0301588, -33.9519905], [151.0298124, -33.952003], [151.029482, -33.9520125], [151.0291487, -33.9520237], [151.0289746, -33.9520296], [151.0287778, -33.9520336], [151.028281, -33.9520477], [151.028038, -33.9520557], [151.0273332, -33.9520779], [151.0267938, -33.9520945], [151.0264015, -33.9521064], [151.0257915, -33.9521265], [151.0238269, -33.9521892]], [[151.0238269, -33.9521892], [151.0230992, -33.9522097], [151.022441, -33.9522389], [151.0221067, -33.9522602], [151.0216652, -33.9522878], [151.0214989, -33.952298], [151.0209026, -33.9523403], [151.0205375, -33.9523622], [151.0201809, -33.9523807], [151.0194686, -33.952402], [151.0189093, -33.952421], [151.018175, -33.9524444], [151.0179094, -33.9524526]], [[151.0179094, -33.9524526], [151.0173601, -33.952475]], [[151.0173601, -33.952475], [151.0170369, -33.9524857]], [[151.0170369, -33.9524857], [151.0162849, -33.9525046], [151.0159145, -33.9525158], [151.0157158, -33.9525218], [151.0155669, -33.9525277], [151.0148518, -33.9525502], [151.0143829, -33.9525619], [151.01396, -33.9525653], [151.0138062, -33.9525645]], [[151.0138062, -33.9525645], [151.0134118, -33.9525626], [151.0130964, -33.9525646], [151.012871, -33.9525701], [151.0123665, -33.952597], [151.0120921, -33.9526238], [151.0117629, -33.9526559], [151.0113178, -33.9527126], [151.0109378, -33.9527581], [151.0102376, -33.9528482], [151.0096876, -33.9529233]], [[151.0096876, -33.9529233], [151.0089636, -33.9530219], [151.0086943, -33.9530513]], [[151.0086943, -33.9530513], [151.0085074, -33.9530655], [151.0080324, -33.9531091], [151.0073535, -33.9531889], [151.0069582, -33.9532365]], [[151.0069582, -33.9532365], [151.0066579, -33.9532726], [151.0050633, -33.9534628], [151.0038098, -33.9536189], [151.0023716, -33.9537948], [151.0009436, -33.9539721], [150.9996669, -33.9541288], [150.9991519, -33.9542029], [150.9987178, -33.9542702], [150.9984737, -33.9543072], [150.9982919, -33.9543321], [150.9978915, -33.9543827], [150.9973605, -33.9544493], [150.9971024, -33.9544728], [150.996822, -33.9544994], [150.9965319, -33.9545302], [150.9962421, -33.9545629], [150.9956709, -33.9546622], [150.9954448, -33.9547101], [150.9951956, -33.9547659], [150.9947501, -33.9548799], [150.9945157, -33.9549449], [150.9942932, -33.9550115], [150.99388, -33.9551409], [150.99339, -33.9553196], [150.9929232, -33.9555028], [150.9923491, -33.9557567], [150.992025, -33.9559164], [150.9918083, -33.9560277], [150.9912811, -33.9563188], [150.9907852, -33.9566208], [150.9902689, -33.9569725], [150.989805, -33.9573225], [150.9893492, -33.9576974], [150.9889175, -33.9580784], [150.9884359, -33.9585196], [150.9876054, -33.9592834], [150.9870382, -33.9598036], [150.9865765, -33.9602233], [150.9863704, -33.9604126], [150.9861929, -33.9605765]], [[150.9861929, -33.9605765], [150.9860153, -33.9607403], [150.9856604, -33.9610716], [150.9852779, -33.9614207], [150.9851222, -33.9615603], [150.9848723, -33.9617739], [150.9846271, -33.9619719], [150.9844348, -33.9621228], [150.9842811, -33.9622386], [150.9842572, -33.9622566]], [[150.9842572, -33.9622566], [150.9840633, -33.9624013]], [[150.9840633, -33.9624013], [150.9839345, -33.9624947], [150.9836405, -33.9626933], [150.9832621, -33.9629301]], [[150.9832621, -33.9629301], [150.9829886, -33.9631042]], [[150.9829886, -33.9631042], [150.9826976, -33.9632718], [150.9824678, -33.9633964]], [[150.9824678, -33.9633964], [150.9819482, -33.9636704], [150.9813979, -33.9639292], [150.9808322, -33.9641735], [150.9802369, -33.9643953], [150.9796629, -33.9645865], [150.979088, -33.9647514]], [[150.979088, -33.9647514], [150.9784673, -33.96491], [150.9778542, -33.9650348], [150.9772319, -33.9651353], [150.9769293, -33.9651759], [150.9766452, -33.9652037], [150.9759972, -33.9652572], [150.9753904, -33.9652781], [150.9747653, -33.965277], [150.9742249, -33.9652554], [150.973684, -33.9652143], [150.973142, -33.9651548], [150.9720729, -33.9650176], [150.971003, -33.9648719], [150.9688803, -33.9645871]], [[150.9688803, -33.9645871], [150.9682006, -33.9644946]], [[150.9682006, -33.9644946], [150.9603695, -33.9634357], [150.9597001, -33.9633577], [150.9591351, -33.9633091], [150.9585474, -33.9632771], [150.9582914, -33.9632669], [150.9579596, -33.9632582], [150.9561127, -33.9632665], [150.9556843, -33.9632673], [150.9554515, -33.9632693], [150.9549474, -33.9632733], [150.954572, -33.963281], [150.9542415, -33.9632904]], [[150.9542415, -33.9632904], [150.9534874, -33.9633318]], [[150.9534874, -33.9633318], [150.9531885, -33.9633468], [150.9407557, -33.9641055], [150.9281818, -33.964874], [150.9277185, -33.9649025], [150.921393, -33.9652873], [150.9192871, -33.9654151], [150.9182448, -33.965455], [150.9175693, -33.9654535], [150.9168959, -33.9654354], [150.916213, -33.9653975], [150.9156883, -33.9653558], [150.9151412, -33.9652996], [150.9146153, -33.9652423], [150.9141271, -33.9651936]], [[150.9141271, -33.9651936], [150.9123767, -33.9650124]], [[150.9123767, -33.9650124], [150.9121697, -33.96499], [150.9102918, -33.964787]], [[150.9102918, -33.964787], [150.9098124, -33.9647385]], [[150.9098124, -33.9647385], [150.9075535, -33.9644976]], [[150.9075535, -33.9644976], [150.9072453, -33.9644698]], [[150.9072453, -33.9644698], [150.906664, -33.9644185], [150.9061071, -33.964393], [150.9055429, -33.9643979], [150.9049817, -33.9644318], [150.9044204, -33.9644961], [150.9038679, -33.9645906], [150.9033315, -33.9647167], [150.9027951, -33.9648706], [150.9022981, -33.9650452], [150.9018143, -33.9652464], [150.9013334, -33.965478], [150.9011046, -33.965604], [150.9008759, -33.9657301], [150.9004345, -33.9660114], [150.9000706, -33.9662756], [150.8991425, -33.9670492]], [[150.8991425, -33.9670492], [150.8990676, -33.9671111], [150.8989351, -33.9672173]], [[150.8989351, -33.9672173], [150.8982259, -33.9678132], [150.8976422, -33.9683111], [150.8968313, -33.9690202], [150.8959401, -33.9698243]], [[150.8959401, -33.9698243], [150.8953727, -33.9703244]], [[150.8953727, -33.9703244], [150.8951718, -33.9705014], [150.8944759, -33.971177], [150.8943522, -33.971298], [150.8939386, -33.9716827], [150.8936412, -33.9719452], [150.8928669, -33.972626], [150.8923862, -33.9730568], [150.8922641, -33.9731634]], [[150.8922641, -33.9731634], [150.8918542, -33.9735219], [150.8914181, -33.9739095]], [[150.8914181, -33.9739095], [150.8907309, -33.9745374], [150.8905304, -33.9747174], [150.8890988, -33.9759525], [150.8882179, -33.9766529], [150.8877537, -33.977019]], [[150.8877537, -33.977019], [150.887299, -33.9773908]], [[150.887299, -33.9773908], [150.8871264, -33.977537]], [[150.8871264, -33.977537], [150.8866389, -33.9779772]], [[150.8866389, -33.9779772], [150.8862927, -33.9782799], [150.8857755, -33.9787391], [150.885669, -33.9788332], [150.8841401, -33.9801853], [150.8824026, -33.9817216], [150.8811108, -33.9828635]], [[150.8811108, -33.9828635], [150.8805537, -33.9833597]], [[150.8805537, -33.9833597], [150.8796516, -33.9841584], [150.8795367, -33.98426]], [[150.8795367, -33.98426], [150.8789255, -33.9848007], [150.8787967, -33.984917], [150.8783606, -33.9853006], [150.8783206, -33.9853361]], [[150.8783206, -33.9853361], [150.8777012, -33.9858851], [150.8772395, -33.986284], [150.8768142, -33.9866221], [150.8763946, -33.9869471], [150.87599, -33.9872734], [150.8755766, -33.9876305]], [[150.8755766, -33.9876305], [150.8751239, -33.9880358]], [[150.8751239, -33.9880358], [150.8747678, -33.9883504], [150.8744087, -33.9887036], [150.874047, -33.9890661], [150.8736834, -33.9894237], [150.8733063, -33.9897773]], [[150.8733063, -33.9897773], [150.8692556, -33.993368]], [[150.8692556, -33.993368], [150.8666901, -33.9956421], [150.8661639, -33.9961093], [150.8658495, -33.9963846], [150.8646344, -33.9974659], [150.8645663, -33.9975253], [150.864005, -33.9980224], [150.8635548, -33.9984221], [150.8631475, -33.9987805], [150.8629308, -33.9989732], [150.8623151, -33.9995186], [150.8612717, -34.0004418], [150.8605355, -34.0010932], [150.8599228, -34.0016352], [150.8593272, -34.0021626], [150.8589783, -34.0024711], [150.8578086, -34.0035044]], [[150.8578086, -34.0035044], [150.8559272, -34.0051679], [150.8540232, -34.0068463]], [[150.8540232, -34.0068463], [150.8533819, -34.0074138]], [[150.8533819, -34.0074138], [150.8531945, -34.0075855], [150.8518487, -34.0087792], [150.851429, -34.0091705], [150.8510129, -34.0095814], [150.8506122, -34.0099976], [150.8502277, -34.010427], [150.8498574, -34.0108672], [150.8494984, -34.0113181], [150.8491586, -34.0117737], [150.8488373, -34.0122321], [150.8485326, -34.012706], [150.8482568, -34.0131644], [150.8479843, -34.0136501], [150.8477245, -34.0141495], [150.8475118, -34.0145973], [150.847324, -34.0150167], [150.8472514, -34.0151926]], [[150.8472514, -34.0151926], [150.8471582, -34.0154184], [150.8466074, -34.0168465], [150.8462593, -34.0177424]], [[150.8462593, -34.0177424], [150.8459393, -34.0185796], [150.8451336, -34.0206569], [150.8445817, -34.0221047], [150.8442813, -34.022855], [150.844136, -34.0232528], [150.8436022, -34.024646], [150.8430793, -34.0259919], [150.842963, -34.0262973], [150.8424138, -34.0277234], [150.8419602, -34.0289067], [150.8417984, -34.0293223]], [[150.8417984, -34.0293223], [150.8415941, -34.0298483]], [[150.8415941, -34.0298483], [150.8411631, -34.0309765], [150.8405854, -34.0324721], [150.8400923, -34.0337532], [150.8395137, -34.035252], [150.8386375, -34.0375244], [150.8383211, -34.038333], [150.8378166, -34.0396324]], [[150.8378166, -34.0396324], [150.8377508, -34.039794]], [[150.8377508, -34.039794], [150.8375972, -34.0402044], [150.8366933, -34.0425394], [150.8358324, -34.044761]], [[150.8358324, -34.044761], [150.8356452, -34.0452369], [150.8354536, -34.0456778], [150.8352327, -34.0461126], [150.8349814, -34.0465452], [150.834717, -34.0469463], [150.834393, -34.0473781], [150.8342228, -34.0475854], [150.8340535, -34.0477835], [150.8337186, -34.048136], [150.8335574, -34.0482958], [150.8333434, -34.0484947], [150.8329481, -34.0488355], [150.8324798, -34.0492153], [150.8323843, -34.0492909], [150.8322795, -34.0493763], [150.8320107, -34.0495889], [150.8315668, -34.0499498]], [[150.8315668, -34.0499498], [150.8312999, -34.0501598]], [[150.8312999, -34.0501598], [150.8309769, -34.0504203], [150.8306606, -34.0506727], [150.8300668, -34.0511502], [150.8294299, -34.0516626], [150.8291797, -34.0518635]], [[150.8291797, -34.0518635], [150.8280947, -34.0527327]], [[150.8280947, -34.0527327], [150.827998, -34.0528088]], [[150.827998, -34.0528088], [150.8253808, -34.0549132], [150.823398, -34.0565027], [150.8226077, -34.0571357], [150.8221355, -34.057515]], [[150.8221355, -34.057515], [150.8219315, -34.0576788], [150.8201651, -34.0590971], [150.8180739, -34.0607745], [150.8172603, -34.0614319], [150.8170422, -34.0616018], [150.8166669, -34.061895], [150.8165349, -34.0620007], [150.8156979, -34.0626725]], [[150.8156979, -34.0626725], [150.8155334, -34.0628061], [150.8149058, -34.0633159], [150.8147077, -34.063479], [150.8146365, -34.0635358], [150.8144217, -34.0637073], [150.8137298, -34.0642595], [150.8136837, -34.0642962], [150.8132364, -34.0646532], [150.8132088, -34.0646757], [150.81314, -34.0647316], [150.8129811, -34.0648608], [150.8120209, -34.0656299], [150.8116786, -34.0659044], [150.8107557, -34.0666444]], [[150.8107557, -34.0666444], [150.8091738, -34.0679129], [150.8087125, -34.068262]], [[150.8087125, -34.068262], [150.8082058, -34.0686142], [150.8076762, -34.0689522], [150.8074465, -34.0690905], [150.8071352, -34.0692683], [150.8065715, -34.069567], [150.8060029, -34.0698396], [150.8054175, -34.0700984], [150.8050132, -34.0702572], [150.8045634, -34.0704169]], [[150.8045634, -34.0704169], [150.8045481, -34.0704223], [150.8042258, -34.0705277]], [[150.8042258, -34.0705277], [150.804155, -34.0705509], [150.8037843, -34.070666], [150.8031944, -34.0708279], [150.8026032, -34.0709685], [150.8019819, -34.0710953], [150.8013554, -34.0712136], [150.8004028, -34.0713934], [150.8003319, -34.0714067]], [[150.8003319, -34.0714067], [150.7983177, -34.07179]], [[150.7983177, -34.07179], [150.797682, -34.0719114], [150.7975045, -34.0719457], [150.7973327, -34.0719783], [150.7965925, -34.0721187], [150.7959405, -34.0722423], [150.7958699, -34.0722557], [150.7958385, -34.0722608]]]}}, {"type": "Feature", "properties": {"name": "Northern Line", "ref": "T9", "mode": "train", "network": "Sydney Trains", "from": "Hornsby", "to": "Gordon"}, "geometry": {"type": "MultiLineString", "coordinates": [[[151.0989539, -33.7011168], [151.0988509, -33.7015169], [151.0987732, -33.7017895], [151.0987424, -33.7018974], [151.0987185, -33.7019846], [151.0985949, -33.7024341], [151.0984616, -33.7029119], [151.0983772, -33.7032236], [151.0982405, -33.703728], [151.0982278, -33.7037751], [151.09811, -33.7042098], [151.0980827, -33.7043106], [151.097908, -33.704952], [151.097896, -33.7049916]], [[151.097896, -33.7049916], [151.0977716, -33.7054376], [151.0976684, -33.705832]], [[151.0976684, -33.705832], [151.0975026, -33.706458], [151.0972542, -33.7073852], [151.0971775, -33.707784], [151.0971413, -33.708155], [151.0971271, -33.7085953], [151.0971435, -33.7089939], [151.0971743, -33.7093687], [151.0972359, -33.709764], [151.097341, -33.7102093], [151.0974518, -33.7105647], [151.0975648, -33.7108863], [151.0976418, -33.7110956], [151.0978128, -33.7114631], [151.0979094, -33.7116416], [151.0980079, -33.7118179], [151.0981568, -33.71207], [151.0984649, -33.7125299], [151.0986322, -33.712772], [151.0988428, -33.7130793], [151.0991244, -33.7135069], [151.0992235, -33.7136764], [151.0993125, -33.7138417], [151.0994044, -33.7140231], [151.0994905, -33.7142172], [151.0995623, -33.7143981], [151.0996381, -33.7146079], [151.0996961, -33.7147985], [151.0997487, -33.7149967], [151.0997893, -33.7151809], [151.0998218, -33.7153556], [151.0998483, -33.7155315], [151.0998694, -33.7157173], [151.0998805, -33.7159071], [151.0998862, -33.7160718], [151.0998865, -33.7162605], [151.0998794, -33.7164296], [151.0998644, -33.7166319], [151.0998419, -33.7168147], [151.0998161, -33.7169881], [151.0997752, -33.7172001], [151.0997282, -33.7173919], [151.0996773, -33.7175797], [151.0996203, -33.7177564], [151.0995502, -33.7179527], [151.0994775, -33.7181301], [151.099396, -33.7183101], [151.0993242, -33.7184566], [151.0992277, -33.7186361], [151.0991456, -33.7187793], [151.0990325, -33.718959], [151.0989253, -33.7191223], [151.0987992, -33.7192931], [151.0986765, -33.7194497], [151.0985209, -33.7196325], [151.0982513, -33.7199157], [151.0980931, -33.7200702], [151.097958, -33.7201961], [151.0976784, -33.7204272], [151.0973153, -33.7206979], [151.0969656, -33.7209239], [151.0965988, -33.7211285], [151.0962837, -33.7212853], [151.0958049, -33.7214866]], [[151.0958049, -33.7214866], [151.0953878, -33.7216333], [151.094964, -33.7217571], [151.0945262, -33.7218608], [151.0940789, -33.7219344], [151.0936323, -33.7219858], [151.0932213, -33.7220086], [151.092762, -33.7220159], [151.0922758, -33.7219986], [151.0911613, -33.7219551], [151.0907469, -33.7219495], [151.0903171, -33.7219646], [151.0898927, -33.7220042], [151.0894742, -33.7220655], [151.0890652, -33.7221486], [151.0886092, -33.7222671], [151.0882321, -33.7223777], [151.0878157, -33.7225414], [151.0874252, -33.7227195], [151.08704, -33.7229182], [151.0866688, -33.7231428], [151.0863557, -33.7233549], [151.0860674, -33.7235777], [151.0857984, -33.7238094], [151.0855294, -33.7240716], [151.085268, -33.7243365], [151.0848774, -33.7247437], [151.0844492, -33.7252099], [151.0840189, -33.7256752], [151.0813684, -33.7285063]], [[151.0813684, -33.7285063], [151.0812466, -33.7286364], [151.0800249, -33.7299497], [151.0796996, -33.7302994], [151.0787899, -33.7312773], [151.077781, -33.7323557], [151.0777007, -33.7324411], [151.0774852, -33.7326712], [151.0771902, -33.7329874], [151.0768665, -33.733333], [151.0765207, -33.7337041], [151.0734684, -33.7369694], [151.0732869, -33.7371651], [151.0731221, -33.7373415]], [[151.0731221, -33.7373415], [151.0721625, -33.7383687], [151.071957, -33.7385894], [151.071409, -33.7391538], [151.0700817, -33.7405728], [151.0698192, -33.7408331], [151.0695395, -33.7410783], [151.0692447, -33.7412948], [151.0688843, -33.741497], [151.0685755, -33.7416473], [151.068214, -33.7417913]], [[151.068214, -33.7417913], [151.0673393, -33.7420687], [151.0670628, -33.7421707], [151.0667938, -33.7423022], [151.0665248, -33.7424561], [151.0662849, -33.7426341], [151.0660557, -33.7428381], [151.0658621, -33.7430546], [151.0656867, -33.7432952], [151.0655468, -33.743543], [151.0654392, -33.7438034], [151.0653671, -33.7440646], [151.0653209, -33.7443437], [151.0653166, -33.7445853], [151.0653359, -33.7448564], [151.0653887, -33.7451301], [151.0654833, -33.7454003], [151.0656254, -33.7456723], [151.0657792, -33.7459084], [151.0662806, -33.7465731], [151.0664473, -33.7468272], [151.0665851, -33.7470849], [151.066698, -33.7473729], [151.0667949, -33.7476887], [151.066839, -33.7479106], [151.0668745, -33.7481538], [151.0668805, -33.7483062], [151.0668771, -33.7484587], [151.0668577, -33.7486582], [151.0668209, -33.748857], [151.066764, -33.7490603], [151.066717, -33.7491914], [151.0666649, -33.7493128], [151.0665587, -33.7495381], [151.0664202, -33.749801], [151.0662763, -33.750085], [151.06621, -33.7502446], [151.0661625, -33.7503806], [151.0661047, -33.7506012], [151.0660807, -33.7507285], [151.0660653, -33.7508489], [151.0660505, -33.7510025], [151.0660538, -33.7511366], [151.0660598, -33.7512616], [151.0660772, -33.751418], [151.0660935, -33.7515429], [151.0661792, -33.7518285], [151.0662933, -33.7520916], [151.0664394, -33.7523421], [151.0666159, -33.7525812], [151.0668198, -33.7527912], [151.067048, -33.7529885], [151.0673036, -33.7531707], [151.067576, -33.7533288], [151.0678276, -33.7534493], [151.0681288, -33.7535638], [151.0684408, -33.7536568], [151.0687657, -33.753723], [151.069095, -33.7537749], [151.0697473, -33.7538645]], [[151.0697473, -33.7538645], [151.0758667, -33.7547052], [151.0762604, -33.754775], [151.0766564, -33.754868], [151.07702, -33.75497], [151.0773858, -33.755088], [151.0777452, -33.7552222], [151.0780378, -33.7553528], [151.0783523, -33.7555305], [151.0786175, -33.7556893], [151.0789575, -33.7559115], [151.0791231, -33.7560244], [151.0793136, -33.7561715], [151.0795782, -33.7564013], [151.0798711, -33.7566713], [151.0801294, -33.7569611], [151.0803596, -33.7572617], [151.0805683, -33.7575766], [151.0807577, -33.7579004], [151.0809267, -33.758255], [151.0810641, -33.7586149], [151.0822963, -33.7622045]], [[151.0822963, -33.7622045], [151.0824394, -33.7626213], [151.0827976, -33.763665]], [[151.0827976, -33.763665], [151.0828684, -33.764002], [151.0829318, -33.7643629]], [[151.0829318, -33.7643629], [151.0829723, -33.7646884], [151.0829655, -33.7650518], [151.0829334, -33.76539], [151.0828744, -33.7657057], [151.0827917, -33.7660045], [151.0826769, -33.7663034], [151.0825402, -33.7666022]], [[151.0825402, -33.7666022], [151.0824657, -33.7667617], [151.082417, -33.766866], [151.0822246, -33.7672659], [151.0820727, -33.7676124], [151.0818988, -33.7680446], [151.0817875, -33.7683743]], [[151.0817875, -33.7683743], [151.0816828, -33.7687545], [151.0815984, -33.7691684], [151.0815562, -33.7695023], [151.0815461, -33.7698839], [151.0815664, -33.7702459], [151.0816119, -33.770657], [151.0816558, -33.7709278], [151.0817216, -33.771256]], [[151.0817216, -33.771256], [151.0818091, -33.7716205], [151.0818636, -33.7718043], [151.0819073, -33.7719424], [151.0820052, -33.7721918], [151.0823394, -33.7729508], [151.0824863, -33.7732805], [151.0825558, -33.7734363], [151.0826415, -33.7735794], [151.0827728, -33.7737798], [151.0830212, -33.7741504], [151.0832204, -33.774438], [151.083428, -33.7747424], [151.0835799, -33.7749977]], [[151.0835799, -33.7749977], [151.0837925, -33.775427], [151.0839647, -33.7758577]], [[151.0839647, -33.7758577], [151.0840963, -33.7762688], [151.084206, -33.7767289], [151.0842668, -33.7770838], [151.084309, -33.7774458], [151.0843292, -33.7779003], [151.084314, -33.7783703], [151.0842769, -33.7786761], [151.0842229, -33.7790998], [151.0841402, -33.7796441], [151.0840474, -33.780222], [151.0839562, -33.7808309], [151.0838617, -33.7814158], [151.083752, -33.7820022], [151.0836946, -33.7822575], [151.0836221, -33.7826054], [151.0835073, -33.783175], [151.0832001, -33.7849411], [151.0830972, -33.7855218], [151.0829959, -33.7861138], [151.0828946, -33.7867071], [151.082786, -33.7872914], [151.0827475, -33.7874951], [151.0826895, -33.7878307], [151.0826284, -33.7881791], [151.0825781, -33.7884714], [151.0825042, -33.7889612], [151.0824707, -33.7893414], [151.0824491, -33.7898677], [151.0824327, -33.7904592], [151.0824334, -33.7908649], [151.082437, -33.7910658], [151.0824779, -33.791518], [151.0825471, -33.7919781], [151.0825916, -33.7922117], [151.082704, -33.7926418], [151.0828457, -33.793077], [151.0828551, -33.7931089], [151.0830448, -33.7936209], [151.0834465, -33.794757], [151.0839022, -33.7960305], [151.0840474, -33.7964485], [151.0842111, -33.7968637], [151.0843799, -33.7971891], [151.0845402, -33.7974527], [151.0847478, -33.7977599], [151.0850178, -33.7980881], [151.0852879, -33.7983728], [151.0855934, -33.7986421], [151.0859309, -33.798896], [151.0862871, -33.7991176], [151.086706, -33.799349]], [[151.086706, -33.799349], [151.0870385, -33.7995119], [151.0874479, -33.7997108], [151.0878846, -33.7999303], [151.0882358, -33.8001181], [151.0884335, -33.8002328]], [[151.0884335, -33.8002328], [151.0887577, -33.8004236], [151.0890668, -33.8006214], [151.0893639, -33.8008236], [151.0896508, -33.8010278], [151.0899158, -33.8012564], [151.0901723, -33.8015215], [151.0904035, -33.8017977], [151.0905976, -33.8020698], [151.0907715, -33.8023559], [151.0909132, -33.8026434], [151.0910145, -33.8028819], [151.0911326, -33.8032535], [151.0912103, -33.8035985], [151.0912457, -33.8039646], [151.0912558, -33.8043446], [151.091244, -33.8045508], [151.0912255, -33.8047359], [151.091185, -33.8049421], [151.091136, -33.8051454], [151.0910398, -33.8054848], [151.0909048, -33.8058508], [151.0907428, -33.8062519]], [[151.0907428, -33.8062519], [151.0905993, -33.8066025], [151.0903605, -33.8071401]], [[151.0903605, -33.8071401], [151.0902904, -33.8072981], [151.0902213, -33.8074436], [151.0901371, -33.80764], [151.0900649, -33.807819], [151.0900464, -33.8078724], [151.0900408, -33.8078896]], [[151.0900408, -33.8078896], [151.0899659, -33.8081187]], [[151.0899659, -33.8081187], [151.0899588, -33.8081408], [151.0898884, -33.8084288], [151.0898478, -33.8087322], [151.0898263, -33.809113], [151.0898191, -33.8094759], [151.0898096, -33.8098289], [151.0898072, -33.8101542], [151.089814, -33.8103729]], [[151.089814, -33.8103729], [151.0898243, -33.8106084], [151.0898454, -33.8108108], [151.0898807, -33.8110677]], [[151.0898807, -33.8110677], [151.0899001, -33.8112158], [151.0899679, -33.8116648], [151.090033, -33.8121199], [151.0900716, -33.812391], [151.0901034, -33.812601], [151.0901683, -33.8131357], [151.0902101, -33.81368], [151.090228, -33.8142353], [151.0902256, -33.8145001], [151.090216, -33.8148114], [151.0901775, -33.8153737], [151.0901491, -33.8156546], [151.090107, -33.8159922], [151.0900549, -33.8163431], [151.089992, -33.8166866], [151.0898465, -33.8173769], [151.089734, -33.8179169], [151.0896003, -33.8184464], [151.0894619, -33.818956], [151.0893163, -33.8195033], [151.0891945, -33.8200011], [151.0890824, -33.8205186]], [[151.0890824, -33.8205186], [151.0889726, -33.8210441], [151.0885286, -33.8232194]], [[151.0885286, -33.8232194], [151.0884198, -33.8236637], [151.0883739, -33.8238917]], [[151.0883739, -33.8238917], [151.0883393, -33.8240887]], [[151.0883393, -33.8240887], [151.0882889, -33.8245363], [151.0882312, -33.8249113], [151.088152, -33.8254747], [151.0880643, -33.8260434], [151.0879466, -33.8266157], [151.0875017, -33.8287874]], [[151.0875017, -33.8287874], [151.0874006, -33.8292736]], [[151.0874006, -33.8292736], [151.087307, -33.8297239], [151.0870481, -33.8309727], [151.0868877, -33.8317463], [151.0865069, -33.8335874], [151.086486, -33.8336833], [151.0862822, -33.8346216], [151.0860512, -33.835782], [151.0859592, -33.8363235]], [[151.0859592, -33.8363235], [151.0858443, -33.8370092]], [[151.0858443, -33.8370092], [151.0857816, -33.8374026], [151.0856982, -33.8379961], [151.0856276, -33.8385719], [151.0855656, -33.83916], [151.0855078, -33.8397553], [151.0854543, -33.8403417], [151.0854201, -33.8409263], [151.0853837, -33.8415145], [151.0853623, -33.8421079], [151.0853452, -33.8426943], [151.0853388, -33.8432878], [151.0853409, -33.8438742]], [[151.0853409, -33.8438742], [151.0853473, -33.8444658], [151.0853687, -33.845054], [151.0853944, -33.8456368], [151.085465, -33.8467402], [151.0854928, -33.8470991], [151.0855506, -33.8476978], [151.0855753, -33.8479979], [151.0856212, -33.8483428], [151.0857474, -33.84938], [151.0857882, -33.849698], [151.0858629, -33.8500982], [151.0859485, -33.8506223], [151.0860448, -33.8511678], [151.0861539, -33.8517434], [151.0862758, -33.8523386], [151.0864085, -33.8529338], [151.0865454, -33.8535272], [151.0866908, -33.8541206], [151.086847, -33.854714], [151.0870117, -33.8552967], [151.0871936, -33.8558795], [151.0873669, -33.8564515], [151.0875166, -33.8569046], [151.0876022, -33.8571497], [151.0877786, -33.8577649], [151.0878992, -33.8581174], [151.0881132, -33.8587342], [151.0883031, -33.8592867], [151.0887053, -33.8604508], [151.0890478, -33.8614555], [151.0894506, -33.862561], [151.0897886, -33.8635497], [151.0900268, -33.8642467]], [[151.0900268, -33.8642467], [151.0900835, -33.8644142], [151.0903833, -33.865335], [151.0903982, -33.8653789]], [[151.0903982, -33.8653789], [151.090478, -33.8656105]], [[151.090478, -33.8656105], [151.0904829, -33.8656314], [151.0906305, -33.8660006]], [[151.0906305, -33.8660006], [151.0906672, -33.8661234], [151.0906999, -33.866269], [151.090726, -33.866401], [151.0907902, -33.8667253], [151.0908805, -33.8670643]], [[151.0908805, -33.8670643], [151.0914707, -33.8689484], [151.091609, -33.8693224]], [[151.091609, -33.8693224], [151.0916696, -33.8694341], [151.0917795, -33.8696112], [151.0918161, -33.8696604]], [[151.0918161, -33.8696604], [151.09193, -33.8697981], [151.0921341, -33.8699872], [151.0924469, -33.8702295], [151.0928656, -33.8705413], [151.0931496, -33.8707803], [151.0935251, -33.8711139], [151.0938863, -33.8714224], [151.0941624, -33.8716539], [151.094776, -33.8720772], [151.0951076, -33.872294], [151.0951674, -33.8723329], [151.0952178, -33.8723653], [151.0952664, -33.8723964], [151.0954699, -33.8725238], [151.0958305, -33.872736]], [[151.0958305, -33.872736], [151.0961599, -33.873011], [151.0963727, -33.8732169], [151.0965208, -33.8733736], [151.0967724, -33.873664], [151.0971259, -33.8740574], [151.0973443, -33.8742879], [151.0975849, -33.874523], [151.0979124, -33.8748349], [151.0981382, -33.87505], [151.0983825, -33.8752559], [151.0986619, -33.8754556], [151.0989987, -33.8756738]], [[151.0989987, -33.8756738], [151.0993411, -33.875872], [151.099689, -33.8760702], [151.100011, -33.8762208], [151.1004607, -33.8764005], [151.1008901, -33.8765342], [151.1012954, -33.8766233], [151.1015241, -33.876671], [151.1017599, -33.8767109], [151.1021349, -33.8767783], [151.1029284, -33.876921], [151.1035367, -33.8770261], [151.1036363, -33.8770434]], [[151.1036363, -33.8770434], [151.103877, -33.8770876]], [[151.103877, -33.8770876], [151.103916, -33.8770938], [151.1047565, -33.8772559], [151.1049621, -33.8772988], [151.1051685, -33.8773469], [151.1055807, -33.8774518], [151.1060098, -33.8775624], [151.1063581, -33.877656], [151.1070221, -33.8778386]], [[151.1070221, -33.8778386], [151.1073434, -33.8779269], [151.1078666, -33.8780919], [151.1082235, -33.8782182], [151.1086539, -33.8784056], [151.1090894, -33.8785953], [151.1095091, -33.8788209], [151.1098802, -33.8790532], [151.1102898, -33.8793343], [151.1106731, -33.8796205], [151.111103, -33.879969], [151.1121335, -33.880803], [151.1125529, -33.8811424], [151.1129853, -33.8814761], [151.1134076, -33.8817615], [151.1138831, -33.88206], [151.114279, -33.8823128], [151.1147825, -33.882652], [151.1150928, -33.8828671], [151.1154111, -33.8830877], [151.1156752, -33.883261], [151.1159343, -33.8834151], [151.1163561, -33.8836394], [151.1168529, -33.8839063], [151.117303, -33.8841592], [151.1177999, -33.8844403], [151.1183691, -33.8847555], [151.1189471, -33.8850644], [151.1194431, -33.8852997]], [[151.1194431, -33.8852997], [151.1195718, -33.885357]], [[151.1195718, -33.885357], [151.1198277, -33.8854832], [151.1203072, -33.8856827], [151.120802, -33.8858716], [151.1213049, -33.886048], [151.1218903, -33.8862514], [151.122429, -33.8864381], [151.1230527, -33.8866393], [151.1236367, -33.8868139], [151.1242361, -33.8869826]], [[151.1242361, -33.8869826], [151.124459, -33.8870473]], [[151.124459, -33.8870473], [151.1246402, -33.8871059]], [[151.1246402, -33.8871059], [151.1251334, -33.8872557], [151.1256363, -33.8874244], [151.1261627, -33.8876175], [151.1264862, -33.8877425]], [[151.1264862, -33.8877425], [151.126951, -33.887922], [151.1273563, -33.8880751], [151.1280534, -33.8883323], [151.1286137, -33.8885311], [151.1288935, -33.8886277], [151.1294616, -33.8888199], [151.1296436, -33.8888819], [151.1301783, -33.8890635], [151.1304358, -33.889146], [151.1309043, -33.8892773], [151.1313466, -33.88938], [151.1316412, -33.8894374]], [[151.1316412, -33.8894374], [151.1318636, -33.8894807], [151.1324474, -33.8895837], [151.1329242, -33.8896325], [151.1332325, -33.8896548], [151.1337175, -33.8896834], [151.1340075, -33.8896986], [151.1346543, -33.8897313], [151.13476, -33.8897366], [151.1352616, -33.8897608], [151.1354103, -33.8897673], [151.1356026, -33.8897755], [151.1360499, -33.8898007], [151.1364899, -33.8898215], [151.1368914, -33.8898462], [151.1372781, -33.889885], [151.1375946, -33.8899326], [151.1379933, -33.8900123], [151.1385875, -33.8901508], [151.1390221, -33.8902687], [151.1394985, -33.8904219], [151.1399778, -33.8906054], [151.1405375, -33.8908343], [151.1409342, -33.8909801], [151.1414289, -33.891167], [151.1419988, -33.8913774], [151.1424591, -33.8915373], [151.1428565, -33.8916635], [151.1439599, -33.8920322]], [[151.1439599, -33.8920322], [151.1447974, -33.8923241]], [[151.1447974, -33.8923241], [151.1450853, -33.8924266], [151.1456514, -33.892626], [151.1459349, -33.8927038]], [[151.1459349, -33.8927038], [151.1461077, -33.8927538]], [[151.1461077, -33.8927538], [151.1467392, -33.8929573], [151.1472302, -33.8931074], [151.1478103, -33.8933054], [151.1483151, -33.8934796], [151.1485534, -33.8935518], [151.1487126, -33.8935942], [151.1491298, -33.8936937], [151.1493597, -33.8937306], [151.1496314, -33.8937794], [151.1502256, -33.8938854], [151.1506555, -33.8939544], [151.1510793, -33.8940167], [151.1513915, -33.8940663], [151.1519208, -33.8941093], [151.152373, -33.8941261], [151.152807, -33.8941278], [151.1532835, -33.894084], [151.1537702, -33.8940184], [151.1543415, -33.893927], [151.1548591, -33.8938332], [151.1553647, -33.8937394], [151.1555913, -33.893705], [151.155835, -33.8936731], [151.1561444, -33.8936518], [151.1564565, -33.8936462], [151.1569119, -33.893667], [151.1572966, -33.8937118], [151.1577062, -33.8937696], [151.1580226, -33.8938314], [151.1583438, -33.8939071], [151.1587101, -33.8940154], [151.159142, -33.8941584], [151.1596866, -33.8943347], [151.16017, -33.8944442], [151.1605651, -33.8945486], [151.1609657, -33.8946138], [151.1614358, -33.8946618], [151.161833, -33.894674], [151.1621861, -33.8946626], [151.1625634, -33.8946248], [151.1629839, -33.8945618], [151.1634647, -33.8944779], [151.1641234, -33.8943641], [151.1646397, -33.8942866], [151.1651957, -33.8942262], [151.1656851, -33.8941776], [151.166169, -33.8941379], [151.1666516, -33.8941217], [151.1670929, -33.894111], [151.1675431, -33.8941497], [151.1679568, -33.8942103], [151.1684272, -33.8943012], [151.1688308, -33.8944072], [151.1692526, -33.8945402], [151.1696005, -33.8946739], [151.1700454, -33.8948449], [151.1704835, -33.8950149], [151.1709255, -33.8951798], [151.1713895, -33.8953385]], [[151.1713895, -33.8953385], [151.1715685, -33.8953998]], [[151.1715685, -33.8953998], [151.1718603, -33.8954996], [151.1722639, -33.8956461], [151.1726336, -33.8958195], [151.1729574, -33.8959928], [151.1732676, -33.8961796], [151.1737401, -33.8964893], [151.1740504, -33.8966779], [151.1744255, -33.8968832], [151.1747054, -33.8970179], [151.1750928, -33.8971693], [151.1754455, -33.8973074], [151.1757456, -33.89741], [151.1761106, -33.8975127], [151.1764696, -33.8975868], [151.1768734, -33.8976628], [151.1772998, -33.8976884], [151.1776378, -33.8976928], [151.1780119, -33.8977086], [151.1782311, -33.8977178]], [[151.1782311, -33.8977178], [151.1789551, -33.8977814]], [[151.1789551, -33.8977814], [151.179267, -33.8977915], [151.179837, -33.8977848], [151.1803975, -33.8977792], [151.1807058, -33.8977757]], [[151.1807058, -33.8977757], [151.1809729, -33.8977726], [151.181896, -33.8977307], [151.182197, -33.8976984], [151.1826625, -33.8976238], [151.1833378, -33.8974841], [151.1839116, -33.8973494], [151.1843699, -33.8972198], [151.184741, -33.8971003], [151.1852461, -33.8969366]], [[151.1852461, -33.8969366], [151.1854302, -33.8968738]], [[151.1854302, -33.8968738], [151.1855691, -33.8968281], [151.1860547, -33.8966681], [151.1867013, -33.8964527], [151.1872143, -33.8962694], [151.1877083, -33.8960879], [151.1880347, -33.8959692], [151.1885191, -33.8957939], [151.1889405, -33.8956522], [151.1892507, -33.8955525], [151.1893427, -33.8955229], [151.1895763, -33.8954467], [151.1898069, -33.8953687], [151.1899689, -33.8953139], [151.1901578, -33.8952537], [151.1903283, -33.8951967]], [[151.1903283, -33.8951967], [151.1904842, -33.8951447], [151.1910379, -33.8949623], [151.1917725, -33.8947318], [151.192068, -33.8946357], [151.192332, -33.8945435], [151.1926286, -33.8944567], [151.1930298, -33.8943619], [151.1933594, -33.8942884], [151.1936038, -33.8942334], [151.1941084, -33.8940892], [151.1944903, -33.8939696], [151.1948829, -33.8938191], [151.1953387, -33.893632], [151.195659, -33.8934944], [151.1962121, -33.8932442], [151.1966328, -33.8930404], [151.1969914, -33.8928389], [151.1973411, -33.8926407], [151.1974309, -33.892589], [151.197752, -33.8923897], [151.1980116, -33.8922154], [151.1983173, -33.8920076], [151.1985499, -33.8918383], [151.1986636, -33.891752]], [[151.1986636, -33.891752], [151.1989809, -33.8914833]], [[151.1989809, -33.8914833], [151.1989989, -33.8914687], [151.1991482, -33.8913412], [151.1993584, -33.8911605], [151.1996166, -33.8909117], [151.1998374, -33.8906796], [151.199868, -33.8906454], [151.200197, -33.8902766], [151.2004263, -33.8900163], [151.2006575, -33.8897612], [151.2007024, -33.8897116], [151.2007144, -33.8896984], [151.200768, -33.8896375], [151.2008986, -33.889489], [151.2010152, -33.8893565], [151.2011715, -33.8891538], [151.2012234, -33.8890864]], [[151.2012234, -33.8890864], [151.2016368, -33.8885572]], [[151.2016368, -33.8885572], [151.2017168, -33.8884475], [151.2019802, -33.8881519], [151.2023117, -33.8878251], [151.2026546, -33.887545]], [[151.2026546, -33.887545], [151.2030142, -33.8872774], [151.2030745, -33.8872327], [151.2035131, -33.8869167], [151.2040414, -33.886537], [151.2043903, -33.886293], [151.2045544, -33.8861956], [151.2047476, -33.8860697], [151.2050651, -33.8858469]], [[151.2050651, -33.8858469], [151.205321, -33.8856538], [151.2055323, -33.8854531], [151.2057031, -33.8852813], [151.2058811, -33.885101], [151.2059644, -33.8850068]], [[151.2059644, -33.8850068], [151.2061084, -33.8848439], [151.2061891, -33.8847509]], [[151.2061891, -33.8847509], [151.2063183, -33.8845812], [151.2065466, -33.884293], [151.2067551, -33.8840349], [151.2069826, -33.8837768], [151.2071195, -33.8836384], [151.2071472, -33.8836104]], [[151.2071472, -33.8836104], [151.2072443, -33.8835176], [151.2073522, -33.8834093], [151.2074253, -33.8833336], [151.207488, -33.8832601], [151.2075397, -33.8831958], [151.2075852, -33.8831301], [151.2076007, -33.8831079], [151.2076317, -33.8830599]], [[151.2076317, -33.8830599], [151.2076924, -33.8829564], [151.2077217, -33.8828997], [151.2077637, -33.8828106], [151.2077927, -33.8827461], [151.2078764, -33.8825503], [151.2079469, -33.8823799]], [[151.2079469, -33.8823799], [151.2080103, -33.8821933], [151.2080293, -33.8821337], [151.2080851, -33.8819433], [151.2081172, -33.8818216], [151.2081746, -33.8815993], [151.2082698, -33.8812315], [151.208315, -33.8810625], [151.2084488, -33.8805587], [151.2084591, -33.8805149]], [[151.2084591, -33.8805149], [151.2085485, -33.8801594]], [[151.2085485, -33.8801594], [151.2085831, -33.8799976], [151.208629, -33.8797483]], [[151.208629, -33.8797483], [151.2086534, -33.8795877]], [[151.2086534, -33.8795877], [151.208664, -33.8794997], [151.2086946, -33.8792432], [151.2087267, -33.8789897], [151.2087415, -33.8788202], [151.2087419, -33.878806], [151.208743, -33.8786851], [151.2087292, -33.8785079], [151.2087032, -33.8783677], [151.2086594, -33.8782008], [151.208595, -33.8780404], [151.2085074, -33.8778701], [151.2084249, -33.8777475], [151.2083508, -33.8776437], [151.2082838, -33.8775597], [151.2082076, -33.8774713], [151.2081193, -33.8773806], [151.2080276, -33.8772934], [151.2078992, -33.8771799], [151.2076729, -33.8770018], [151.2073733, -33.876789]], [[151.2073733, -33.876789], [151.2072436, -33.876687], [151.2071477, -33.8766018], [151.2070252, -33.8764773], [151.2069124, -33.8763443], [151.2068117, -33.8761978], [151.2067106, -33.8760206], [151.2066372, -33.8758466], [151.2065899, -33.8756905], [151.2065535, -33.8754917], [151.2065401, -33.8753531], [151.2065386, -33.8752449], [151.2065466, -33.8751437], [151.2065529, -33.8750709], [151.2065631, -33.8749881]], [[151.2065631, -33.8749881], [151.2065867, -33.8748464], [151.2066095, -33.8747265], [151.2066239, -33.8746458], [151.2066416, -33.8745504], [151.2066535, -33.8744663], [151.2066619, -33.8744017], [151.2068669, -33.8729187], [151.2068828, -33.8728194], [151.2069035, -33.8726853], [151.2069175, -33.8725948], [151.2069324, -33.8724489], [151.2069452, -33.8722634], [151.2069441, -33.8720757], [151.2068638, -33.8711372], [151.2068081, -33.8709001]], [[151.2068081, -33.8709001], [151.2067481, -33.8707521], [151.2066657, -33.8705886], [151.2065973, -33.8704806], [151.2065348, -33.870388], [151.2064473, -33.870268], [151.2063865, -33.8701835], [151.2062788, -33.8700257], [151.206218, -33.8699194], [151.2061255, -33.8697051], [151.20609, -33.8696122], [151.2060584, -33.869498], [151.2060155, -33.8692252], [151.2059806, -33.8688711], [151.2059149, -33.8682898], [151.2058626, -33.8678054]], [[151.2058626, -33.8678054], [151.2058382, -33.8676403], [151.2057322, -33.8667484], [151.2056341, -33.8659391], [151.2056065, -33.8657115], [151.2055637, -33.8653582], [151.2055456, -33.8652092], [151.2055417, -33.8651771], [151.2054603, -33.8644881]], [[151.2054603, -33.8644881], [151.2054183, -33.8641685], [151.2053429, -33.8635591], [151.2053061, -33.8633684], [151.2052735, -33.8632297], [151.2052199, -33.8629931], [151.2052027, -33.8629045], [151.205185, -33.8628079], [151.2051601, -33.8625642], [151.2051501, -33.862473], [151.2051492, -33.8623771], [151.2051484, -33.8622672], [151.2051516, -33.8621351], [151.2051617, -33.8620237], [151.2051696, -33.8619627], [151.2052001, -33.8617402], [151.2052377, -33.861557], [151.2052712, -33.8614345], [151.2053315, -33.8612358], [151.2053899, -33.8610843], [151.2054489, -33.8609468], [151.2056599, -33.8604742], [151.2057377, -33.8602742], [151.2057808, -33.8601501], [151.205809, -33.8600514], [151.2058471, -33.8599151], [151.2058876, -33.8597782], [151.2059311, -33.8596565], [151.2059776, -33.8595341], [151.2060448, -33.8593805], [151.2061254, -33.8592131], [151.2061808, -33.8591079], [151.2062441, -33.8589953], [151.2062963, -33.8589103]], [[151.2062963, -33.8589103], [151.2063253, -33.8588661]], [[151.2063253, -33.8588661], [151.2064442, -33.8586793]], [[151.2064442, -33.8586793], [151.2071635, -33.8575495]], [[151.2071635, -33.8575495], [151.2075393, -33.8569592], [151.2082453, -33.8558428], [151.2085199, -33.8554086], [151.2087527, -33.8550509], [151.20886, -33.8548683], [151.2089458, -33.8547079], [151.2090047, -33.8545985], [151.2090213, -33.8545686], [151.2091465, -33.8543659], [151.2110662, -33.8512698], [151.2115739, -33.850451], [151.2118403, -33.8500214], [151.2119744, -33.8498077], [151.2121718, -33.8494808], [151.2122665, -33.8492852], [151.2123309, -33.8491233], [151.2123924, -33.8489182], [151.2124372, -33.8487324], [151.2124678, -33.8485129], [151.2124896, -33.8482535], [151.2124939, -33.8481728], [151.2124899, -33.8479942], [151.2124789, -33.8478219], [151.2124587, -33.8476714], [151.2124301, -33.8475073], [151.2123981, -33.8473749], [151.2123719, -33.8472779], [151.212313, -33.8471084], [151.2122545, -33.8469619]], [[151.2122545, -33.8469619], [151.2122036, -33.8468627], [151.212099, -33.8466616]], [[151.212099, -33.8466616], [151.212076, -33.8466199], [151.2120244, -33.846523], [151.2119525, -33.8463818], [151.2118845, -33.8462285], [151.2118045, -33.8460241], [151.2117409, -33.845867], [151.2116984, -33.8457566], [151.2115671, -33.845394], [151.2115407, -33.8453001], [151.2115061, -33.8451664], [151.2114897, -33.8450969]], [[151.2114897, -33.8450969], [151.2114808, -33.8450544], [151.2114534, -33.8449418], [151.211407, -33.8447786], [151.2113478, -33.8446035], [151.2112849, -33.8444467], [151.2112034, -33.8442692], [151.2111197, -33.8441162], [151.2109966, -33.8439083]], [[151.2109966, -33.8439083], [151.2107691, -33.8435415]], [[151.2107691, -33.8435415], [151.2106148, -33.8432903], [151.2105437, -33.8431829], [151.2104717, -33.8430829], [151.2103613, -33.8429426], [151.2103097, -33.8428799], [151.2102094, -33.8427688], [151.2101249, -33.8426809], [151.2099466, -33.8425104]], [[151.2099466, -33.8425104], [151.2097857, -33.8423656], [151.2096154, -33.842213], [151.2094608, -33.8420824], [151.2093173, -33.8419752], [151.2091643, -33.8418743], [151.2090047, -33.8417829], [151.2088348, -33.8416961], [151.208811, -33.8416853]], [[151.208811, -33.8416853], [151.2086862, -33.8416308], [151.2085485, -33.8415803], [151.2084095, -33.841534], [151.2083284, -33.8415097]], [[151.2083284, -33.8415097], [151.2082215, -33.8414838], [151.2079926, -33.8414368], [151.2078515, -33.8414119], [151.2076673, -33.841382], [151.2069551, -33.8412803], [151.2068131, -33.8412607], [151.2065039, -33.8412164]], [[151.2065039, -33.8412164], [151.206253, -33.8411863]], [[151.206253, -33.8411863], [151.2061837, -33.8411807], [151.2060031, -33.8411663], [151.2058786, -33.8411592], [151.2057534, -33.8411518], [151.2055471, -33.841139]], [[151.2055471, -33.841139], [151.2052134, -33.8411174], [151.204941, -33.8410863], [151.2047527, -33.8410542], [151.2046375, -33.8410314], [151.2045362, -33.8410104], [151.2043961, -33.8409767], [151.2042372, -33.840935], [151.2040991, -33.840894], [151.2039092, -33.8408335], [151.2036218, -33.8407361], [151.2033672, -33.8406551], [151.202869, -33.840496], [151.2026269, -33.8404174], [151.2024082, -33.8403518], [151.2021234, -33.8402884]], [[151.2021234, -33.8402884], [151.2007433, -33.8399915]], [[151.2007433, -33.8399915], [151.2005934, -33.8399569]], [[151.2005934, -33.8399569], [151.2004617, -33.839924], [151.1999801, -33.8397832], [151.1997972, -33.8397177], [151.1996366, -33.839656]], [[151.1996366, -33.839656], [151.1995866, -33.8396365], [151.1994474, -33.8395791], [151.199336, -33.8395308], [151.1993092, -33.8395186], [151.199206, -33.839469], [151.1992421, -33.8394871]], [[151.1992421, -33.8394871], [151.1991014, -33.839419], [151.1989882, -33.8393586], [151.1988881, -33.8392997], [151.1987384, -33.8392039], [151.1985846, -33.8390967], [151.1983361, -33.8388966], [151.1983222, -33.8388857]], [[151.1983222, -33.8388857], [151.1981419, -33.8387376], [151.19804, -33.8386339], [151.1978902, -33.8384662], [151.1978223, -33.8383876], [151.1976398, -33.8381303], [151.1975749, -33.8380299], [151.1974919, -33.8378808], [151.1974311, -33.8377608], [151.1974007, -33.8376938], [151.1973993, -33.8376904], [151.1973944, -33.8376787], [151.1973878, -33.8376628], [151.197313, -33.8374839]], [[151.197313, -33.8374839], [151.1973, -33.8374465], [151.1972858, -33.8374093], [151.1972479, -33.837298], [151.1972105, -33.8371715], [151.1971868, -33.8370712], [151.1971672, -33.8369793], [151.1971482, -33.8368709], [151.1971313, -33.8367667], [151.197128, -33.8367468]], [[151.197128, -33.8367468], [151.1971133, -33.8366218], [151.1971054, -33.8364446], [151.1971046, -33.8362369], [151.1971201, -33.8360453], [151.1971349, -33.835876], [151.1971578, -33.8356976], [151.1971857, -33.8354548]], [[151.1971857, -33.8354548], [151.1972122, -33.8351558], [151.1971941, -33.8348941], [151.1971031, -33.8346188], [151.1969635, -33.8343383], [151.1968138, -33.8341266], [151.1966381, -33.8339446], [151.1964008, -33.8337439], [151.1961584, -33.8336126], [151.1958766, -33.8334787], [151.1955712, -33.8333936], [151.1952733, -33.8333528], [151.1949925, -33.8333501], [151.1945869, -33.8333971], [151.1941842, -33.833437], [151.1939165, -33.8334522], [151.1935213, -33.8334193], [151.193232, -33.8333572], [151.1929255, -33.8332561], [151.1926337, -33.833119], [151.1924946, -33.8330339], [151.1923687, -33.8329429], [151.1922721, -33.8328573], [151.1921932, -33.8327815], [151.1921049, -33.8326884], [151.1920924, -33.8326739]], [[151.1920924, -33.8326739], [151.1919501, -33.8324802], [151.1918612, -33.8323259], [151.191808, -33.832205], [151.1917595, -33.8320712], [151.1917274, -33.831948], [151.1917031, -33.8318084], [151.1916925, -33.8316816], [151.1916952, -33.8315543], [151.191708, -33.8314273], [151.1917328, -33.831303], [151.1917448, -33.831255], [151.1917563, -33.8312019]], [[151.1917563, -33.8312019], [151.1918101, -33.8310434], [151.1918617, -33.8309261], [151.191923, -33.8308048], [151.1920842, -33.8305768], [151.1922753, -33.830372], [151.1925102, -33.830191], [151.1927931, -33.8300287], [151.1931398, -33.8298945]], [[151.1931398, -33.8298945], [151.193643, -33.8297575]], [[151.193643, -33.8297575], [151.1937986, -33.8297136], [151.1943295, -33.8295408], [151.1946068, -33.8294002], [151.1948622, -33.829231], [151.1950821, -33.8290459], [151.1953346, -33.8287374], [151.1954407, -33.8285987], [151.1955717, -33.8283651], [151.1956664, -33.8281046], [151.1956989, -33.8279743], [151.1957125, -33.8278822], [151.1957295, -33.8277098], [151.1957286, -33.8274889], [151.1957085, -33.8273332], [151.1956721, -33.8271473], [151.1955717, -33.8268574], [151.1954713, -33.8266183], [151.1951844, -33.8259438], [151.1950855, -33.8257127], [151.1949039, -33.825287]], [[151.1949039, -33.825287], [151.1947857, -33.825008], [151.1946843, -33.8247403], [151.1945772, -33.8244289], [151.1945485, -33.8243414]], [[151.1945485, -33.8243414], [151.1945017, -33.8241985], [151.1944697, -33.8241008], [151.1944247, -33.8239313]], [[151.1944247, -33.8239313], [151.1944066, -33.8238341], [151.1943534, -33.8235574]], [[151.1943534, -33.8235574], [151.1943091, -33.8233095], [151.1942707, -33.8230949], [151.1942422, -33.8229354], [151.1942331, -33.8228847], [151.1941044, -33.8221648]], [[151.1941044, -33.8221648], [151.1940483, -33.8218575], [151.1940151, -33.8216753], [151.1939925, -33.8215515], [151.1939695, -33.8214255], [151.1939125, -33.8211127], [151.1934109, -33.8182702], [151.1933496, -33.8178805], [151.1933267, -33.8176505], [151.1933151, -33.8174623], [151.1933151, -33.8172105], [151.1933143, -33.816706], [151.1933237, -33.8162054], [151.193316, -33.8158465], [151.1932875, -33.8154764], [151.1932334, -33.8151904], [151.1931698, -33.8148943], [151.1930283, -33.8144758], [151.1928866, -33.8141139], [151.192706, -33.8137442], [151.1925668, -33.8135185], [151.1923968, -33.813255], [151.1922843, -33.8131003]], [[151.1922843, -33.8131003], [151.1920709, -33.8128277]], [[151.1920709, -33.8128277], [151.1919625, -33.8127082], [151.1916738, -33.8124067], [151.191367, -33.8121177], [151.1909917, -33.8118236], [151.1906592, -33.8115906], [151.190278, -33.8113625], [151.1898622, -33.8111426], [151.1889631, -33.8107215], [151.1883487, -33.8104396], [151.1879548, -33.8102589], [151.1874716, -33.8100357], [151.1869267, -33.8097816], [151.1864543, -33.8095619]], [[151.1864543, -33.8095619], [151.1860892, -33.8093999]], [[151.1860892, -33.8093999], [151.1858526, -33.8092978], [151.1856142, -33.8091897], [151.1854579, -33.8091136], [151.1852739, -33.8090095]], [[151.1852739, -33.8090095], [151.1851047, -33.8089084], [151.1849164, -33.808782], [151.1847377, -33.8086368], [151.1846489, -33.8085664], [151.1846026, -33.8085299], [151.1844252, -33.8083838]], [[151.1844252, -33.8083838], [151.1842522, -33.8082452], [151.183978, -33.8079948], [151.183664, -33.8076975], [151.183366, -33.8074017], [151.1832527, -33.8072731]], [[151.1832527, -33.8072731], [151.1831331, -33.8071453]], [[151.1831331, -33.8071453], [151.1830347, -33.8070378], [151.1828596, -33.8068458], [151.1827008, -33.806651], [151.1824538, -33.8063346], [151.1823698, -33.8062188], [151.1822349, -33.8060392], [151.1821522, -33.8059265], [151.181897, -33.805553], [151.181765, -33.8053525], [151.1816548, -33.8051474], [151.1815568, -33.8049456], [151.1814697, -33.8047437], [151.181306, -33.8043246], [151.1812422, -33.8041205]], [[151.1812422, -33.8041205], [151.1811627, -33.8038658], [151.1810769, -33.8035179], [151.1809913, -33.8030595], [151.1809602, -33.8027644], [151.180954, -33.8026701], [151.18094, -33.8024817], [151.1809362, -33.8023565], [151.1809229, -33.8022021], [151.1809202, -33.8020759], [151.1809181, -33.8018983], [151.1809117, -33.8017065], [151.1809078, -33.8014524], [151.1809143, -33.8010599], [151.1809263, -33.8005732], [151.1809218, -33.8000705], [151.1809138, -33.7997366], [151.1809094, -33.7995534], [151.1809077, -33.799473], [151.1809018, -33.7993803], [151.1808925, -33.7992834], [151.1808731, -33.7990661], [151.1808581, -33.7989141], [151.1808561, -33.7988936], [151.1808495, -33.7988265]], [[151.1808495, -33.7988265], [151.1808281, -33.7986339]], [[151.1808281, -33.7986339], [151.1808169, -33.7984825], [151.1807983, -33.798265], [151.1807865, -33.7980475], [151.180786, -33.7978299], [151.1807765, -33.7974762], [151.1807702, -33.7971691], [151.1807926, -33.7968164], [151.1808097, -33.7965816]], [[151.1808097, -33.7965816], [151.1808345, -33.7963605], [151.1808424, -33.7962155], [151.1808463, -33.7960061], [151.1808438, -33.7957023]], [[151.1808438, -33.7957023], [151.1808392, -33.7954165]], [[151.1808392, -33.7954165], [151.1808381, -33.7953989], [151.180822, -33.7945112], [151.1807999, -33.7932874], [151.1807992, -33.793251]], [[151.1807992, -33.793251], [151.1807958, -33.7931028], [151.1807708, -33.7927003], [151.1807532, -33.792297], [151.1807289, -33.7911598], [151.1807257, -33.7907068], [151.1807087, -33.7902058], [151.1806987, -33.7897968], [151.1806723, -33.7894057], [151.1806275, -33.789031]], [[151.1806275, -33.789031], [151.1805985, -33.7888364]], [[151.1805985, -33.7888364], [151.1804921, -33.7883274], [151.1803704, -33.7878764], [151.1802396, -33.7875228], [151.1801823, -33.7873899], [151.1801289, -33.787277]], [[151.1801289, -33.787277], [151.1800089, -33.7870383]], [[151.1800089, -33.7870383], [151.1799808, -33.7869851], [151.1798117, -33.7867036], [151.1795811, -33.7863495], [151.1793283, -33.7859969], [151.1789874, -33.7855867], [151.1787, -33.7852893], [151.178589, -33.7851798], [151.1784172, -33.7850299], [151.1782732, -33.7849153], [151.178113, -33.7847977], [151.1779556, -33.7846874]], [[151.1779556, -33.7846874], [151.1778466, -33.784611], [151.1776399, -33.7844849], [151.1771164, -33.7841702], [151.1769785, -33.7840877], [151.1767309, -33.7839401], [151.1765352, -33.7838237], [151.1764843, -33.7837935]], [[151.1764843, -33.7837935], [151.1759974, -33.7835185], [151.1756155, -33.7833166], [151.1733434, -33.7821573], [151.1727183, -33.781814], [151.1723288, -33.7815605], [151.1719669, -33.7812817], [151.1715359, -33.7808988], [151.1713251, -33.7806756], [151.1710201, -33.7803207], [151.1707608, -33.77996], [151.1705418, -33.7796005], [151.1703463, -33.7792134], [151.1701827, -33.778817], [151.170094, -33.7785439], [151.1699956, -33.7781705], [151.1699249, -33.7777531], [151.1698334, -33.7771969]], [[151.1698334, -33.7771969], [151.1698122, -33.7770747], [151.169739, -33.7767539], [151.1696995, -33.7766141], [151.1696789, -33.7765205], [151.1696136, -33.7763587], [151.169479, -33.7760859], [151.1693552, -33.7758868]], [[151.1693552, -33.7758868], [151.1689908, -33.7753231], [151.1687904, -33.7750097], [151.168766, -33.7749701], [151.168598, -33.774698], [151.1685355, -33.7745938], [151.1685118, -33.7745543]], [[151.1685118, -33.7745543], [151.168413, -33.7743981], [151.1683141, -33.774242]], [[151.1683141, -33.774242], [151.1681677, -33.7740262], [151.1681056, -33.7739341]], [[151.1681056, -33.7739341], [151.168021, -33.7738148]], [[151.168021, -33.7738148], [151.1678824, -33.7736336], [151.1668656, -33.772291], [151.1641674, -33.7687461], [151.1634522, -33.7678044], [151.1623778, -33.7664028], [151.1622032, -33.7662104], [151.1620735, -33.7660637]], [[151.1620735, -33.7660637], [151.1619208, -33.765891], [151.1617162, -33.7656456], [151.1615964, -33.7654911], [151.1614714, -33.7653213], [151.1613326, -33.7651231], [151.1612102, -33.7649359], [151.1611118, -33.7647815]], [[151.1611118, -33.7647815], [151.1608334, -33.7643824], [151.1566833, -33.7589211], [151.1564762, -33.7586459]], [[151.1564762, -33.7586459], [151.1562866, -33.7584038], [151.1561785, -33.7582659], [151.1560832, -33.7581509], [151.1559573, -33.7579995], [151.1558366, -33.7578449], [151.1557086, -33.7576853]], [[151.1557086, -33.7576853], [151.1556218, -33.7575629], [151.1554904, -33.7574002]], [[151.1554904, -33.7574002], [151.1554258, -33.7573153], [151.155408, -33.7572914]], [[151.155408, -33.7572914], [151.1553168, -33.7571734], [151.1552604, -33.7571024], [151.1551277, -33.756943], [151.1549711, -33.7567694], [151.1546305, -33.7564144], [151.1544745, -33.7562327], [151.1543471, -33.756061], [151.1542621, -33.7559316], [151.1541151, -33.755693], [151.1540132, -33.755508], [151.1539082, -33.7553179]], [[151.1539082, -33.7553179], [151.1538786, -33.7552642], [151.1537238, -33.7550307], [151.1534781, -33.7547029]], [[151.1534781, -33.7547029], [151.1533185, -33.7545033], [151.1531764, -33.7543171], [151.152833, -33.7538633], [151.1526198, -33.7535979], [151.1523918, -33.7533537], [151.1521357, -33.753124], [151.1518648, -33.7529133], [151.1515711, -33.7527271], [151.1512505, -33.7525565], [151.1509407, -33.7524204], [151.150576, -33.7522966], [151.1499993, -33.7521227], [151.1495741, -33.75198], [151.1492053, -33.7518239], [151.1488526, -33.7516388], [151.1485343, -33.7514282], [151.1482145, -33.7511986], [151.1478577, -33.7508765]]]}}]}